Unnamed: 0.1,bdspencounterid,bdsp_patient_id,date_icd,icd,ICDdsc,diagnosisnm,ICDType,Unnamed: 0
0,13312301914,114734863,2017-06-24 00:00:00.0000000,V58.67,Long-term (current) use of insulin,"Type 2 diabetes mellitus with other circulatory complication, with long-term current use of insulin",ICD9,1.0
1,13583720188,114734863,2022-05-10 00:00:00.0000000,,,Chronic systolic heart failure,ICD9,2.0
2,13331080033,114734863,2017-12-23 00:00:00.0000000,272.2,Mixed hyperlipidemia,Mixed hyperlipidemia,ICD9,3.0
3,13675294643,114734863,2023-08-08 00:00:00.0000000,707.06,"Pressure ulcer, ankle","Decubitus ulcer of left ankle, stage 1",ICD9,4.0
4,13355916717,114734863,2018-10-30 00:00:00.0000000,V58.67,Long-term (current) use of insulin,"Type 2 diabetes mellitus with other circulatory complication, with long-term current use of insulin",ICD9,5.0
5,13599229554,114734863,2022-07-27 00:00:00.0000000,789.59,Other ascites,Abdominal fluid collection,ICD9,6.0
6,13605088575,114734863,2022-09-13 00:00:00.0000000,540.1,Acute appendicitis with peritoneal abscess,Appendiceal abscess,ICD9,7.0
7,13601115702,114734863,2022-08-07 00:00:00.0000000,416.8,Other chronic pulmonary heart diseases,Pulmonary hypertension,ICD9,8.0
8,13482708956,114734863,2020-10-20 00:00:00.0000000,362.04,Mild nonproliferative diabetic retinopathy,"Type 2 diabetes mellitus with both eyes affected by mild nonproliferative retinopathy without macular edema, with long-term current use of insulin",ICD9,9.0
9,13296305671,114734863,2017-04-26 00:00:00.0000000,414.00,"Coronary atherosclerosis of unspecified type of vessel, native or graft",Chronic coronary artery disease,ICD9,10.0
10,13482280239,114734863,2020-10-18 00:00:00.0000000,250.40,"Diabetes with renal manifestations, type II or unspecified type, not stated as uncontrolled",Diabetic nephropathy associated with type 2 diabetes mellitus,ICD9,11.0
11,13579282929,114734863,2022-10-18 00:00:00.0000000,540.1,Acute appendicitis with peritoneal abscess,Appendiceal abscess,ICD9,12.0
12,13408114370,114734863,2019-06-18 00:00:00.0000000,799.9,Other unknown and unspecified cause of morbidity and mortality,Diagnosis unknown,ICD9,13.0
13,13371771259,114734863,2018-12-19 00:00:00.0000000,433.30,Occlusion and stenosis of multiple and bilateral precerebral arteries without mention of cerebral infarction,Bilateral carotid artery stenosis,ICD9,14.0
14,13400491185,114734863,2019-10-07 00:00:00.0000000,,,"Chronic kidney disease, stage III (moderate)",ICD9,15.0
15,13670456408,114734863,2023-07-15 00:00:00.0000000,428.9,"Heart failure, unspecified","Heart failure with preserved ejection fraction, unspecified HF chronicity",ICD9,16.0
16,13332960889,114734863,2018-02-06 00:00:00.0000000,,,"Chronic kidney disease, stage III (moderate)",ICD9,17.0
17,13668930046,114734863,2023-07-08 00:00:00.0000000,V49.62,Other finger(s) amputation status,History of surgical amputation of finger of left hand,ICD9,18.0
18,13599695903,114734863,2022-08-07 00:00:00.0000000,362.04,Mild nonproliferative diabetic retinopathy,"Type 2 diabetes mellitus with right eye affected by mild nonproliferative retinopathy without macular edema, with long-term current use of insulin",ICD9,19.0
19,13461438872,114734863,2020-12-08 00:00:00.0000000,V58.67,Long-term (current) use of insulin,"Type 2 diabetes mellitus with both eyes affected by mild nonproliferative retinopathy without macular edema, with long-term current use of insulin",ICD9,20.0
20,13400491185,114734863,2019-10-07 00:00:00.0000000,416.8,Other chronic pulmonary heart diseases,Pulmonary hypertension,ICD9,21.0
21,13482280239,114734863,2020-10-18 00:00:00.0000000,583.81,"Nephritis and nephropathy, not specified as acute or chronic, in diseases classified elsewhere",Diabetic nephropathy associated with type 2 diabetes mellitus,ICD9,22.0
22,13527048173,114734863,2021-07-31 00:00:00.0000000,365.12,Low tension open-angle glaucoma,"Low-tension glaucoma of left eye, severe stage",ICD9,23.0
23,13454233610,114734863,2020-05-02 00:00:00.0000000,414.01,Coronary atherosclerosis of native coronary artery,"Atherosclerosis of coronary artery of native heart, angina presence unspecified, unspecified vessel or lesion type",ICD9,24.0
24,13666663225,114734863,2023-06-24 00:00:00.0000000,790.95,Elevated C-reactive protein (CRP),CRP elevated,ICD9,25.0
25,13345288319,114734863,2018-06-05 00:00:00.0000000,250.40,"Diabetes with renal manifestations, type II or unspecified type, not stated as uncontrolled",Diabetic nephropathy associated with type 2 diabetes mellitus,ICD9,26.0
26,13379353862,114734863,2018-11-12 00:00:00.0000000,,,"Chronic kidney disease, stage III (moderate)",ICD9,27.0
27,13669929030,114734863,2023-07-19 00:00:00.0000000,797,Senility without mention of psychosis,Frailty,ICD9,28.0
28,13372148462,114734863,2018-09-16 00:00:00.0000000,272.0,Pure hypercholesterolemia,Pure hypercholesterolemia,ICD9,29.0
29,13507213825,114734863,2021-04-13 00:00:00.0000000,,,Health care maintenance,ICD9,30.0
30,13447958363,114734863,2020-04-28 00:00:00.0000000,414.00,"Coronary atherosclerosis of unspecified type of vessel, native or graft",Chronic coronary artery disease,ICD9,31.0
31,13563731299,114734863,2022-03-29 00:00:00.0000000,,,Obstructive sleep apnea syndrome,ICD9,32.0
32,13301243717,114734863,2016-12-27 00:00:00.0000000,,,"Carotid stenosis, unspecified laterality",ICD9,33.0
33,13558375868,114734863,2022-01-01 00:00:00.0000000,403.90,"Hypertensive chronic kidney disease, unspecified, with chronic kidney disease stage I through stage IV, or unspecified",Hypertension with renal disease,ICD9,34.0
34,13498424316,114734863,2021-02-27 00:00:00.0000000,365.73,Severe stage glaucoma,"Low-tension glaucoma of left eye, severe stage",ICD9,35.0
35,13465207021,114734863,2020-07-01 00:00:00.0000000,394.2,Mitral stenosis with insufficiency,Nonrheumatic mitral valve stenosis with insufficiency,ICD9,36.0
36,13400472441,114734863,2019-10-07 00:00:00.0000000,416.8,Other chronic pulmonary heart diseases,Pulmonary hypertension,ICD9,37.0
37,13507213825,114734863,2021-04-13 00:00:00.0000000,428.32,Chronic diastolic heart failure,Chronic diastolic (congestive) heart failure,ICD9,38.0
38,13640676782,114734863,2023-02-18 00:00:00.0000000,428.43,Acute on chronic combined systolic and diastolic heart failure,Acute on chronic combined systolic and diastolic congestive heart failure,ICD9,39.0
39,13599695903,114734863,2022-08-07 00:00:00.0000000,V15.88,History of fall,At risk for falls,ICD9,40.0
40,13379353862,114734863,2018-11-12 00:00:00.0000000,272.2,Mixed hyperlipidemia,Mixed hyperlipidemia,ICD9,41.0
41,13331080033,114734863,2017-12-23 00:00:00.0000000,,,Dyspnea on exertion,ICD9,42.0
42,13666918245,114734863,2023-06-25 00:00:00.0000000,428.43,Acute on chronic combined systolic and diastolic heart failure,Acute on chronic combined systolic and diastolic congestive heart failure,ICD9,43.0
43,13661865777,114734863,2023-06-05 00:00:00.0000000,079.89,Other specified viral infection,COVID-19,ICD9,44.0
44,13306436556,114734863,2017-08-07 00:00:00.0000000,416.8,Other chronic pulmonary heart diseases,Pulmonary hypertension,ICD9,45.0
45,13427599859,114734863,2020-04-28 00:00:00.0000000,404.90,"Hypertensive heart and chronic kidney disease, unspecified, without heart failure and with chronic kidney disease stage I through stage IV, or unspecified",Cardiorenal syndrome with renal failure,ICD9,46.0
46,13535973488,114734863,2021-09-18 00:00:00.0000000,583.81,"Nephritis and nephropathy, not specified as acute or chronic, in diseases classified elsewhere",Diabetic nephropathy associated with type 2 diabetes mellitus,ICD9,47.0
47,13353196772,114734863,2018-10-23 00:00:00.0000000,394.2,Mitral stenosis with insufficiency,"Mitral stenosis with insufficiency, unspecified etiology",ICD9,48.0
48,13667235864,114734863,2023-06-27 00:00:00.0000000,V65.49,Other specified counseling,"Goals of care, counseling/discussion",ICD9,49.0
49,13355916717,114734863,2018-10-30 00:00:00.0000000,433.30,Occlusion and stenosis of multiple and bilateral precerebral arteries without mention of cerebral infarction,Bilateral carotid artery stenosis,ICD9,50.0
50,13353612994,114734863,2018-10-23 00:00:00.0000000,365.12,Low tension open-angle glaucoma,"Low tension glaucoma of right eye, moderate stage",ICD9,51.0
51,13675294643,114734863,2023-08-08 00:00:00.0000000,V49.62,Other finger(s) amputation status,History of surgical amputation of finger of left hand,ICD9,52.0
52,13387123432,114734863,2019-01-12 00:00:00.0000000,401.9,Unspecified essential hypertension,High blood pressure,ICD9,53.0
53,13658468540,114734863,2023-05-21 00:00:00.0000000,V65.49,Other specified counseling,"Goals of care, counseling/discussion",ICD9,54.0
54,13372264424,114734863,2018-09-18 00:00:00.0000000,,,Obstructive sleep apnea syndrome,ICD9,55.0
55,13364099521,114734863,2018-07-11 00:00:00.0000000,401.9,Unspecified essential hypertension,Essential hypertension,ICD9,56.0
56,13611854936,114734863,2022-10-02 00:00:00.0000000,540.1,Acute appendicitis with peritoneal abscess,Appendiceal abscess,ICD9,57.0
57,13379546579,114734863,2018-12-16 00:00:00.0000000,786.05,Shortness of breath,Shortness of breath,ICD9,58.0
58,13590480422,114734863,2022-06-13 00:00:00.0000000,789.59,Other ascites,Abdominal fluid collection,ICD9,59.0
59,13340015772,114734863,2017-12-23 00:00:00.0000000,519.4,Disorders of diaphragm,Hemidiaphragm paralysis,ICD9,60.0
60,13507522963,114734863,2021-04-13 00:00:00.0000000,278.01,Morbid obesity,Morbid obesity due to excess calories,ICD9,61.0
61,13453854995,114734863,2020-10-20 00:00:00.0000000,583.81,"Nephritis and nephropathy, not specified as acute or chronic, in diseases classified elsewhere",Diabetic nephropathy associated with type 2 diabetes mellitus,ICD9,62.0
62,13499703358,114734863,2021-02-27 00:00:00.0000000,583.81,"Nephritis and nephropathy, not specified as acute or chronic, in diseases classified elsewhere",Diabetic nephropathy associated with type 2 diabetes mellitus,ICD9,63.0
63,13616507083,114734863,2022-11-01 00:00:00.0000000,394.2,Mitral stenosis with insufficiency,Nonrheumatic mitral valve stenosis with insufficiency,ICD9,64.0
64,13558375868,114734863,2022-01-01 00:00:00.0000000,250.40,"Diabetes with renal manifestations, type II or unspecified type, not stated as uncontrolled",Diabetic nephropathy associated with type 2 diabetes mellitus,ICD9,65.0
65,13400494805,114734863,2019-04-23 00:00:00.0000000,433.30,Occlusion and stenosis of multiple and bilateral precerebral arteries without mention of cerebral infarction,Bilateral carotid artery stenosis,ICD9,66.0
66,13651517628,114734863,2023-04-16 00:00:00.0000000,V55.5,Attention to cystostomy,Encounter for care or replacement of suprapubic tube,ICD9,67.0
67,13640677282,114734863,2023-02-19 00:00:00.0000000,428.9,"Heart failure, unspecified",Chronic heart failure with preserved ejection fraction,ICD9,68.0
68,13643373783,114734863,2023-03-04 00:00:00.0000000,,,Other forms of dyspnea,ICD9,69.0
69,13599695903,114734863,2022-08-07 00:00:00.0000000,,,Stage 3b chronic kidney disease,ICD9,70.0
70,13353612319,114734863,2018-07-21 00:00:00.0000000,362.04,Mild nonproliferative diabetic retinopathy,"Type 2 diabetes mellitus with both eyes affected by mild nonproliferative retinopathy without macular edema, with long-term current use of insulin",ICD9,71.0
71,13535973488,114734863,2021-09-18 00:00:00.0000000,403.90,"Hypertensive chronic kidney disease, unspecified, with chronic kidney disease stage I through stage IV, or unspecified",Hypertension with renal disease,ICD9,72.0
72,13482708956,114734863,2020-10-20 00:00:00.0000000,414.00,"Coronary atherosclerosis of unspecified type of vessel, native or graft",Chronic coronary artery disease,ICD9,73.0
73,13593916108,114734863,2022-06-29 00:00:00.0000000,788.20,"Retention of urine, unspecified",Urinary retention,ICD9,74.0
74,13376715876,114734863,2019-04-23 00:00:00.0000000,,,"Chronic kidney disease, stage III (moderate)",ICD9,75.0
75,13499701691,114734863,2022-01-01 00:00:00.0000000,365.12,Low tension open-angle glaucoma,"Low-tension glaucoma of left eye, severe stage",ICD9,76.0
76,13579282929,114734863,2022-10-18 00:00:00.0000000,404.90,"Hypertensive heart and chronic kidney disease, unspecified, without heart failure and with chronic kidney disease stage I through stage IV, or unspecified",Cardiorenal syndrome with renal failure,ICD9,77.0
77,13534292389,114734863,2021-09-10 00:00:00.0000000,V03.89,,Encounter for immunization,ICD9,78.0
78,13540686435,114734863,2021-10-12 00:00:00.0000000,414.01,Coronary atherosclerosis of native coronary artery,Atherosclerosis of native coronary artery of native heart without angina pectoris,ICD9,79.0
79,13651517628,114734863,2023-04-16 00:00:00.0000000,715.96,"Osteoarthrosis, unspecified whether generalized or localized, lower leg","Osteoarthritis of left knee, unspecified osteoarthritis type",ICD9,80.0
80,13354403321,114734863,2018-04-28 00:00:00.0000000,427.31,Atrial fibrillation,"Atrial fibrillation, unspecified type",ICD9,81.0
81,13327805306,114734863,2017-09-05 00:00:00.0000000,,,Dyspnea on exertion,ICD9,82.0
82,13614175712,114734863,2022-10-15 00:00:00.0000000,540.1,Acute appendicitis with peritoneal abscess,Appendiceal abscess,ICD9,83.0
83,13540686435,114734863,2021-10-12 00:00:00.0000000,362.04,Mild nonproliferative diabetic retinopathy,"Type 2 diabetes mellitus with both eyes affected by mild nonproliferative retinopathy without macular edema, with long-term current use of insulin",ICD9,84.0
84,13405204287,114734863,2019-10-07 00:00:00.0000000,362.04,Mild nonproliferative diabetic retinopathy,"Type 2 diabetes mellitus with both eyes affected by mild nonproliferative retinopathy without macular edema, with long-term current use of insulin",ICD9,85.0
85,13482709793,114734863,2021-02-06 00:00:00.0000000,530.81,Esophageal reflux,"Gastroesophageal reflux disease, esophagitis presence not specified",ICD9,86.0
86,13552068499,114734863,2021-12-04 00:00:00.0000000,250.70,,"Type 2 diabetes mellitus with other circulatory complication, with long-term current use of insulin",ICD9,87.0
87,13563027403,114734863,2022-05-10 00:00:00.0000000,362.04,Mild nonproliferative diabetic retinopathy,"Type 2 diabetes mellitus with right eye affected by mild nonproliferative retinopathy without macular edema, with long-term current use of insulin",ICD9,88.0
88,13482627158,114734863,2021-04-24 00:00:00.0000000,583.81,"Nephritis and nephropathy, not specified as acute or chronic, in diseases classified elsewhere",Diabetic nephropathy associated with type 2 diabetes mellitus,ICD9,89.0
89,13371771292,114734863,2018-12-19 00:00:00.0000000,433.30,Occlusion and stenosis of multiple and bilateral precerebral arteries without mention of cerebral infarction,Bilateral carotid artery stenosis,ICD9,90.0
90,13355930663,114734863,2018-05-15 00:00:00.0000000,,,"Chronic kidney disease, stage III (moderate)",ICD9,91.0
91,13527048173,114734863,2021-07-31 00:00:00.0000000,365.72,Moderate stage glaucoma,"Low tension glaucoma of right eye, moderate stage",ICD9,92.0
92,13334499889,114734863,2018-01-03 00:00:00.0000000,414.01,Coronary atherosclerosis of native coronary artery,"Coronary artery disease involving native coronary artery, angina presence unspecified, unspecified whether native or transplanted heart",ICD9,93.0
93,13632256866,114734863,2023-01-17 00:00:00.0000000,719.54,"Stiffness of joint, not elsewhere classified, hand","Stiffness of joint, hand, right",ICD9,94.0
94,13377635945,114734863,2019-04-23 00:00:00.0000000,416.8,Other chronic pulmonary heart diseases,Pulmonary hypertension,ICD9,95.0
95,13465207021,114734863,2020-07-01 00:00:00.0000000,V58.67,Long-term (current) use of insulin,"Type 2 diabetes mellitus with both eyes affected by mild nonproliferative retinopathy without macular edema, with long-term current use of insulin",ICD9,96.0
96,13612254576,114734863,2022-10-10 00:00:00.0000000,788.20,"Retention of urine, unspecified",Benign prostatic hyperplasia with urinary retention,ICD9,97.0
97,13617700114,114734863,2022-11-06 00:00:00.0000000,,,Dyspnea on exertion,ICD9,98.0
98,13372444041,114734863,2019-01-22 00:00:00.0000000,401.9,Unspecified essential hypertension,Essential hypertension,ICD9,99.0
99,13611977498,114734863,2022-10-02 00:00:00.0000000,540.1,Acute appendicitis with peritoneal abscess,Appendiceal abscess,ICD9,100.0
100,13447958363,114734863,2020-04-28 00:00:00.0000000,,,"Chronic kidney disease, stage III (moderate)",ICD9,101.0
101,13355925412,114734863,2018-05-07 00:00:00.0000000,272.2,Mixed hyperlipidemia,Mixed hyperlipidemia,ICD9,102.0
102,13346791472,114734863,2018-04-21 00:00:00.0000000,365.12,Low tension open-angle glaucoma,"Low tension glaucoma of right eye, moderate stage",ICD9,103.0
103,13319412028,114734863,2017-06-17 00:00:00.0000000,272.0,Pure hypercholesterolemia,Pure hypercholesterolemia,ICD9,104.0
104,13445872317,114734863,2020-03-08 00:00:00.0000000,,,Severe persistent asthma without complication,ICD9,105.0
105,13620267968,114734863,2023-04-01 00:00:00.0000000,V58.67,Long-term (current) use of insulin,"Type 2 diabetes mellitus with right eye affected by mild nonproliferative retinopathy without macular edema, with long-term current use of insulin",ICD9,106.0
106,13498424316,114734863,2021-02-27 00:00:00.0000000,365.12,Low tension open-angle glaucoma,"Low tension glaucoma of right eye, moderate stage",ICD9,107.0
107,13353612994,114734863,2018-10-23 00:00:00.0000000,365.73,Severe stage glaucoma,"Low tension glaucoma of left eye, severe stage",ICD9,108.0
108,13447958363,114734863,2020-04-28 00:00:00.0000000,V58.67,Long-term (current) use of insulin,"Type 2 diabetes mellitus with both eyes affected by mild nonproliferative retinopathy without macular edema, with long-term current use of insulin",ICD9,109.0
109,13296305671,114734863,2017-04-26 00:00:00.0000000,250.70,,Type 2 diabetes mellitus with other circulatory complications,ICD9,110.0
110,13375397253,114734863,2018-10-13 00:00:00.0000000,,,"CKD (chronic kidney disease) stage 3, GFR 30-59 ml/min",ICD9,111.0
111,13615443994,114734863,2022-10-19 00:00:00.0000000,,,"Decubitus ulcer of sacral region, stage 1",ICD9,112.0
112,13507522963,114734863,2021-04-13 00:00:00.0000000,583.81,"Nephritis and nephropathy, not specified as acute or chronic, in diseases classified elsewhere",Diabetic nephropathy associated with type 2 diabetes mellitus,ICD9,113.0
113,13401808896,114734863,2019-11-05 00:00:00.0000000,,,"CKD (chronic kidney disease) stage 3, GFR 30-59 ml/min",ICD9,114.0
114,13329201477,114734863,2017-10-23 00:00:00.0000000,404.90,"Hypertensive heart and chronic kidney disease, unspecified, without heart failure and with chronic kidney disease stage I through stage IV, or unspecified",Cardiorenal syndrome with renal failure,ICD9,115.0
115,13379546579,114734863,2018-12-16 00:00:00.0000000,,,Cough,ICD9,116.0
116,13530186202,114734863,2021-09-18 00:00:00.0000000,365.12,Low tension open-angle glaucoma,"Low tension glaucoma of right eye, moderate stage",ICD9,117.0
117,13357369396,114734863,2018-05-20 00:00:00.0000000,799.9,Other unknown and unspecified cause of morbidity and mortality,Diagnosis unknown,ICD9,118.0
118,13415795270,114734863,2020-02-24 00:00:00.0000000,416.8,Other chronic pulmonary heart diseases,Pulmonary hypertension,ICD9,119.0
119,13408469069,114734863,2019-06-22 00:00:00.0000000,404.90,"Hypertensive heart and chronic kidney disease, unspecified, without heart failure and with chronic kidney disease stage I through stage IV, or unspecified",Cardiorenal syndrome with renal failure,ICD9,120.0
120,13339987805,114734863,2018-05-07 00:00:00.0000000,250.70,,"Type 2 diabetes mellitus with other circulatory complication, with long-term current use of insulin",ICD9,121.0
121,13355925412,114734863,2018-05-07 00:00:00.0000000,278.01,Morbid obesity,Morbid obesity due to excess calories,ICD9,122.0
122,13329236305,114734863,2017-10-17 00:00:00.0000000,272.2,Mixed hyperlipidemia,Mixed hyperlipidemia,ICD9,123.0
123,13507518489,114734863,2021-10-12 00:00:00.0000000,428.32,Chronic diastolic heart failure,Chronic diastolic (congestive) heart failure,ICD9,124.0
124,13306423676,114734863,2017-02-05 00:00:00.0000000,,,Dyspnea,ICD9,125.0
125,13634914353,114734863,2023-01-21 00:00:00.0000000,707.06,"Pressure ulcer, ankle","Pressure injury of skin of left ankle, unspecified injury stage",ICD9,126.0
126,13507522963,114734863,2021-04-13 00:00:00.0000000,433.30,Occlusion and stenosis of multiple and bilateral precerebral arteries without mention of cerebral infarction,Bilateral carotid artery stenosis,ICD9,127.0
127,13499703358,114734863,2021-02-27 00:00:00.0000000,404.90,"Hypertensive heart and chronic kidney disease, unspecified, without heart failure and with chronic kidney disease stage I through stage IV, or unspecified",Cardiorenal syndrome with renal failure,ICD9,128.0
128,13408077474,114734863,2019-06-18 00:00:00.0000000,365.12,Low tension open-angle glaucoma,"Low tension glaucoma of right eye, moderate stage",ICD9,129.0
129,13355925412,114734863,2018-05-07 00:00:00.0000000,,,Dyspnea on exertion,ICD9,130.0
130,13346620868,114734863,2018-02-19 00:00:00.0000000,365.12,Low tension open-angle glaucoma,"Low-tension glaucoma of both eyes, moderate stage",ICD9,131.0
131,13599695903,114734863,2022-08-07 00:00:00.0000000,600.91,,Urinary retention due to benign prostatic hyperplasia,ICD9,132.0
132,13305500656,114734863,2017-05-23 00:00:00.0000000,786.05,Shortness of breath,Shortness of breath,ICD9,133.0
133,13620267968,114734863,2023-04-01 00:00:00.0000000,362.04,Mild nonproliferative diabetic retinopathy,"Type 2 diabetes mellitus with right eye affected by mild nonproliferative retinopathy without macular edema, with long-term current use of insulin",ICD9,134.0
134,13609581525,114734863,2022-09-19 00:00:00.0000000,362.04,Mild nonproliferative diabetic retinopathy,"Type 2 diabetes mellitus with right eye affected by mild nonproliferative retinopathy without macular edema, with long-term current use of insulin",ICD9,135.0
135,13445808437,114734863,2020-03-09 00:00:00.0000000,V58.67,Long-term (current) use of insulin,"Type 2 diabetes mellitus with both eyes affected by mild nonproliferative retinopathy without macular edema, with long-term current use of insulin",ICD9,136.0
136,13482708956,114734863,2020-10-20 00:00:00.0000000,,,Proliferative diabetic retinopathy of left eye without macular edema associated with type 2 diabetes mellitus,ICD9,137.0
137,13392953340,114734863,2019-02-24 00:00:00.0000000,404.90,"Hypertensive heart and chronic kidney disease, unspecified, without heart failure and with chronic kidney disease stage I through stage IV, or unspecified",Cardiorenal syndrome with renal failure,ICD9,138.0
138,13400472441,114734863,2019-10-07 00:00:00.0000000,433.30,Occlusion and stenosis of multiple and bilateral precerebral arteries without mention of cerebral infarction,Bilateral carotid artery stenosis,ICD9,139.0
139,13620265240,114734863,2023-02-18 00:00:00.0000000,427.31,Atrial fibrillation,Paroxysmal atrial fibrillation,ICD9,140.0
140,13465207021,114734863,2020-07-01 00:00:00.0000000,416.8,Other chronic pulmonary heart diseases,Pulmonary hypertension,ICD9,141.0
141,13365977708,114734863,2018-11-14 00:00:00.0000000,428.9,"Heart failure, unspecified",(HFpEF) heart failure with preserved ejection fraction,ICD9,142.0
142,13658468540,114734863,2023-05-21 00:00:00.0000000,780.93,Memory loss,Memory impairment,ICD9,143.0
143,13331080033,114734863,2017-12-23 00:00:00.0000000,,,Health care maintenance,ICD9,144.0
144,13617700114,114734863,2022-11-06 00:00:00.0000000,,,Cognitive impairment,ICD9,145.0
145,13507213825,114734863,2021-04-13 00:00:00.0000000,,,"Chronic kidney disease, stage III (moderate)",ICD9,146.0
146,13658468540,114734863,2023-05-21 00:00:00.0000000,707.9,Chronic ulcer of unspecified site,"Skin ulcer, limited to breakdown of skin",ICD9,147.0
147,13391206830,114734863,2019-02-12 00:00:00.0000000,403.90,"Hypertensive chronic kidney disease, unspecified, with chronic kidney disease stage I through stage IV, or unspecified",Hypertension with renal disease,ICD9,148.0
148,13355916717,114734863,2018-10-30 00:00:00.0000000,414.01,Coronary atherosclerosis of native coronary artery,"Coronary artery disease involving native coronary artery, angina presence unspecified, unspecified whether native or transplanted heart",ICD9,149.0
149,13613676742,114734863,2022-11-14 00:00:00.0000000,799.3,"Debility, unspecified",Physical deconditioning,ICD9,150.0
150,13558375868,114734863,2022-01-01 00:00:00.0000000,583.81,"Nephritis and nephropathy, not specified as acute or chronic, in diseases classified elsewhere",Diabetic nephropathy associated with type 2 diabetes mellitus,ICD9,151.0
151,13364176388,114734863,2018-07-11 00:00:00.0000000,,,"CKD (chronic kidney disease) stage 3, GFR 30-59 ml/min",ICD9,152.0
152,13346791472,114734863,2018-04-21 00:00:00.0000000,365.72,Moderate stage glaucoma,"Low tension glaucoma of right eye, moderate stage",ICD9,153.0
153,13507518489,114734863,2021-10-12 00:00:00.0000000,,,Obstructive sleep apnea syndrome,ICD9,154.0
154,13447958363,114734863,2020-04-28 00:00:00.0000000,278.01,Morbid obesity,Morbid obesity due to excess calories,ICD9,155.0
155,13345288319,114734863,2018-06-05 00:00:00.0000000,583.81,"Nephritis and nephropathy, not specified as acute or chronic, in diseases classified elsewhere",Diabetic nephropathy associated with type 2 diabetes mellitus,ICD9,156.0
156,13583693221,114734863,2022-11-12 00:00:00.0000000,428.32,Chronic diastolic heart failure,Chronic diastolic (congestive) heart failure,ICD9,157.0
157,13453838843,114734863,2020-10-20 00:00:00.0000000,416.8,Other chronic pulmonary heart diseases,Pulmonary hypertension,ICD9,158.0
158,13507213825,114734863,2021-04-13 00:00:00.0000000,416.8,Other chronic pulmonary heart diseases,Pulmonary hypertension,ICD9,159.0
159,13327829854,114734863,2017-09-05 00:00:00.0000000,786.05,Shortness of breath,Shortness of breath,ICD9,160.0
160,13355925412,114734863,2018-05-07 00:00:00.0000000,401.9,Unspecified essential hypertension,Essential hypertension,ICD9,161.0
161,13590432523,114734863,2022-06-13 00:00:00.0000000,,,Dyspnea on exertion,ICD9,162.0
162,13339987805,114734863,2018-05-07 00:00:00.0000000,416.8,Other chronic pulmonary heart diseases,Pulmonary hypertension,ICD9,163.0
163,13543676751,114734863,2022-04-19 00:00:00.0000000,,,Stage 3b chronic kidney disease,ICD9,164.0
164,13543676751,114734863,2022-04-19 00:00:00.0000000,401.9,Unspecified essential hypertension,Essential hypertension,ICD9,165.0
165,13296562611,114734863,2016-11-30 00:00:00.0000000,278.00,"Obesity, unspecified",Obesity,ICD9,166.0
166,13668930046,114734863,2023-07-08 00:00:00.0000000,707.06,"Pressure ulcer, ankle","Decubitus ulcer of left ankle, stage 1",ICD9,167.0
167,13507518489,114734863,2021-10-12 00:00:00.0000000,,,Health care maintenance,ICD9,168.0
168,13405204287,114734863,2019-10-07 00:00:00.0000000,V58.67,Long-term (current) use of insulin,"Type 2 diabetes mellitus with both eyes affected by mild nonproliferative retinopathy without macular edema, with long-term current use of insulin",ICD9,169.0
169,13355930663,114734863,2018-05-15 00:00:00.0000000,V58.67,Long-term (current) use of insulin,"Type 2 diabetes mellitus with other circulatory complication, with long-term current use of insulin",ICD9,170.0
170,13425496519,114734863,2019-10-22 00:00:00.0000000,428.23,Acute on chronic systolic heart failure,Acute on chronic heart failure with preserved ejection fraction,ICD9,171.0
171,13422734563,114734863,2019-10-07 00:00:00.0000000,428.9,"Heart failure, unspecified",(HFpEF) heart failure with preserved ejection fraction,ICD9,172.0
172,13465207021,114734863,2020-07-01 00:00:00.0000000,519.4,Disorders of diaphragm,Hemidiaphragm paralysis,ICD9,173.0
173,13340015772,114734863,2017-12-23 00:00:00.0000000,278.01,Morbid obesity,Morbid obesity due to excess calories,ICD9,174.0
174,13594935397,114734863,2022-07-05 00:00:00.0000000,584.9,"Acute kidney failure, unspecified","Acute renal failure, unspecified acute renal failure type",ICD9,175.0
175,13388585461,114734863,2019-05-28 00:00:00.0000000,401.9,Unspecified essential hypertension,Essential hypertension,ICD9,176.0
176,13606853883,114734863,2022-09-07 00:00:00.0000000,788.20,"Retention of urine, unspecified",Benign prostatic hyperplasia with urinary retention,ICD9,177.0
177,13644478892,114734863,2023-03-21 00:00:00.0000000,715.36,"Osteoarthrosis, localized, not specified whether primary or secondary, lower leg","Osteoarthritis of knee, unspecified",ICD9,178.0
178,13427600070,114734863,2019-11-05 00:00:00.0000000,,,Congestive heart failure,ICD9,179.0
179,13664880276,114734863,2023-06-17 00:00:00.0000000,707.06,"Pressure ulcer, ankle","Decubitus ulcer of left ankle, stage 2",ICD9,180.0
180,13340015772,114734863,2017-12-23 00:00:00.0000000,401.9,Unspecified essential hypertension,Essential hypertension,ICD9,181.0
181,13495736886,114734863,2021-02-01 00:00:00.0000000,365.12,Low tension open-angle glaucoma,"Low tension glaucoma of right eye, moderate stage",ICD9,182.0
182,13482708956,114734863,2020-10-20 00:00:00.0000000,V58.67,Long-term (current) use of insulin,"Type 2 diabetes mellitus with both eyes affected by mild nonproliferative retinopathy without macular edema, with long-term current use of insulin",ICD9,183.0
183,13435741017,114734863,2019-12-30 00:00:00.0000000,250.70,,"Type 2 diabetes mellitus with other circulatory complication, with long-term current use of insulin",ICD9,184.0
184,13590315407,114734863,2022-06-13 00:00:00.0000000,,,Dyspnea on exertion,ICD9,185.0
185,13339987805,114734863,2018-05-07 00:00:00.0000000,278.01,Morbid obesity,Morbid obesity due to excess calories,ICD9,186.0
186,13507213825,114734863,2021-04-13 00:00:00.0000000,433.30,Occlusion and stenosis of multiple and bilateral precerebral arteries without mention of cerebral infarction,Bilateral carotid artery stenosis,ICD9,187.0
187,13340015772,114734863,2017-12-23 00:00:00.0000000,416.8,Other chronic pulmonary heart diseases,Pulmonary hypertension,ICD9,188.0
188,13507522963,114734863,2021-04-13 00:00:00.0000000,414.00,"Coronary atherosclerosis of unspecified type of vessel, native or graft",Chronic coronary artery disease,ICD9,189.0
189,13340015772,114734863,2017-12-23 00:00:00.0000000,414.01,Coronary atherosclerosis of native coronary artery,"Coronary artery disease involving native coronary artery, angina presence unspecified, unspecified whether native or transplanted heart",ICD9,190.0
190,13507518489,114734863,2021-10-12 00:00:00.0000000,414.01,Coronary atherosclerosis of native coronary artery,Atherosclerosis of native coronary artery of native heart without angina pectoris,ICD9,191.0
191,13354090874,114734863,2018-05-28 00:00:00.0000000,,,Obstructive sleep apnea syndrome,ICD9,192.0
192,13509051573,114734863,2021-10-26 00:00:00.0000000,403.90,"Hypertensive chronic kidney disease, unspecified, with chronic kidney disease stage I through stage IV, or unspecified",Hypertension with renal disease,ICD9,193.0
193,13353612994,114734863,2018-10-23 00:00:00.0000000,365.72,Moderate stage glaucoma,"Low tension glaucoma of right eye, moderate stage",ICD9,194.0
194,13583720188,114734863,2022-05-10 00:00:00.0000000,,,Health care maintenance,ICD9,195.0
195,13400494805,114734863,2019-04-23 00:00:00.0000000,V58.67,Long-term (current) use of insulin,"Type 2 diabetes mellitus with other circulatory complication, with long-term current use of insulin",ICD9,196.0
196,13392953340,114734863,2019-02-24 00:00:00.0000000,,,"CKD (chronic kidney disease) stage 3, GFR 30-59 ml/min",ICD9,197.0
197,13376715876,114734863,2019-04-23 00:00:00.0000000,519.4,Disorders of diaphragm,Hemidiaphragm paralysis,ICD9,198.0
198,13482708956,114734863,2020-10-20 00:00:00.0000000,,,Health care maintenance,ICD9,199.0
199,13408065123,114734863,2019-06-18 00:00:00.0000000,365.12,Low tension open-angle glaucoma,"Low tension glaucoma of right eye, moderate stage",ICD9,200.0
200,13327829854,114734863,2017-09-05 00:00:00.0000000,585.9,"Chronic kidney disease, unspecified","CKD (chronic kidney disease), unspecified stage",ICD9,201.0
201,13339987805,114734863,2018-05-07 00:00:00.0000000,433.30,Occlusion and stenosis of multiple and bilateral precerebral arteries without mention of cerebral infarction,Bilateral carotid artery stenosis,ICD9,202.0
202,13622254413,114734863,2022-11-21 00:00:00.0000000,V72.63,Pre-procedural laboratory examination,Pre-procedure lab exam,ICD9,203.0
203,13377635945,114734863,2019-04-23 00:00:00.0000000,433.30,Occlusion and stenosis of multiple and bilateral precerebral arteries without mention of cerebral infarction,Bilateral carotid artery stenosis,ICD9,204.0
204,13297392605,114734863,2016-11-09 00:00:00.0000000,V65.9,Unspecified reason for consultation,Encounter for consultation,ICD9,205.0
205,13320942402,114734863,2017-07-02 00:00:00.0000000,272.0,Pure hypercholesterolemia,Pure hypercholesterolemia,ICD9,206.0
206,13305500656,114734863,2017-05-23 00:00:00.0000000,401.9,Unspecified essential hypertension,Essential hypertension,ICD9,207.0
207,13564275114,114734863,2022-01-30 00:00:00.0000000,272.0,Pure hypercholesterolemia,Pure hypercholesterolemia,ICD9,208.0
208,13540686435,114734863,2021-10-12 00:00:00.0000000,,,Health care maintenance,ICD9,209.0
209,13594573845,114734863,2022-07-03 00:00:00.0000000,789.59,Other ascites,Abdominal fluid collection,ICD9,210.0
210,13376715876,114734863,2019-04-23 00:00:00.0000000,416.8,Other chronic pulmonary heart diseases,Pulmonary hypertension,ICD9,211.0
211,13621126298,114734863,2022-11-16 00:00:00.0000000,707.06,"Pressure ulcer, ankle","Pressure injury of left ankle, unstageable",ICD9,212.0
212,13482708956,114734863,2020-10-20 00:00:00.0000000,438.22,"Late effects of cerebrovascular disease, hemiplegia affecting nondominant side",Hemiplegia and hemiparesis following cerebral infarction affecting left non-dominant side,ICD9,213.0
213,13507213825,114734863,2021-04-13 00:00:00.0000000,,,Obstructive sleep apnea syndrome,ICD9,214.0
214,13327829854,114734863,2017-09-05 00:00:00.0000000,,,Elevated troponin,ICD9,215.0
215,13618730605,114734863,2022-11-05 00:00:00.0000000,787.91,Diarrhea,"Diarrhea, unspecified type",ICD9,216.0
216,13292421749,114734863,2016-10-09 00:00:00.0000000,,,Chronic disease education,ICD9,217.0
217,13665407065,114734863,2023-06-20 00:00:00.0000000,,,"Deformity of hand, unspecified laterality",ICD9,218.0
218,13498424316,114734863,2021-02-27 00:00:00.0000000,365.12,Low tension open-angle glaucoma,"Low-tension glaucoma of left eye, severe stage",ICD9,219.0
219,13364099521,114734863,2018-07-11 00:00:00.0000000,,,Congestive heart failure,ICD9,220.0
220,13377635945,114734863,2019-04-23 00:00:00.0000000,394.2,Mitral stenosis with insufficiency,"Mitral stenosis with insufficiency, unspecified etiology",ICD9,221.0
221,13482709793,114734863,2021-02-06 00:00:00.0000000,362.04,Mild nonproliferative diabetic retinopathy,"Type 2 diabetes mellitus with both eyes affected by mild nonproliferative retinopathy without macular edema, with long-term current use of insulin",ICD9,222.0
222,13372334663,114734863,2018-10-16 00:00:00.0000000,250.40,"Diabetes with renal manifestations, type II or unspecified type, not stated as uncontrolled",Diabetic nephropathy associated with type 2 diabetes mellitus,ICD9,223.0
223,13507522963,114734863,2021-04-13 00:00:00.0000000,,,Health care maintenance,ICD9,224.0
224,13563731299,114734863,2022-03-29 00:00:00.0000000,,,Chronic systolic congestive heart failure,ICD9,225.0
225,13552068499,114734863,2021-12-04 00:00:00.0000000,V58.67,Long-term (current) use of insulin,"Type 2 diabetes mellitus with other circulatory complication, with long-term current use of insulin",ICD9,226.0
226,13379353862,114734863,2018-11-12 00:00:00.0000000,404.90,"Hypertensive heart and chronic kidney disease, unspecified, without heart failure and with chronic kidney disease stage I through stage IV, or unspecified",Cardiorenal syndrome with renal failure,ICD9,227.0
227,13400491185,114734863,2019-10-07 00:00:00.0000000,,,Obstructive sleep apnea syndrome,ICD9,228.0
228,13388023851,114734863,2019-04-09 00:00:00.0000000,365.12,Low tension open-angle glaucoma,"Low-tension glaucoma of right eye, moderate stage",ICD9,229.0
229,13611977498,114734863,2022-10-02 00:00:00.0000000,428.32,Chronic diastolic heart failure,Chronic diastolic (congestive) heart failure,ICD9,230.0
230,13379700774,114734863,2019-02-13 00:00:00.0000000,799.9,Other unknown and unspecified cause of morbidity and mortality,Diagnosis unknown,ICD9,231.0
231,13376715876,114734863,2019-04-23 00:00:00.0000000,401.9,Unspecified essential hypertension,Essential hypertension,ICD9,232.0
232,13606325309,114734863,2022-09-04 00:00:00.0000000,540.1,Acute appendicitis with peritoneal abscess,Appendiceal abscess,ICD9,233.0
233,13482280239,114734863,2020-10-18 00:00:00.0000000,404.90,"Hypertensive heart and chronic kidney disease, unspecified, without heart failure and with chronic kidney disease stage I through stage IV, or unspecified",Cardiorenal syndrome with renal failure,ICD9,234.0
234,13408463535,114734863,2020-07-01 00:00:00.0000000,362.04,Mild nonproliferative diabetic retinopathy,"Type 2 diabetes mellitus with right eye affected by mild nonproliferative retinopathy without macular edema, with long-term current use of insulin",ICD9,235.0
235,13400494805,114734863,2019-04-23 00:00:00.0000000,428.33,Acute on chronic diastolic heart failure,Acute on chronic diastolic congestive heart failure,ICD9,236.0
236,13530186202,114734863,2021-09-18 00:00:00.0000000,365.72,Moderate stage glaucoma,"Low tension glaucoma of right eye, moderate stage",ICD9,237.0
237,13487679021,114734863,2020-12-02 00:00:00.0000000,530.81,Esophageal reflux,Gastroesophageal reflux disease,ICD9,238.0
238,13388585461,114734863,2019-05-28 00:00:00.0000000,,,"CKD (chronic kidney disease) stage 3, GFR 30-59 ml/min",ICD9,239.0
239,13447958363,114734863,2020-04-28 00:00:00.0000000,433.30,Occlusion and stenosis of multiple and bilateral precerebral arteries without mention of cerebral infarction,Bilateral carotid artery stenosis,ICD9,240.0
240,13408880612,114734863,2019-06-24 00:00:00.0000000,362.04,Mild nonproliferative diabetic retinopathy,Mild nonproliferative diabetic retinopathy of right eye with macular edema associated with type 2 diabetes mellitus,ICD9,241.0
241,13540684535,114734863,2022-05-10 00:00:00.0000000,,,Obstructive sleep apnea syndrome,ICD9,242.0
242,13355916717,114734863,2018-10-30 00:00:00.0000000,278.01,Morbid obesity,Morbid obesity due to excess calories,ICD9,243.0
243,13355916717,114734863,2018-10-30 00:00:00.0000000,786.05,Shortness of breath,Shortness of breath,ICD9,244.0
244,13340015772,114734863,2017-12-23 00:00:00.0000000,,,"Chronic kidney disease, stage III (moderate)",ICD9,245.0
245,13340015772,114734863,2017-12-23 00:00:00.0000000,394.2,Mitral stenosis with insufficiency,Nonrheumatic mitral valve stenosis with insufficiency,ICD9,246.0
246,13358380171,114734863,2018-05-28 00:00:00.0000000,,,Cough,ICD9,247.0
247,13516566349,114734863,2021-10-05 00:00:00.0000000,V58.67,Long-term (current) use of insulin,"Type 2 diabetes mellitus with both eyes affected by mild nonproliferative retinopathy without macular edema, with long-term current use of insulin",ICD9,248.0
248,13465207021,114734863,2020-07-01 00:00:00.0000000,362.04,Mild nonproliferative diabetic retinopathy,"Type 2 diabetes mellitus with both eyes affected by mild nonproliferative retinopathy without macular edema, with long-term current use of insulin",ICD9,249.0
249,13643238866,114734863,2023-03-04 00:00:00.0000000,,,Other forms of dyspnea,ICD9,250.0
250,13615443994,114734863,2022-10-19 00:00:00.0000000,787.91,Diarrhea,"Diarrhea, unspecified type",ICD9,251.0
251,13296305671,114734863,2017-04-26 00:00:00.0000000,272.2,Mixed hyperlipidemia,Mixed hyperlipidemia,ICD9,252.0
252,13400494805,114734863,2019-04-23 00:00:00.0000000,,,"Chronic kidney disease, stage III (moderate)",ICD9,253.0
253,13641438805,114734863,2023-02-21 00:00:00.0000000,438.22,"Late effects of cerebrovascular disease, hemiplegia affecting nondominant side",Hemiplegia and hemiparesis following cerebral infarction affecting left non-dominant side,ICD9,254.0
254,13661865777,114734863,2023-06-05 00:00:00.0000000,416.8,Other chronic pulmonary heart diseases,Pulmonary hypertension,ICD9,255.0
255,13602759294,114734863,2022-08-15 00:00:00.0000000,780.4,Dizziness and giddiness,Orthostatic dizziness,ICD9,256.0
256,13453838843,114734863,2020-10-20 00:00:00.0000000,,,Obstructive sleep apnea syndrome,ICD9,257.0
257,13555831866,114734863,2021-12-19 00:00:00.0000000,272.0,Pure hypercholesterolemia,Pure hypercholesterolemia,ICD9,258.0
258,13509051573,114734863,2021-10-26 00:00:00.0000000,,,H/O diabetic foot ulcer,ICD9,259.0
259,13329907489,114734863,2017-10-07 00:00:00.0000000,519.4,Disorders of diaphragm,Hemidiaphragm paralysis,ICD9,260.0
260,13639131793,114734863,2023-02-08 00:00:00.0000000,355.9,Mononeuritis of unspecified site,Neuropathy,ICD9,261.0
261,13339987805,114734863,2018-05-07 00:00:00.0000000,414.01,Coronary atherosclerosis of native coronary artery,"Coronary artery disease involving native coronary artery, angina presence unspecified, unspecified whether native or transplanted heart",ICD9,262.0
262,13443291951,114734863,2020-02-19 00:00:00.0000000,250.40,"Diabetes with renal manifestations, type II or unspecified type, not stated as uncontrolled",Diabetic nephropathy associated with type 2 diabetes mellitus,ICD9,263.0
263,13465207021,114734863,2020-07-01 00:00:00.0000000,,,Health care maintenance,ICD9,264.0
264,13451321501,114734863,2020-04-14 00:00:00.0000000,428.32,Chronic diastolic heart failure,Chronic diastolic congestive heart failure,ICD9,265.0
265,13445808437,114734863,2020-03-09 00:00:00.0000000,414.00,"Coronary atherosclerosis of unspecified type of vessel, native or graft",Chronic coronary artery disease,ICD9,266.0
266,13611854936,114734863,2022-10-02 00:00:00.0000000,110.3,Dermatophytosis of groin and perianal area,Tinea cruris,ICD9,267.0
267,13326748878,114734863,2018-02-20 00:00:00.0000000,365.72,Moderate stage glaucoma,"Low tension glaucoma of right eye, moderate stage",ICD9,268.0
268,13621309373,114734863,2022-11-16 00:00:00.0000000,788.20,"Retention of urine, unspecified",Urinary retention,ICD9,269.0
269,13613676742,114734863,2022-11-14 00:00:00.0000000,600.01,Hypertrophy (benign) of prostate with urinary obstruction and other lower urinary tract symptoms (LUTS),Benign prostatic hyperplasia with urinary retention,ICD9,270.0
270,13583720188,114734863,2022-05-10 00:00:00.0000000,338.29,Other chronic pain,Chronic pain of left knee,ICD9,271.0
271,13353196528,114734863,2018-04-24 00:00:00.0000000,424.0,Mitral valve disorders,Non-rheumatic mitral valve stenosis,ICD9,272.0
272,13306137772,114734863,2017-02-05 00:00:00.0000000,,,Dyspnea,ICD9,273.0
273,13650461416,114734863,2023-05-16 00:00:00.0000000,788.20,"Retention of urine, unspecified",Urine retention,ICD9,274.0
274,13633223615,114734863,2023-01-11 00:00:00.0000000,365.12,Low tension open-angle glaucoma,"Low tension glaucoma of right eye, moderate stage",ICD9,275.0
275,13429192248,114734863,2019-11-16 00:00:00.0000000,250.40,"Diabetes with renal manifestations, type II or unspecified type, not stated as uncontrolled",Diabetic nephropathy associated with type 2 diabetes mellitus,ICD9,276.0
276,13417171333,114734863,2019-09-11 00:00:00.0000000,401.9,Unspecified essential hypertension,Essential hypertension,ICD9,277.0
277,13540686435,114734863,2021-10-12 00:00:00.0000000,,,Cognitive decline,ICD9,278.0
278,13543676751,114734863,2022-04-19 00:00:00.0000000,416.8,Other chronic pulmonary heart diseases,Pulmonary hypertension,ICD9,279.0
279,13666026219,114734863,2023-06-20 00:00:00.0000000,V72.84,"Pre-operative examination, unspecified",Preop testing,ICD9,280.0
280,13465207021,114734863,2020-07-01 00:00:00.0000000,401.9,Unspecified essential hypertension,Essential hypertension,ICD9,281.0
281,13540686435,114734863,2021-10-12 00:00:00.0000000,,,Chronic systolic (congestive) heart failure,ICD9,282.0
282,13422991045,114734863,2020-02-04 00:00:00.0000000,401.9,Unspecified essential hypertension,Essential hypertension,ICD9,283.0
283,13658468540,114734863,2023-05-21 00:00:00.0000000,009.2,,Diarrhea of infectious origin,ICD9,284.0
284,13372334663,114734863,2018-10-16 00:00:00.0000000,583.81,"Nephritis and nephropathy, not specified as acute or chronic, in diseases classified elsewhere",Diabetic nephropathy associated with type 2 diabetes mellitus,ICD9,285.0
285,13507522963,114734863,2021-04-13 00:00:00.0000000,404.90,"Hypertensive heart and chronic kidney disease, unspecified, without heart failure and with chronic kidney disease stage I through stage IV, or unspecified",Cardiorenal syndrome with renal failure,ICD9,286.0
286,13482708956,114734863,2020-10-20 00:00:00.0000000,,,Dyspnea on exertion,ICD9,287.0
287,13329907489,114734863,2017-10-07 00:00:00.0000000,272.2,Mixed hyperlipidemia,Mixed hyperlipidemia,ICD9,288.0
288,13447958363,114734863,2020-04-28 00:00:00.0000000,394.2,Mitral stenosis with insufficiency,Nonrheumatic mitral valve stenosis with insufficiency,ICD9,289.0
289,13312301914,114734863,2017-06-24 00:00:00.0000000,250.70,,"Type 2 diabetes mellitus with other circulatory complication, with long-term current use of insulin",ICD9,290.0
290,13390663358,114734863,2019-05-04 00:00:00.0000000,250.40,"Diabetes with renal manifestations, type II or unspecified type, not stated as uncontrolled",Diabetic nephropathy associated with type 2 diabetes mellitus,ICD9,291.0
291,13352603167,114734863,2018-04-17 00:00:00.0000000,,,"Chronic kidney disease, stage III (moderate)",ICD9,292.0
292,13583720188,114734863,2022-05-10 00:00:00.0000000,433.30,Occlusion and stenosis of multiple and bilateral precerebral arteries without mention of cerebral infarction,Bilateral carotid artery stenosis,ICD9,293.0
293,13618723902,114734863,2022-11-05 00:00:00.0000000,V01.79,,Encounter for preoperative screening laboratory testing for COVID-19 virus,ICD9,294.0
294,13669929030,114734863,2023-07-19 00:00:00.0000000,V65.49,Other specified counseling,"Goals of care, counseling/discussion",ICD9,295.0
295,13447958363,114734863,2020-04-28 00:00:00.0000000,,,Health care maintenance,ICD9,296.0
296,13355916717,114734863,2018-10-30 00:00:00.0000000,401.9,Unspecified essential hypertension,Essential hypertension,ICD9,297.0
297,13661865777,114734863,2023-06-05 00:00:00.0000000,428.43,Acute on chronic combined systolic and diastolic heart failure,Acute on chronic combined systolic and diastolic congestive heart failure,ICD9,298.0
298,13649686269,114734863,2023-04-04 00:00:00.0000000,600.91,,Urinary retention due to benign prostatic hyperplasia,ICD9,299.0
299,13340015772,114734863,2017-12-23 00:00:00.0000000,V58.67,Long-term (current) use of insulin,"Type 2 diabetes mellitus with other circulatory complication, with long-term current use of insulin",ICD9,300.0
300,13574735169,114734863,2022-03-26 00:00:00.0000000,,,"Chronic kidney disease, stage III (moderate)",ICD9,301.0
301,13588506396,114734863,2022-06-04 00:00:00.0000000,,,Dyspnea on exertion,ICD9,302.0
302,13390663358,114734863,2019-05-04 00:00:00.0000000,,,"CKD (chronic kidney disease) stage 3, GFR 30-59 ml/min",ICD9,303.0
303,13619229344,114734863,2022-11-07 00:00:00.0000000,719.44,"Pain in joint, hand",Arthralgia of both hands,ICD9,304.0
304,13599695903,114734863,2022-08-07 00:00:00.0000000,416.8,Other chronic pulmonary heart diseases,Pulmonary hypertension,ICD9,305.0
305,13579282929,114734863,2022-10-18 00:00:00.0000000,584.9,"Acute kidney failure, unspecified",AKI (acute kidney injury),ICD9,306.0
306,13601115702,114734863,2022-08-07 00:00:00.0000000,362.04,Mild nonproliferative diabetic retinopathy,"Type 2 diabetes mellitus with right eye affected by mild nonproliferative retinopathy without macular edema, with long-term current use of insulin",ICD9,307.0
307,13669929030,114734863,2023-07-19 00:00:00.0000000,780.93,Memory loss,Memory impairment,ICD9,308.0
308,13482627158,114734863,2021-04-24 00:00:00.0000000,403.90,"Hypertensive chronic kidney disease, unspecified, with chronic kidney disease stage I through stage IV, or unspecified",Hypertension with renal disease,ICD9,309.0
309,13341282309,114734863,2018-01-02 00:00:00.0000000,433.30,Occlusion and stenosis of multiple and bilateral precerebral arteries without mention of cerebral infarction,Bilateral carotid artery stenosis,ICD9,310.0
310,13507518489,114734863,2021-10-12 00:00:00.0000000,414.01,Coronary atherosclerosis of native coronary artery,Coronary artery disease involving native coronary artery of native heart without angina pectoris,ICD9,311.0
311,13597901743,114734863,2022-07-24 00:00:00.0000000,540.0,Acute appendicitis with generalized peritonitis,Perforated appendicitis,ICD9,312.0
312,13620265240,114734863,2023-02-18 00:00:00.0000000,584.9,"Acute kidney failure, unspecified",AKI (acute kidney injury),ICD9,313.0
313,13639516308,114734863,2023-02-13 00:00:00.0000000,428.9,"Heart failure, unspecified",Chronic heart failure with preserved ejection fraction,ICD9,314.0
314,13660797935,114734863,2023-05-28 00:00:00.0000000,V58.67,Long-term (current) use of insulin,"Type 2 diabetes mellitus with right eye affected by mild nonproliferative retinopathy without macular edema, with long-term current use of insulin",ICD9,315.0
315,13296305671,114734863,2017-04-26 00:00:00.0000000,278.01,Morbid obesity,Morbid obesity due to excess calories,ICD9,316.0
316,13453838843,114734863,2020-10-20 00:00:00.0000000,V58.67,Long-term (current) use of insulin,"Type 2 diabetes mellitus with both eyes affected by mild nonproliferative retinopathy without macular edema, with long-term current use of insulin",ICD9,317.0
317,13425496519,114734863,2019-10-22 00:00:00.0000000,404.90,"Hypertensive heart and chronic kidney disease, unspecified, without heart failure and with chronic kidney disease stage I through stage IV, or unspecified",Cardiorenal syndrome with renal failure,ICD9,318.0
318,13355916717,114734863,2018-10-30 00:00:00.0000000,,,Health care maintenance,ICD9,319.0
319,13615078801,114734863,2022-10-17 00:00:00.0000000,,,Fall,ICD9,320.0
320,13599695903,114734863,2022-08-07 00:00:00.0000000,428.32,Chronic diastolic heart failure,Chronic diastolic (congestive) heart failure,ICD9,321.0
321,13667235864,114734863,2023-06-27 00:00:00.0000000,008.45,,Recurrent Clostridioides difficile diarrhea,ICD9,322.0
322,13616507083,114734863,2022-11-01 00:00:00.0000000,V72.81,Pre-operative cardiovascular examination,Preoperative cardiovascular examination,ICD9,323.0
323,13453838843,114734863,2020-10-20 00:00:00.0000000,428.32,Chronic diastolic heart failure,Chronic diastolic congestive heart failure,ICD9,324.0
324,13353196772,114734863,2018-10-23 00:00:00.0000000,414.01,Coronary atherosclerosis of native coronary artery,Atherosclerosis of native coronary artery of native heart without angina pectoris,ICD9,325.0
325,13598934177,114734863,2022-07-27 00:00:00.0000000,600.01,Hypertrophy (benign) of prostate with urinary obstruction and other lower urinary tract symptoms (LUTS),Benign prostatic hyperplasia with urinary retention,ICD9,326.0
326,13507522963,114734863,2021-04-13 00:00:00.0000000,416.8,Other chronic pulmonary heart diseases,Pulmonary hypertension,ICD9,327.0
327,13648979254,114734863,2023-04-02 00:00:00.0000000,715.96,"Osteoarthrosis, unspecified whether generalized or localized, lower leg","Osteoarthritis of left knee, unspecified osteoarthritis type",ICD9,328.0
328,13453838843,114734863,2020-10-20 00:00:00.0000000,278.01,Morbid obesity,Morbid obesity due to excess calories,ICD9,329.0
329,13612254576,114734863,2022-10-10 00:00:00.0000000,112.3,Candidiasis of skin and nails,Skin yeast infection,ICD9,330.0
330,13661865777,114734863,2023-06-05 00:00:00.0000000,443.81,Peripheral angiopathy in diseases classified elsewhere,"Type 2 diabetes mellitus with diabetic peripheral angiopathy without gangrene, with long-term current use of insulin",ICD9,331.0
331,13635129594,114734863,2023-01-21 00:00:00.0000000,008.45,,C. difficile diarrhea,ICD9,332.0
332,13574735169,114734863,2022-03-26 00:00:00.0000000,250.40,"Diabetes with renal manifestations, type II or unspecified type, not stated as uncontrolled",Diabetic nephropathy associated with type 2 diabetes mellitus,ICD9,333.0
333,13339987805,114734863,2018-05-07 00:00:00.0000000,272.2,Mixed hyperlipidemia,Mixed hyperlipidemia,ICD9,334.0
334,13450895586,114734863,2020-05-05 00:00:00.0000000,433.30,Occlusion and stenosis of multiple and bilateral precerebral arteries without mention of cerebral infarction,Bilateral carotid artery stenosis,ICD9,335.0
335,13611854936,114734863,2022-10-02 00:00:00.0000000,428.9,"Heart failure, unspecified",Chronic heart failure with preserved ejection fraction,ICD9,336.0
336,13661865777,114734863,2023-06-05 00:00:00.0000000,438.22,"Late effects of cerebrovascular disease, hemiplegia affecting nondominant side",Hemiplegia and hemiparesis following cerebral infarction affecting left non-dominant side,ICD9,337.0
337,13549947745,114734863,2021-11-23 00:00:00.0000000,272.0,Pure hypercholesterolemia,Pure hypercholesterolemia,ICD9,338.0
338,13326748878,114734863,2018-02-20 00:00:00.0000000,365.12,Low tension open-angle glaucoma,"Low tension glaucoma of left eye, severe stage",ICD9,339.0
339,13296305671,114734863,2017-04-26 00:00:00.0000000,394.2,Mitral stenosis with insufficiency,Nonrheumatic mitral valve stenosis with insufficiency,ICD9,340.0
340,13612654406,114734863,2022-10-16 00:00:00.0000000,719.44,"Pain in joint, hand",Arthralgia of both hands,ICD9,341.0
341,13563731299,114734863,2022-03-29 00:00:00.0000000,414.01,Coronary atherosclerosis of native coronary artery,Coronary artery disease involving native coronary artery of native heart without angina pectoris,ICD9,342.0
342,13465207021,114734863,2020-07-01 00:00:00.0000000,,,"CKD (chronic kidney disease) stage 3, GFR 30-59 ml/min",ICD9,343.0
343,13353196772,114734863,2018-10-23 00:00:00.0000000,416.8,Other chronic pulmonary heart diseases,Pulmonary hypertension,ICD9,344.0
344,13482709793,114734863,2021-02-06 00:00:00.0000000,519.4,Disorders of diaphragm,Hemidiaphragm paralysis,ICD9,345.0
345,13490836211,114734863,2020-12-29 00:00:00.0000000,362.04,Mild nonproliferative diabetic retinopathy,"Type 2 diabetes mellitus with both eyes affected by mild nonproliferative retinopathy without macular edema, with long-term current use of insulin",ICD9,346.0
346,13400494805,114734863,2019-04-23 00:00:00.0000000,442.9,Aneurysm of unspecified site,Aneurysm,ICD9,347.0
347,13645647523,114734863,2023-04-04 00:00:00.0000000,355.9,Mononeuritis of unspecified site,Neuropathy,ICD9,348.0
348,13606325309,114734863,2022-09-04 00:00:00.0000000,311,"Depressive disorder, not elsewhere classified",Depressive disorder,ICD9,349.0
349,13303030817,114734863,2017-12-23 00:00:00.0000000,433.30,Occlusion and stenosis of multiple and bilateral precerebral arteries without mention of cerebral infarction,Bilateral carotid artery stenosis,ICD9,350.0
350,13334499889,114734863,2018-01-03 00:00:00.0000000,,,"Chronic kidney disease, stage III (moderate)",ICD9,351.0
351,13507213825,114734863,2021-04-13 00:00:00.0000000,,,Severe persistent asthma without complication,ICD9,352.0
352,13377635945,114734863,2019-04-23 00:00:00.0000000,,,Dyspnea on exertion,ICD9,353.0
353,13346791472,114734863,2018-04-21 00:00:00.0000000,365.12,Low tension open-angle glaucoma,"Low tension glaucoma, severe stage, unspecified laterality",ICD9,354.0
354,13482709793,114734863,2021-02-06 00:00:00.0000000,,,Severe persistent asthma without complication,ICD9,355.0
355,13406393594,114734863,2019-06-19 00:00:00.0000000,,,"Stenosis of carotid artery, unspecified laterality",ICD9,356.0
356,13507213825,114734863,2021-04-13 00:00:00.0000000,V58.67,Long-term (current) use of insulin,"Type 2 diabetes mellitus with both eyes affected by mild nonproliferative retinopathy without macular edema, with long-term current use of insulin",ICD9,357.0
357,13339987805,114734863,2018-05-07 00:00:00.0000000,,,Obstructive sleep apnea syndrome,ICD9,358.0
358,13325132911,114734863,2017-08-16 00:00:00.0000000,272.0,Pure hypercholesterolemia,Pure hypercholesterolemia,ICD9,359.0
359,13414246189,114734863,2019-11-16 00:00:00.0000000,365.12,Low tension open-angle glaucoma,"Low tension glaucoma of right eye, moderate stage",ICD9,360.0
360,13417170986,114734863,2019-09-03 00:00:00.0000000,,,Congestive heart failure,ICD9,361.0
361,13664880276,114734863,2023-06-17 00:00:00.0000000,,,"Finger ulcer, with unspecified severity",ICD9,362.0
362,13372264424,114734863,2018-09-18 00:00:00.0000000,414.01,Coronary atherosclerosis of native coronary artery,"Coronary artery disease involving native coronary artery, angina presence unspecified, unspecified whether native or transplanted heart",ICD9,363.0
363,13583720188,114734863,2022-05-10 00:00:00.0000000,V58.67,Long-term (current) use of insulin,"Type 2 diabetes mellitus with right eye affected by mild nonproliferative retinopathy without macular edema, with long-term current use of insulin",ICD9,364.0
364,13353612994,114734863,2018-10-23 00:00:00.0000000,365.12,Low tension open-angle glaucoma,"Low tension glaucoma of left eye, severe stage",ICD9,365.0
365,13558375868,114734863,2022-01-01 00:00:00.0000000,404.90,"Hypertensive heart and chronic kidney disease, unspecified, without heart failure and with chronic kidney disease stage I through stage IV, or unspecified",Cardiorenal syndrome with renal failure,ICD9,366.0
366,13376715876,114734863,2019-04-23 00:00:00.0000000,,,Hyperlipidemia LDL goal <70,ICD9,367.0
367,13619099224,114734863,2022-12-03 00:00:00.0000000,362.57,Drusen (degenerative),Drusen of right macula,ICD9,368.0
368,13445808437,114734863,2020-03-09 00:00:00.0000000,V15.88,History of fall,At risk for falls,ICD9,369.0
369,13648979254,114734863,2023-04-02 00:00:00.0000000,428.9,"Heart failure, unspecified",Chronic heart failure with preserved ejection fraction,ICD9,370.0
370,13658468540,114734863,2023-05-21 00:00:00.0000000,797,Senility without mention of psychosis,Frailty,ICD9,371.0
371,13340015772,114734863,2017-12-23 00:00:00.0000000,,,Health care maintenance,ICD9,372.0
372,13482708956,114734863,2020-10-20 00:00:00.0000000,428.32,Chronic diastolic heart failure,Chronic diastolic congestive heart failure,ICD9,373.0
373,13339987805,114734863,2018-05-07 00:00:00.0000000,,,Health care maintenance,ICD9,374.0
374,13540686435,114734863,2021-10-12 00:00:00.0000000,,,Obstructive sleep apnea syndrome,ICD9,375.0
375,13427371945,114734863,2019-11-04 00:00:00.0000000,428.32,Chronic diastolic heart failure,Chronic diastolic congestive heart failure,ICD9,376.0
376,13574735169,114734863,2022-03-26 00:00:00.0000000,362.04,Mild nonproliferative diabetic retinopathy,"Type 2 diabetes mellitus with both eyes affected by mild nonproliferative retinopathy without macular edema, with long-term current use of insulin",ICD9,377.0
377,13650461818,114734863,2023-04-09 00:00:00.0000000,V72.63,Pre-procedural laboratory examination,Pre-procedure lab exam,ICD9,378.0
378,13563731299,114734863,2022-03-29 00:00:00.0000000,394.2,Mitral stenosis with insufficiency,Nonrheumatic mitral valve stenosis with insufficiency,ICD9,379.0
379,13482708956,114734863,2020-10-20 00:00:00.0000000,,,Obstructive sleep apnea syndrome,ICD9,380.0
380,13377635945,114734863,2019-04-23 00:00:00.0000000,401.9,Unspecified essential hypertension,Essential hypertension,ICD9,381.0
381,13507522963,114734863,2021-04-13 00:00:00.0000000,428.32,Chronic diastolic heart failure,Chronic diastolic (congestive) heart failure,ICD9,382.0
382,13388585461,114734863,2019-05-28 00:00:00.0000000,583.81,"Nephritis and nephropathy, not specified as acute or chronic, in diseases classified elsewhere",Diabetic nephropathy associated with type 2 diabetes mellitus,ICD9,383.0
383,13660797935,114734863,2023-05-28 00:00:00.0000000,703.9,Unspecified disease of nail,Fingernail problem,ICD9,384.0
384,13388585461,114734863,2019-05-28 00:00:00.0000000,250.40,"Diabetes with renal manifestations, type II or unspecified type, not stated as uncontrolled",Diabetic nephropathy associated with type 2 diabetes mellitus,ICD9,385.0
385,13366104518,114734863,2018-07-28 00:00:00.0000000,799.9,Other unknown and unspecified cause of morbidity and mortality,Diagnosis unknown,ICD9,386.0
386,13372334663,114734863,2018-10-16 00:00:00.0000000,404.90,"Hypertensive heart and chronic kidney disease, unspecified, without heart failure and with chronic kidney disease stage I through stage IV, or unspecified",Cardiorenal syndrome with renal failure,ICD9,387.0
387,13543215458,114734863,2022-03-26 00:00:00.0000000,V58.67,Long-term (current) use of insulin,"Type 2 diabetes mellitus with right eye affected by mild nonproliferative retinopathy without macular edema, with long-term current use of insulin",ICD9,388.0
388,13619238820,114734863,2022-11-07 00:00:00.0000000,787.91,Diarrhea,"Diarrhea, unspecified type",ICD9,389.0
389,13507213825,114734863,2021-04-13 00:00:00.0000000,278.01,Morbid obesity,Morbid obesity due to excess calories,ICD9,390.0
390,13649021405,114734863,2023-04-01 00:00:00.0000000,438.22,"Late effects of cerebrovascular disease, hemiplegia affecting nondominant side",Hemiplegia and hemiparesis following cerebral infarction affecting left non-dominant side,ICD9,391.0
391,13499703358,114734863,2021-02-27 00:00:00.0000000,,,"CKD (chronic kidney disease) stage 3, GFR 30-59 ml/min",ICD9,392.0
392,13602759294,114734863,2022-08-15 00:00:00.0000000,540.1,Acute appendicitis with peritoneal abscess,Appendiceal abscess,ICD9,393.0
393,13601115702,114734863,2022-08-07 00:00:00.0000000,V15.88,History of fall,At risk for falls,ICD9,394.0
394,13414246189,114734863,2019-11-16 00:00:00.0000000,365.72,Moderate stage glaucoma,"Low tension glaucoma of right eye, moderate stage",ICD9,395.0
395,13445808437,114734863,2020-03-09 00:00:00.0000000,,,"Chronic kidney disease, stage III (moderate)",ICD9,396.0
396,13608544370,114734863,2022-10-16 00:00:00.0000000,540.1,Acute appendicitis with peritoneal abscess,"Abscess, periappendiceal",ICD9,397.0
397,13441266872,114734863,2020-06-09 00:00:00.0000000,428.32,Chronic diastolic heart failure,Chronic diastolic (congestive) heart failure,ICD9,398.0
398,13496062096,114734863,2021-02-03 00:00:00.0000000,787.91,Diarrhea,Diarrhea,ICD9,399.0
399,13602759294,114734863,2022-08-15 00:00:00.0000000,,,Cough,ICD9,400.0
400,13400494805,114734863,2019-04-23 00:00:00.0000000,250.70,,"Type 2 diabetes mellitus with other circulatory complication, with long-term current use of insulin",ICD9,401.0
401,13621126298,114734863,2022-11-16 00:00:00.0000000,428.9,"Heart failure, unspecified",Chronic heart failure with preserved ejection fraction,ICD9,402.0
402,13372444041,114734863,2019-01-22 00:00:00.0000000,,,"Chronic kidney disease, stage III (moderate)",ICD9,403.0
403,13563731299,114734863,2022-03-29 00:00:00.0000000,,,Hyperlipidemia LDL goal <70,ICD9,404.0
404,13400494805,114734863,2019-04-23 00:00:00.0000000,416.8,Other chronic pulmonary heart diseases,Pulmonary hypertension,ICD9,405.0
405,13507213825,114734863,2021-04-13 00:00:00.0000000,414.01,Coronary atherosclerosis of native coronary artery,Atherosclerosis of native coronary artery of native heart without angina pectoris,ICD9,406.0
406,13540684535,114734863,2022-05-10 00:00:00.0000000,433.30,Occlusion and stenosis of multiple and bilateral precerebral arteries without mention of cerebral infarction,Bilateral carotid artery stenosis,ICD9,407.0
407,13415795270,114734863,2020-02-24 00:00:00.0000000,,,Obstructive sleep apnea syndrome,ICD9,408.0
408,13381895360,114734863,2018-12-02 00:00:00.0000000,583.81,"Nephritis and nephropathy, not specified as acute or chronic, in diseases classified elsewhere",Diabetic nephropathy associated with type 2 diabetes mellitus,ICD9,409.0
409,13583727216,114734863,2022-05-10 00:00:00.0000000,338.29,Other chronic pain,Chronic pain of left knee,ICD9,410.0
410,13594935397,114734863,2022-07-05 00:00:00.0000000,,,Dyspnea on exertion,ICD9,411.0
411,13605088575,114734863,2022-09-13 00:00:00.0000000,V58.67,Long-term (current) use of insulin,"Type 2 diabetes mellitus with right eye affected by mild nonproliferative retinopathy without macular edema, with long-term current use of insulin",ICD9,412.0
412,13355916717,114734863,2018-10-30 00:00:00.0000000,428.33,Acute on chronic diastolic heart failure,Acute on chronic diastolic congestive heart failure,ICD9,413.0
413,13666159543,114734863,2023-06-21 00:00:00.0000000,V01.79,,Encounter for preoperative screening laboratory testing for COVID-19 virus,ICD9,414.0
414,13401808896,114734863,2019-11-05 00:00:00.0000000,416.8,Other chronic pulmonary heart diseases,Pulmonary hypertension,ICD9,415.0
415,13392953340,114734863,2019-02-24 00:00:00.0000000,583.81,"Nephritis and nephropathy, not specified as acute or chronic, in diseases classified elsewhere",Diabetic nephropathy associated with type 2 diabetes mellitus,ICD9,416.0
416,13499703358,114734863,2021-02-27 00:00:00.0000000,250.40,"Diabetes with renal manifestations, type II or unspecified type, not stated as uncontrolled",Diabetic nephropathy associated with type 2 diabetes mellitus,ICD9,417.0
417,13296305671,114734863,2017-04-26 00:00:00.0000000,,,Dyspnea on exertion,ICD9,418.0
418,13348900281,114734863,2018-03-10 00:00:00.0000000,,,Congestive heart failure,ICD9,419.0
419,13379353862,114734863,2018-11-12 00:00:00.0000000,,,"CKD (chronic kidney disease) stage 3, GFR 30-59 ml/min",ICD9,420.0
420,13661557041,114734863,2023-06-07 00:00:00.0000000,707.9,Chronic ulcer of unspecified site,"Skin ulcer, limited to breakdown of skin",ICD9,421.0
421,13355925412,114734863,2018-05-07 00:00:00.0000000,433.30,Occlusion and stenosis of multiple and bilateral precerebral arteries without mention of cerebral infarction,Bilateral carotid artery stenosis,ICD9,422.0
422,13445808437,114734863,2020-03-09 00:00:00.0000000,278.01,Morbid obesity,Morbid obesity due to excess calories,ICD9,423.0
423,13306137772,114734863,2017-02-05 00:00:00.0000000,,,Sleep apnea,ICD9,424.0
424,13599695903,114734863,2022-08-07 00:00:00.0000000,584.9,"Acute kidney failure, unspecified",AKI (acute kidney injury),ICD9,425.0
425,13331080033,114734863,2017-12-23 00:00:00.0000000,250.70,,"Type 2 diabetes mellitus with other circulatory complication, with long-term current use of insulin",ICD9,426.0
426,13660797935,114734863,2023-05-28 00:00:00.0000000,,,Cerebrovascular accident,ICD9,427.0
427,13345437298,114734863,2018-02-07 00:00:00.0000000,272.0,Pure hypercholesterolemia,Pure hypercholesterolemia,ICD9,428.0
428,13435741017,114734863,2019-12-30 00:00:00.0000000,V58.67,Long-term (current) use of insulin,"Type 2 diabetes mellitus with other circulatory complication, with long-term current use of insulin",ICD9,429.0
429,13661865777,114734863,2023-06-05 00:00:00.0000000,,,Health care maintenance,ICD9,430.0
430,13584326893,114734863,2022-05-14 00:00:00.0000000,719.46,"Pain in joint, lower leg",Knee pain,ICD9,431.0
431,13365136641,114734863,2018-07-20 00:00:00.0000000,,,"CKD (chronic kidney disease) stage 3, GFR 30-59 ml/min",ICD9,432.0
432,13539207159,114734863,2022-01-25 00:00:00.0000000,V58.67,Long-term (current) use of insulin,"Type 2 diabetes mellitus with both eyes affected by mild nonproliferative retinopathy without macular edema, with long-term current use of insulin",ICD9,433.0
433,13621126298,114734863,2022-11-16 00:00:00.0000000,707.25,"Pressure ulcer, unstageable","Pressure injury of left ankle, unstageable",ICD9,434.0
434,13482708956,114734863,2020-10-20 00:00:00.0000000,442.9,Aneurysm of unspecified site,Aneurysm,ICD9,435.0
435,13339987805,114734863,2018-05-07 00:00:00.0000000,401.9,Unspecified essential hypertension,Essential hypertension,ICD9,436.0
436,13354090874,114734863,2018-05-28 00:00:00.0000000,519.4,Disorders of diaphragm,Hemidiaphragm paralysis,ICD9,437.0
437,13465207021,114734863,2020-07-01 00:00:00.0000000,,,"Chronic kidney disease, stage III (moderate)",ICD9,438.0
438,13661865777,114734863,2023-06-05 00:00:00.0000000,250.70,,"Type 2 diabetes mellitus with diabetic peripheral angiopathy without gangrene, with long-term current use of insulin",ICD9,439.0
439,13327829854,114734863,2017-09-05 00:00:00.0000000,428.42,Chronic combined systolic and diastolic heart failure,Chronic combined systolic and diastolic congestive heart failure,ICD9,440.0
440,13372264424,114734863,2018-09-18 00:00:00.0000000,278.01,Morbid obesity,Morbid obesity due to excess calories,ICD9,441.0
441,13465207021,114734863,2020-07-01 00:00:00.0000000,,,Dyspnea on exertion,ICD9,442.0
442,13316588945,114734863,2017-05-21 00:00:00.0000000,414.01,Coronary atherosclerosis of native coronary artery,Atherosclerosis of native coronary artery of native heart without angina pectoris,ICD9,443.0
443,13605088575,114734863,2022-09-13 00:00:00.0000000,362.04,Mild nonproliferative diabetic retinopathy,"Type 2 diabetes mellitus with right eye affected by mild nonproliferative retinopathy without macular edema, with long-term current use of insulin",ICD9,444.0
444,13651517628,114734863,2023-04-16 00:00:00.0000000,428.9,"Heart failure, unspecified",Chronic heart failure with preserved ejection fraction,ICD9,445.0
445,13641872269,114734863,2023-02-25 00:00:00.0000000,707.06,"Pressure ulcer, ankle","Pressure injury of left ankle, stage 2",ICD9,446.0
446,13306436556,114734863,2017-08-07 00:00:00.0000000,,,Moderate persistent asthma without complication,ICD9,447.0
447,13649686269,114734863,2023-04-04 00:00:00.0000000,788.20,"Retention of urine, unspecified",Urinary retention due to benign prostatic hyperplasia,ICD9,448.0
448,13391206830,114734863,2019-02-12 00:00:00.0000000,404.90,"Hypertensive heart and chronic kidney disease, unspecified, without heart failure and with chronic kidney disease stage I through stage IV, or unspecified",Cardiorenal syndrome with renal failure,ICD9,449.0
449,13543676751,114734863,2022-04-19 00:00:00.0000000,426.0,"Atrioventricular block, complete","Atrioventricular block, complete",ICD9,450.0
450,13331080033,114734863,2017-12-23 00:00:00.0000000,401.9,Unspecified essential hypertension,Essential hypertension,ICD9,451.0
451,13355925412,114734863,2018-05-07 00:00:00.0000000,583.81,"Nephritis and nephropathy, not specified as acute or chronic, in diseases classified elsewhere",Diabetic nephropathy associated with type 2 diabetes mellitus,ICD9,452.0
452,13507518489,114734863,2021-10-12 00:00:00.0000000,416.8,Other chronic pulmonary heart diseases,Pulmonary hypertension,ICD9,453.0
453,13453838843,114734863,2020-10-20 00:00:00.0000000,438.22,"Late effects of cerebrovascular disease, hemiplegia affecting nondominant side",Hemiplegia and hemiparesis following cerebral infarction affecting left non-dominant side,ICD9,454.0
454,13509051573,114734863,2021-10-26 00:00:00.0000000,,,Stage 3b chronic kidney disease,ICD9,455.0
455,13364103008,114734863,2018-07-25 00:00:00.0000000,V45.81,Aortocoronary bypass status,History of coronary artery bypass graft,ICD9,456.0
456,13329907489,114734863,2017-10-07 00:00:00.0000000,278.01,Morbid obesity,Morbid obesity due to excess calories,ICD9,457.0
457,13329907489,114734863,2017-10-07 00:00:00.0000000,428.20,"Systolic heart failure, unspecified","Systolic congestive heart failure, unspecified congestive heart failure chronicity",ICD9,458.0
458,13353608192,114734863,2018-04-21 00:00:00.0000000,365.12,Low tension open-angle glaucoma,"Low tension glaucoma of right eye, moderate stage",ICD9,459.0
459,13599695903,114734863,2022-08-07 00:00:00.0000000,,,Proliferative diabetic retinopathy of left eye without macular edema associated with type 2 diabetes mellitus,ICD9,460.0
460,13400497660,114734863,2019-08-19 00:00:00.0000000,278.01,Morbid obesity,Morbid obesity due to excess calories,ICD9,461.0
461,13666012987,114734863,2023-06-20 00:00:00.0000000,V72.84,"Pre-operative examination, unspecified",Preop testing,ICD9,462.0
462,13477014087,114734863,2020-09-15 00:00:00.0000000,272.0,Pure hypercholesterolemia,Pure hypercholesterolemia,ICD9,463.0
463,13583693221,114734863,2022-11-12 00:00:00.0000000,,,History of COVID-19,ICD9,464.0
464,13327829854,114734863,2017-09-05 00:00:00.0000000,,,Stenosis of left carotid artery,ICD9,465.0
465,13355925412,114734863,2018-05-07 00:00:00.0000000,416.8,Other chronic pulmonary heart diseases,Pulmonary hypertension,ICD9,466.0
466,13384440072,114734863,2019-12-18 00:00:00.0000000,433.30,Occlusion and stenosis of multiple and bilateral precerebral arteries without mention of cerebral infarction,Bilateral carotid artery stenosis,ICD9,467.0
467,13674003575,114734863,2023-07-31 00:00:00.0000000,787.91,Diarrhea,"Diarrhea, unspecified type",ICD9,468.0
468,13510452174,114734863,2021-05-01 00:00:00.0000000,787.91,Diarrhea,Diarrhea,ICD9,469.0
469,13658366682,114734863,2023-05-16 00:00:00.0000000,V44.59,Other cystostomy,Suprapubic catheter,ICD9,470.0
470,13543215458,114734863,2022-03-26 00:00:00.0000000,362.04,Mild nonproliferative diabetic retinopathy,"Type 2 diabetes mellitus with right eye affected by mild nonproliferative retinopathy without macular edema, with long-term current use of insulin",ICD9,471.0
471,13507518489,114734863,2021-10-12 00:00:00.0000000,442.81,Aneurysm of artery of neck,"Carotid aneurysm, left",ICD9,472.0
472,13634914353,114734863,2023-01-21 00:00:00.0000000,,,"Contracture of joint of hand, unspecified laterality",ICD9,473.0
473,13594935397,114734863,2022-07-05 00:00:00.0000000,789.07,"Abdominal pain, generalized",Generalized abdominal pain,ICD9,474.0
474,13355930663,114734863,2018-05-15 00:00:00.0000000,428.43,Acute on chronic combined systolic and diastolic heart failure,Acute on chronic combined systolic and diastolic congestive heart failure,ICD9,475.0
475,13490836211,114734863,2020-12-29 00:00:00.0000000,V58.67,Long-term (current) use of insulin,"Type 2 diabetes mellitus with both eyes affected by mild nonproliferative retinopathy without macular edema, with long-term current use of insulin",ICD9,476.0
476,13602280279,114734863,2022-08-14 00:00:00.0000000,789.03,"Abdominal pain, right lower quadrant",Right lower quadrant pain,ICD9,477.0
477,13408469069,114734863,2019-06-22 00:00:00.0000000,,,"CKD (chronic kidney disease) stage 3, GFR 30-59 ml/min",ICD9,478.0
478,13414246189,114734863,2019-11-16 00:00:00.0000000,365.73,Severe stage glaucoma,"Low-tension glaucoma of left eye, severe stage",ICD9,479.0
479,13445808437,114734863,2020-03-09 00:00:00.0000000,401.9,Unspecified essential hypertension,Essential hypertension,ICD9,480.0
480,13658468540,114734863,2023-05-21 00:00:00.0000000,V58.67,Long-term (current) use of insulin,"Type 2 diabetes mellitus with right eye affected by mild nonproliferative retinopathy without macular edema, with long-term current use of insulin",ICD9,481.0
481,13586284997,114734863,2022-05-30 00:00:00.0000000,519.4,Disorders of diaphragm,Hemidiaphragm paralysis,ICD9,482.0
482,13507518489,114734863,2021-10-12 00:00:00.0000000,278.01,Morbid obesity,Morbid obesity due to excess calories,ICD9,483.0
483,13376768412,114734863,2019-06-22 00:00:00.0000000,,,Degeneration of posterior vitreous body of left eye,ICD9,484.0
484,13583727216,114734863,2022-05-10 00:00:00.0000000,719.46,"Pain in joint, lower leg",Chronic pain of left knee,ICD9,485.0
485,13574735169,114734863,2022-03-26 00:00:00.0000000,V58.67,Long-term (current) use of insulin,"Type 2 diabetes mellitus with both eyes affected by mild nonproliferative retinopathy without macular edema, with long-term current use of insulin",ICD9,486.0
486,13601115702,114734863,2022-08-07 00:00:00.0000000,,,Dyspnea on exertion,ICD9,487.0
487,13384439341,114734863,2019-12-18 00:00:00.0000000,433.30,Occlusion and stenosis of multiple and bilateral precerebral arteries without mention of cerebral infarction,Bilateral carotid artery stenosis,ICD9,488.0
488,13618572381,114734863,2022-11-05 00:00:00.0000000,,,"Lower limb ulcer, ankle, left, with unspecified severity",ICD9,489.0
489,13599695903,114734863,2022-08-07 00:00:00.0000000,787.91,Diarrhea,"Diarrhea, unspecified type",ICD9,490.0
490,13329201477,114734863,2017-10-23 00:00:00.0000000,583.81,"Nephritis and nephropathy, not specified as acute or chronic, in diseases classified elsewhere",Diabetic nephropathy associated with type 2 diabetes mellitus,ICD9,491.0
491,13372264424,114734863,2018-09-18 00:00:00.0000000,401.9,Unspecified essential hypertension,Essential hypertension,ICD9,492.0
492,13353612319,114734863,2018-07-21 00:00:00.0000000,V58.67,Long-term (current) use of insulin,"Type 2 diabetes mellitus with both eyes affected by mild nonproliferative retinopathy without macular edema, with long-term current use of insulin",ICD9,493.0
493,13667235864,114734863,2023-06-27 00:00:00.0000000,707.06,"Pressure ulcer, ankle","Decubitus ulcer of left ankle, stage 3",ICD9,494.0
494,13507213825,114734863,2021-04-13 00:00:00.0000000,438.22,"Late effects of cerebrovascular disease, hemiplegia affecting nondominant side",Hemiplegia and hemiparesis following cerebral infarction affecting left non-dominant side,ICD9,495.0
495,13377635945,114734863,2019-04-23 00:00:00.0000000,428.33,Acute on chronic diastolic heart failure,Acute on chronic diastolic congestive heart failure,ICD9,496.0
496,13540684535,114734863,2022-05-10 00:00:00.0000000,,,Health care maintenance,ICD9,497.0
497,13507522963,114734863,2021-04-13 00:00:00.0000000,,,"CKD (chronic kidney disease) stage 3, GFR 30-59 ml/min",ICD9,498.0
498,13507518489,114734863,2021-10-12 00:00:00.0000000,519.4,Disorders of diaphragm,Hemidiaphragm paralysis,ICD9,499.0
499,13639468538,114734863,2023-03-13 00:00:00.0000000,414.01,Coronary atherosclerosis of native coronary artery,Coronary artery disease involving native coronary artery of native heart without angina pectoris,ICD9,500.0
500,13609581525,114734863,2022-09-19 00:00:00.0000000,540.1,Acute appendicitis with peritoneal abscess,Appendiceal abscess,ICD9,501.0
501,13329201477,114734863,2017-10-23 00:00:00.0000000,,,"Chronic kidney disease, stage III (moderate)",ICD9,502.0
502,13355925412,114734863,2018-05-07 00:00:00.0000000,414.01,Coronary atherosclerosis of native coronary artery,"Coronary artery disease involving native coronary artery, angina presence unspecified, unspecified whether native or transplanted heart",ICD9,503.0
503,13639516308,114734863,2023-02-13 00:00:00.0000000,008.45,,Recurrent Clostridioides difficile diarrhea,ICD9,504.0
504,13509051573,114734863,2021-10-26 00:00:00.0000000,404.90,"Hypertensive heart and chronic kidney disease, unspecified, without heart failure and with chronic kidney disease stage I through stage IV, or unspecified",Cardiorenal syndrome with renal failure,ICD9,505.0
505,13429192248,114734863,2019-11-16 00:00:00.0000000,404.90,"Hypertensive heart and chronic kidney disease, unspecified, without heart failure and with chronic kidney disease stage I through stage IV, or unspecified",Cardiorenal syndrome with renal failure,ICD9,506.0
506,13376768412,114734863,2019-06-22 00:00:00.0000000,362.57,Drusen (degenerative),Drusen of macula of both eyes,ICD9,507.0
507,13327829854,114734863,2017-09-05 00:00:00.0000000,414.01,Coronary atherosclerosis of native coronary artery,"Coronary artery disease involving native coronary artery, angina presence unspecified, unspecified whether native or transplanted heart",ICD9,508.0
508,13453838843,114734863,2020-10-20 00:00:00.0000000,414.00,"Coronary atherosclerosis of unspecified type of vessel, native or graft",Chronic coronary artery disease,ICD9,509.0
509,13618572381,114734863,2022-11-05 00:00:00.0000000,428.9,"Heart failure, unspecified",Chronic heart failure with preserved ejection fraction,ICD9,510.0
510,13602759294,114734863,2022-08-15 00:00:00.0000000,788.20,"Retention of urine, unspecified",Urinary retention due to benign prostatic hyperplasia,ICD9,511.0
511,13543676751,114734863,2022-04-19 00:00:00.0000000,250.40,"Diabetes with renal manifestations, type II or unspecified type, not stated as uncontrolled",Diabetic nephropathy associated with type 2 diabetes mellitus,ICD9,512.0
512,13540684535,114734863,2022-05-10 00:00:00.0000000,416.8,Other chronic pulmonary heart diseases,Pulmonary hypertension,ICD9,513.0
513,13507522963,114734863,2021-04-13 00:00:00.0000000,394.2,Mitral stenosis with insufficiency,Nonrheumatic mitral valve stenosis with insufficiency,ICD9,514.0
514,13577772663,114734863,2022-05-16 00:00:00.0000000,,,Chronic systolic heart failure,ICD9,515.0
515,13482708956,114734863,2020-10-20 00:00:00.0000000,426.0,"Atrioventricular block, complete","Atrioventricular block, complete",ICD9,516.0
516,13411809011,114734863,2019-07-17 00:00:00.0000000,362.03,,Nonproliferative diabetic retinopathy of both eyes,ICD9,517.0
517,13612254576,114734863,2022-10-10 00:00:00.0000000,600.01,Hypertrophy (benign) of prostate with urinary obstruction and other lower urinary tract symptoms (LUTS),Benign prostatic hyperplasia with urinary retention,ICD9,518.0
518,13644951963,114734863,2023-04-24 00:00:00.0000000,365.12,Low tension open-angle glaucoma,"Low-tension glaucoma of left eye, severe stage",ICD9,519.0
519,13609581525,114734863,2022-09-19 00:00:00.0000000,,,Chronic systolic congestive heart failure,ICD9,520.0
520,13590480422,114734863,2022-06-13 00:00:00.0000000,,,Fatigue,ICD9,521.0
521,13441266872,114734863,2020-06-09 00:00:00.0000000,V58.67,Long-term (current) use of insulin,"Type 2 diabetes mellitus with both eyes affected by mild nonproliferative retinopathy without macular edema, with long-term current use of insulin",ICD9,522.0
522,13388585461,114734863,2019-05-28 00:00:00.0000000,V58.67,Long-term (current) use of insulin,"Type 2 diabetes mellitus with other circulatory complication, with long-term current use of insulin",ICD9,523.0
523,13616507083,114734863,2022-11-01 00:00:00.0000000,433.30,Occlusion and stenosis of multiple and bilateral precerebral arteries without mention of cerebral infarction,Bilateral carotid artery stenosis,ICD9,524.0
524,13299637655,114734863,2016-11-30 00:00:00.0000000,433.30,Occlusion and stenosis of multiple and bilateral precerebral arteries without mention of cerebral infarction,"Carotid artery stenosis, bilateral",ICD9,525.0
525,13355925412,114734863,2018-05-07 00:00:00.0000000,,,Obstructive sleep apnea syndrome,ICD9,526.0
526,13400491185,114734863,2019-10-07 00:00:00.0000000,,,Health care maintenance,ICD9,527.0
527,13465207021,114734863,2020-07-01 00:00:00.0000000,278.01,Morbid obesity,Morbid obesity due to excess calories,ICD9,528.0
528,13379669753,114734863,2018-11-14 00:00:00.0000000,799.9,Other unknown and unspecified cause of morbidity and mortality,Diagnosis unknown,ICD9,529.0
529,13540684535,114734863,2022-05-10 00:00:00.0000000,278.01,Morbid obesity,Morbid obesity due to excess calories,ICD9,530.0
530,13425496519,114734863,2019-10-22 00:00:00.0000000,583.81,"Nephritis and nephropathy, not specified as acute or chronic, in diseases classified elsewhere",Diabetic nephropathy associated with type 2 diabetes mellitus,ICD9,531.0
531,13616611912,114734863,2022-10-25 00:00:00.0000000,540.1,Acute appendicitis with peritoneal abscess,Appendiceal abscess,ICD9,532.0
532,13453838843,114734863,2020-10-20 00:00:00.0000000,394.2,Mitral stenosis with insufficiency,Nonrheumatic mitral valve stenosis with insufficiency,ICD9,533.0
533,13400491185,114734863,2019-10-07 00:00:00.0000000,433.30,Occlusion and stenosis of multiple and bilateral precerebral arteries without mention of cerebral infarction,Bilateral carotid artery stenosis,ICD9,534.0
534,13341280546,114734863,2018-01-02 00:00:00.0000000,433.30,Occlusion and stenosis of multiple and bilateral precerebral arteries without mention of cerebral infarction,Bilateral carotid artery stenosis,ICD9,535.0
535,13306436556,114734863,2017-08-07 00:00:00.0000000,786.05,Shortness of breath,Shortness of breath,ICD9,536.0
536,13299965978,114734863,2016-12-05 00:00:00.0000000,,,"Carotid stenosis, unspecified laterality",ICD9,537.0
537,13614195341,114734863,2022-10-12 00:00:00.0000000,787.91,Diarrhea,Diarrhea,ICD9,538.0
538,13639468538,114734863,2023-03-13 00:00:00.0000000,428.43,Acute on chronic combined systolic and diastolic heart failure,Acute on chronic combined systolic and diastolic congestive heart failure,ICD9,539.0
539,13583711040,114734863,2022-11-12 00:00:00.0000000,362.04,Mild nonproliferative diabetic retinopathy,"Type 2 diabetes mellitus with right eye affected by mild nonproliferative retinopathy without macular edema, with long-term current use of insulin",ICD9,540.0
540,13447958363,114734863,2020-04-28 00:00:00.0000000,,,Dyspnea on exertion,ICD9,541.0
541,13482708956,114734863,2020-10-20 00:00:00.0000000,416.8,Other chronic pulmonary heart diseases,Pulmonary hypertension,ICD9,542.0
542,13602280279,114734863,2022-08-14 00:00:00.0000000,,,"Allergic reaction to contrast material, subsequent encounter",ICD9,543.0
543,13601115702,114734863,2022-08-07 00:00:00.0000000,433.30,Occlusion and stenosis of multiple and bilateral precerebral arteries without mention of cerebral infarction,Bilateral carotid artery stenosis,ICD9,544.0
544,13586284997,114734863,2022-05-30 00:00:00.0000000,,,Obstructive sleep apnea syndrome,ICD9,545.0
545,13619610936,114734863,2022-11-12 00:00:00.0000000,540.0,Acute appendicitis with generalized peritonitis,Perforated appendicitis,ICD9,546.0
546,13597901743,114734863,2022-07-24 00:00:00.0000000,789.59,Other ascites,Abdominal fluid collection,ICD9,547.0
547,13507518489,114734863,2021-10-12 00:00:00.0000000,,,Stage 3b chronic kidney disease,ICD9,548.0
548,13661865777,114734863,2023-06-05 00:00:00.0000000,799.3,"Debility, unspecified",Physical deconditioning,ICD9,549.0
549,13429184713,114734863,2020-04-21 00:00:00.0000000,365.73,Severe stage glaucoma,"Low-tension glaucoma of left eye, severe stage",ICD9,550.0
550,13583693221,114734863,2022-11-12 00:00:00.0000000,362.04,Mild nonproliferative diabetic retinopathy,"Type 2 diabetes mellitus with right eye affected by mild nonproliferative retinopathy without macular edema, with long-term current use of insulin",ICD9,551.0
551,13422991045,114734863,2020-02-04 00:00:00.0000000,428.33,Acute on chronic diastolic heart failure,Acute on chronic diastolic congestive heart failure,ICD9,552.0
552,13355925412,114734863,2018-05-07 00:00:00.0000000,519.4,Disorders of diaphragm,Hemidiaphragm paralysis,ICD9,553.0
553,13379353862,114734863,2018-11-12 00:00:00.0000000,250.40,"Diabetes with renal manifestations, type II or unspecified type, not stated as uncontrolled",Diabetic nephropathy associated with type 2 diabetes mellitus,ICD9,554.0
554,13530186202,114734863,2021-09-18 00:00:00.0000000,,,Proliferative diabetic retinopathy of left eye without macular edema associated with type 2 diabetes mellitus,ICD9,555.0
555,13666222513,114734863,2023-06-21 00:00:00.0000000,,,Contracture of flexor digitorum superficialis muscle,ICD9,556.0
556,13327829854,114734863,2017-09-05 00:00:00.0000000,,,Transient ischemic attack on medication,ICD9,557.0
557,13634914353,114734863,2023-01-21 00:00:00.0000000,008.45,,C. difficile diarrhea,ICD9,558.0
558,13379353862,114734863,2018-11-12 00:00:00.0000000,428.33,Acute on chronic diastolic heart failure,Acute on chronic diastolic congestive heart failure,ICD9,559.0
559,13382347130,114734863,2018-12-05 00:00:00.0000000,,,Cough,ICD9,560.0
560,13583693221,114734863,2022-11-12 00:00:00.0000000,427.31,Atrial fibrillation,Paroxysmal atrial fibrillation,ICD9,561.0
561,13376715876,114734863,2019-04-23 00:00:00.0000000,394.2,Mitral stenosis with insufficiency,Nonrheumatic mitral valve stenosis with insufficiency,ICD9,562.0
562,13602759294,114734863,2022-08-15 00:00:00.0000000,540.0,Acute appendicitis with generalized peritonitis,Perforated appendicitis,ICD9,563.0
563,13355930663,114734863,2018-05-15 00:00:00.0000000,250.70,,"Type 2 diabetes mellitus with other circulatory complication, with long-term current use of insulin",ICD9,564.0
564,13530186202,114734863,2021-09-18 00:00:00.0000000,365.12,Low tension open-angle glaucoma,"Low-tension glaucoma of left eye, severe stage",ICD9,565.0
565,13487705092,114734863,2020-12-02 00:00:00.0000000,530.81,Esophageal reflux,Gastroesophageal reflux disease,ICD9,566.0
566,13443990280,114734863,2020-02-24 00:00:00.0000000,,,Cough,ICD9,567.0
567,13640677282,114734863,2023-02-19 00:00:00.0000000,008.45,,Recurrent Clostridioides difficile diarrhea,ICD9,568.0
568,13299966193,114734863,2016-12-17 00:00:00.0000000,,,"Carotid stenosis, left",ICD9,569.0
569,13372444041,114734863,2019-01-22 00:00:00.0000000,414.01,Coronary atherosclerosis of native coronary artery,"Coronary artery disease involving native coronary artery, angina presence unspecified, unspecified whether native or transplanted heart",ICD9,570.0
570,13601115702,114734863,2022-08-07 00:00:00.0000000,428.32,Chronic diastolic heart failure,Chronic diastolic (congestive) heart failure,ICD9,571.0
571,13453854995,114734863,2020-10-20 00:00:00.0000000,403.90,"Hypertensive chronic kidney disease, unspecified, with chronic kidney disease stage I through stage IV, or unspecified",Hypertension with renal disease,ICD9,572.0
572,13590254371,114734863,2022-06-13 00:00:00.0000000,,,Weakness,ICD9,573.0
573,13594935397,114734863,2022-07-05 00:00:00.0000000,540.0,Acute appendicitis with generalized peritonitis,Appendicitis with perforation,ICD9,574.0
574,13613676742,114734863,2022-11-14 00:00:00.0000000,,,Skin erosion,ICD9,575.0
575,13377635945,114734863,2019-04-23 00:00:00.0000000,442.9,Aneurysm of unspecified site,Aneurysm,ICD9,576.0
576,13614175712,114734863,2022-10-15 00:00:00.0000000,787.91,Diarrhea,"Diarrhea, unspecified type",ICD9,577.0
577,13400494805,114734863,2019-04-23 00:00:00.0000000,401.9,Unspecified essential hypertension,Essential hypertension,ICD9,578.0
578,13445808437,114734863,2020-03-09 00:00:00.0000000,442.9,Aneurysm of unspecified site,Aneurysm,ICD9,579.0
579,13405204287,114734863,2019-10-07 00:00:00.0000000,414.01,Coronary atherosclerosis of native coronary artery,Coronary artery disease involving native coronary artery of native heart without angina pectoris,ICD9,580.0
580,13606581656,114734863,2022-09-04 00:00:00.0000000,,,Asthenia,ICD9,581.0
581,13482709793,114734863,2021-02-06 00:00:00.0000000,401.9,Unspecified essential hypertension,Essential hypertension,ICD9,582.0
582,13496339658,114734863,2021-02-06 00:00:00.0000000,787.91,Diarrhea,Diarrhea,ICD9,583.0
583,13376715876,114734863,2019-04-23 00:00:00.0000000,428.33,Acute on chronic diastolic heart failure,Acute on chronic diastolic congestive heart failure,ICD9,584.0
584,13599695903,114734863,2022-08-07 00:00:00.0000000,540.1,Acute appendicitis with peritoneal abscess,Appendiceal abscess,ICD9,585.0
585,13381895360,114734863,2018-12-02 00:00:00.0000000,403.90,"Hypertensive chronic kidney disease, unspecified, with chronic kidney disease stage I through stage IV, or unspecified",Hypertension with renal disease,ICD9,586.0
586,13453854995,114734863,2020-10-20 00:00:00.0000000,250.40,"Diabetes with renal manifestations, type II or unspecified type, not stated as uncontrolled",Diabetic nephropathy associated with type 2 diabetes mellitus,ICD9,587.0
587,13422991045,114734863,2020-02-04 00:00:00.0000000,V58.67,Long-term (current) use of insulin,"Type 2 diabetes mellitus with both eyes affected by mild nonproliferative retinopathy without macular edema, with long-term current use of insulin",ICD9,588.0
588,13601115702,114734863,2022-08-07 00:00:00.0000000,414.01,Coronary atherosclerosis of native coronary artery,Coronary artery disease involving native coronary artery of native heart without angina pectoris,ICD9,589.0
589,13599695903,114734863,2022-08-07 00:00:00.0000000,,,Dyspnea on exertion,ICD9,590.0
590,13499701009,114734863,2021-06-08 00:00:00.0000000,365.12,Low tension open-angle glaucoma,"Low-tension glaucoma of right eye, moderate stage",ICD9,591.0
591,13664880276,114734863,2023-06-17 00:00:00.0000000,428.9,"Heart failure, unspecified","Heart failure with preserved ejection fraction, unspecified HF chronicity",ICD9,592.0
592,13443291951,114734863,2020-02-19 00:00:00.0000000,428.32,Chronic diastolic heart failure,Chronic diastolic congestive heart failure,ICD9,593.0
593,13372444041,114734863,2019-01-22 00:00:00.0000000,428.33,Acute on chronic diastolic heart failure,Acute on chronic diastolic congestive heart failure,ICD9,594.0
594,13599724377,114734863,2022-07-30 00:00:00.0000000,,,Dyspnea on exertion,ICD9,595.0
595,13296562611,114734863,2016-11-30 00:00:00.0000000,250.90,"Diabetes with unspecified complication, type II or unspecified type, not stated as uncontrolled",Type 2 diabetes mellitus with complication,ICD9,596.0
596,13592832918,114734863,2022-07-03 00:00:00.0000000,789.59,Other ascites,Abdominal fluid collection,ICD9,597.0
597,13372264424,114734863,2018-09-18 00:00:00.0000000,250.70,,"Type 2 diabetes mellitus with other circulatory complication, with long-term current use of insulin",ICD9,598.0
598,13461438872,114734863,2020-12-08 00:00:00.0000000,362.04,Mild nonproliferative diabetic retinopathy,"Type 2 diabetes mellitus with both eyes affected by mild nonproliferative retinopathy without macular edema, with long-term current use of insulin",ICD9,599.0
599,13391380517,114734863,2019-06-19 00:00:00.0000000,,,OSA (obstructive sleep apnea),ICD9,600.0
600,13605800017,114734863,2022-08-31 00:00:00.0000000,,,Medication management,ICD9,601.0
601,13540686435,114734863,2021-10-12 00:00:00.0000000,438.22,"Late effects of cerebrovascular disease, hemiplegia affecting nondominant side",Hemiplegia and hemiparesis following cerebral infarction affecting left non-dominant side,ICD9,602.0
602,13583711040,114734863,2022-11-12 00:00:00.0000000,V58.67,Long-term (current) use of insulin,"Type 2 diabetes mellitus with right eye affected by mild nonproliferative retinopathy without macular edema, with long-term current use of insulin",ICD9,603.0
603,13498661086,114734863,2021-02-21 00:00:00.0000000,787.91,Diarrhea,"Diarrhea, unspecified type",ICD9,604.0
604,13499701691,114734863,2022-01-01 00:00:00.0000000,365.12,Low tension open-angle glaucoma,"Low tension glaucoma of right eye, moderate stage",ICD9,605.0
605,13408077474,114734863,2019-06-18 00:00:00.0000000,365.72,Moderate stage glaucoma,"Low tension glaucoma of right eye, moderate stage",ICD9,606.0
606,13654570019,114734863,2023-04-29 00:00:00.0000000,V65.49,Other specified counseling,Complex care coordination,ICD9,607.0
607,13661865777,114734863,2023-06-05 00:00:00.0000000,,,Obstructive sleep apnea syndrome,ICD9,608.0
608,13400494805,114734863,2019-04-23 00:00:00.0000000,,,Health care maintenance,ICD9,609.0
609,13379353862,114734863,2018-11-12 00:00:00.0000000,416.8,Other chronic pulmonary heart diseases,Pulmonary hypertension,ICD9,610.0
610,13666159543,114734863,2023-06-21 00:00:00.0000000,V72.63,Pre-procedural laboratory examination,Encounter for preoperative screening laboratory testing for COVID-19 virus,ICD9,611.0
611,13318023550,114734863,2017-12-23 00:00:00.0000000,,,Carotid artery stenosis,ICD9,612.0
612,13663559574,114734863,2023-06-11 00:00:00.0000000,707.06,"Pressure ulcer, ankle","Decubitus ulcer of left ankle, stage 2",ICD9,613.0
613,13602759294,114734863,2022-08-15 00:00:00.0000000,,,Known medical problems,ICD9,614.0
614,13418496728,114734863,2019-09-07 00:00:00.0000000,272.0,Pure hypercholesterolemia,Pure hypercholesterolemia,ICD9,615.0
615,13400472441,114734863,2019-10-07 00:00:00.0000000,428.33,Acute on chronic diastolic heart failure,Acute on chronic diastolic (congestive) heart failure,ICD9,616.0
616,13622188547,114734863,2022-11-21 00:00:00.0000000,788.20,"Retention of urine, unspecified",Urinary retention,ICD9,617.0
617,13405204287,114734863,2019-10-07 00:00:00.0000000,278.01,Morbid obesity,Morbid obesity due to excess calories,ICD9,618.0
618,13639468538,114734863,2023-03-13 00:00:00.0000000,394.2,Mitral stenosis with insufficiency,Nonrheumatic mitral valve stenosis with insufficiency,ICD9,619.0
619,13605088575,114734863,2022-09-13 00:00:00.0000000,008.45,,Clostridioides difficile diarrhea,ICD9,620.0
620,13379353862,114734863,2018-11-12 00:00:00.0000000,583.81,"Nephritis and nephropathy, not specified as acute or chronic, in diseases classified elsewhere",Diabetic nephropathy associated with type 2 diabetes mellitus,ICD9,621.0
621,13499701009,114734863,2021-06-08 00:00:00.0000000,365.12,Low tension open-angle glaucoma,"Low-tension glaucoma of left eye, severe stage",ICD9,622.0
622,13332960889,114734863,2018-02-06 00:00:00.0000000,401.1,Benign essential hypertension,Benign essential hypertension,ICD9,623.0
623,13661865777,114734863,2023-06-05 00:00:00.0000000,427.31,Atrial fibrillation,Paroxysmal atrial fibrillation,ICD9,624.0
624,13355925412,114734863,2018-05-07 00:00:00.0000000,,,Health care maintenance,ICD9,625.0
625,13450895586,114734863,2020-05-05 00:00:00.0000000,416.8,Other chronic pulmonary heart diseases,Pulmonary hypertension,ICD9,626.0
626,13668930046,114734863,2023-07-08 00:00:00.0000000,428.9,"Heart failure, unspecified","Heart failure with preserved ejection fraction, unspecified HF chronicity",ICD9,627.0
627,13645986855,114734863,2023-03-18 00:00:00.0000000,428.9,"Heart failure, unspecified",Chronic heart failure with preserved ejection fraction,ICD9,628.0
628,13643238866,114734863,2023-03-04 00:00:00.0000000,428.9,"Heart failure, unspecified",Chronic heart failure with preserved ejection fraction,ICD9,629.0
629,13388585461,114734863,2019-05-28 00:00:00.0000000,,,"Chronic kidney disease, stage III (moderate)",ICD9,630.0
630,13662091610,114734863,2023-06-04 00:00:00.0000000,883.0,"Open wound of finger(s), without mention of complication","Avulsion of finger tip, initial encounter",ICD9,631.0
631,13539207159,114734863,2022-01-25 00:00:00.0000000,362.04,Mild nonproliferative diabetic retinopathy,"Type 2 diabetes mellitus with both eyes affected by mild nonproliferative retinopathy without macular edema, with long-term current use of insulin",ICD9,632.0
632,13620265240,114734863,2023-02-18 00:00:00.0000000,,,Health care maintenance,ICD9,633.0
633,13447958363,114734863,2020-04-28 00:00:00.0000000,428.33,Acute on chronic diastolic heart failure,Acute on chronic diastolic congestive heart failure,ICD9,634.0
634,13445808437,114734863,2020-03-09 00:00:00.0000000,362.04,Mild nonproliferative diabetic retinopathy,"Type 2 diabetes mellitus with both eyes affected by mild nonproliferative retinopathy without macular edema, with long-term current use of insulin",ICD9,635.0
635,13401808896,114734863,2019-11-05 00:00:00.0000000,583.81,"Nephritis and nephropathy, not specified as acute or chronic, in diseases classified elsewhere",Diabetic nephropathy associated with type 2 diabetes mellitus,ICD9,636.0
636,13453838843,114734863,2020-10-20 00:00:00.0000000,401.9,Unspecified essential hypertension,Essential hypertension,ICD9,637.0
637,13643238866,114734863,2023-03-04 00:00:00.0000000,707.06,"Pressure ulcer, ankle","Pressure injury of left ankle, stage 1",ICD9,638.0
638,13540684535,114734863,2022-05-10 00:00:00.0000000,338.29,Other chronic pain,Chronic pain of left knee,ICD9,639.0
639,13408469069,114734863,2019-06-22 00:00:00.0000000,403.90,"Hypertensive chronic kidney disease, unspecified, with chronic kidney disease stage I through stage IV, or unspecified",Hypertension with renal disease,ICD9,640.0
640,13614175712,114734863,2022-10-15 00:00:00.0000000,428.9,"Heart failure, unspecified",Chronic heart failure with preserved ejection fraction,ICD9,641.0
641,13406393044,114734863,2019-06-19 00:00:00.0000000,,,"Asymptomatic carotid artery stenosis, unspecified laterality",ICD9,642.0
642,13324732973,114734863,2017-08-13 00:00:00.0000000,272.0,Pure hypercholesterolemia,Pure hypercholesterolemia,ICD9,643.0
643,13345288319,114734863,2018-06-05 00:00:00.0000000,428.42,Chronic combined systolic and diastolic heart failure,Chronic combined systolic and diastolic congestive heart failure,ICD9,644.0
644,13296305671,114734863,2017-04-26 00:00:00.0000000,416.8,Other chronic pulmonary heart diseases,Pulmonary hypertension,ICD9,645.0
645,13612072049,114734863,2022-10-02 00:00:00.0000000,,,Contracture of left hand,ICD9,646.0
646,13540686435,114734863,2021-10-12 00:00:00.0000000,519.4,Disorders of diaphragm,Hemidiaphragm paralysis,ICD9,647.0
647,13380620059,114734863,2018-11-21 00:00:00.0000000,,,"Asymptomatic carotid artery stenosis, unspecified laterality",ICD9,648.0
648,13357853226,114734863,2018-05-29 00:00:00.0000000,,,Asymptomatic stenosis of left carotid artery,ICD9,649.0
649,13400472441,114734863,2019-10-07 00:00:00.0000000,428.33,Acute on chronic diastolic heart failure,Acute on chronic diastolic congestive heart failure,ICD9,650.0
650,13543676751,114734863,2022-04-19 00:00:00.0000000,404.90,"Hypertensive heart and chronic kidney disease, unspecified, without heart failure and with chronic kidney disease stage I through stage IV, or unspecified",Cardiorenal syndrome with renal failure,ICD9,651.0
651,13527048173,114734863,2021-07-31 00:00:00.0000000,365.73,Severe stage glaucoma,"Low-tension glaucoma of left eye, severe stage",ICD9,652.0
652,13422991045,114734863,2020-02-04 00:00:00.0000000,278.01,Morbid obesity,Morbid obesity due to excess calories,ICD9,653.0
653,13364103008,114734863,2018-07-25 00:00:00.0000000,416.8,Other chronic pulmonary heart diseases,Pulmonary hypertension,ICD9,654.0
654,13641438805,114734863,2023-02-21 00:00:00.0000000,,,Cerebrovascular accident,ICD9,655.0
655,13425496519,114734863,2019-10-22 00:00:00.0000000,250.40,"Diabetes with renal manifestations, type II or unspecified type, not stated as uncontrolled",Diabetic nephropathy associated with type 2 diabetes mellitus,ICD9,656.0
656,13352603167,114734863,2018-04-17 00:00:00.0000000,424.0,Mitral valve disorders,Non-rheumatic mitral valve stenosis,ICD9,657.0
657,13415795270,114734863,2020-02-24 00:00:00.0000000,,,Dyspnea on exertion,ICD9,658.0
658,13661865777,114734863,2023-06-05 00:00:00.0000000,433.30,Occlusion and stenosis of multiple and bilateral precerebral arteries without mention of cerebral infarction,Bilateral carotid artery stenosis,ICD9,659.0
659,13661865777,114734863,2023-06-05 00:00:00.0000000,882.0,"Open wound of hand except finger(s) alone, without mention of complication","Open wound of left hand without foreign body, unspecified wound type, initial encounter",ICD9,660.0
660,13379353862,114734863,2018-11-12 00:00:00.0000000,414.01,Coronary atherosclerosis of native coronary artery,"Coronary artery disease involving native coronary artery, angina presence unspecified, unspecified whether native or transplanted heart",ICD9,661.0
661,13391206830,114734863,2019-02-12 00:00:00.0000000,250.40,"Diabetes with renal manifestations, type II or unspecified type, not stated as uncontrolled",Diabetic nephropathy associated with type 2 diabetes mellitus,ICD9,662.0
662,13376715876,114734863,2019-04-23 00:00:00.0000000,442.9,Aneurysm of unspecified site,Aneurysm,ICD9,663.0
663,13380652491,114734863,2018-12-26 00:00:00.0000000,,,"Asymptomatic carotid artery stenosis, unspecified laterality",ICD9,664.0
664,13443291951,114734863,2020-02-19 00:00:00.0000000,,,"CKD (chronic kidney disease) stage 3, GFR 30-59 ml/min",ICD9,665.0
665,13661557041,114734863,2023-06-07 00:00:00.0000000,V66.7,Encounter for palliative care,"Encounter for palliative care in home, non-hospice",ICD9,666.0
666,13429184713,114734863,2020-04-21 00:00:00.0000000,365.12,Low tension open-angle glaucoma,"Low-tension glaucoma of right eye, moderate stage",ICD9,667.0
667,13390663358,114734863,2019-05-04 00:00:00.0000000,404.90,"Hypertensive heart and chronic kidney disease, unspecified, without heart failure and with chronic kidney disease stage I through stage IV, or unspecified",Cardiorenal syndrome with renal failure,ICD9,668.0
668,13379353862,114734863,2018-11-12 00:00:00.0000000,394.2,Mitral stenosis with insufficiency,"Mitral stenosis with insufficiency, unspecified etiology",ICD9,669.0
669,13379353862,114734863,2018-11-12 00:00:00.0000000,V15.88,History of fall,At risk for falls,ICD9,670.0
670,13660797935,114734863,2023-05-28 00:00:00.0000000,508.2,Respiratory conditions due to smoke inhalation,Smoke inhalation,ICD9,671.0
671,13661557041,114734863,2023-06-07 00:00:00.0000000,780.93,Memory loss,Memory impairment,ICD9,672.0
672,13583720188,114734863,2022-05-10 00:00:00.0000000,416.8,Other chronic pulmonary heart diseases,Pulmonary hypertension,ICD9,673.0
673,13651517628,114734863,2023-04-16 00:00:00.0000000,707.06,"Pressure ulcer, ankle","Decubitus ulcer of left ankle, stage 3",ICD9,674.0
674,13381895360,114734863,2018-12-02 00:00:00.0000000,,,"CKD (chronic kidney disease) stage 3, GFR 30-59 ml/min",ICD9,675.0
675,13507522963,114734863,2021-04-13 00:00:00.0000000,V58.67,Long-term (current) use of insulin,"Type 2 diabetes mellitus with both eyes affected by mild nonproliferative retinopathy without macular edema, with long-term current use of insulin",ICD9,676.0
676,13583720188,114734863,2022-05-10 00:00:00.0000000,362.04,Mild nonproliferative diabetic retinopathy,"Type 2 diabetes mellitus with right eye affected by mild nonproliferative retinopathy without macular edema, with long-term current use of insulin",ICD9,677.0
677,13583693221,114734863,2022-11-12 00:00:00.0000000,V58.67,Long-term (current) use of insulin,"Type 2 diabetes mellitus with right eye affected by mild nonproliferative retinopathy without macular edema, with long-term current use of insulin",ICD9,678.0
678,13329907489,114734863,2017-10-07 00:00:00.0000000,414.00,"Coronary atherosclerosis of unspecified type of vessel, native or graft",Chronic coronary artery disease,ICD9,679.0
679,13670456408,114734863,2023-07-15 00:00:00.0000000,707.06,"Pressure ulcer, ankle","Decubitus ulcer of left ankle, stage 1",ICD9,680.0
680,13441266872,114734863,2020-06-09 00:00:00.0000000,278.01,Morbid obesity,Morbid obesity due to excess calories,ICD9,681.0
681,13649708537,114734863,2023-04-04 00:00:00.0000000,788.20,"Retention of urine, unspecified",Urine retention,ICD9,682.0
682,13353196528,114734863,2018-04-24 00:00:00.0000000,,,Chronic systolic congestive heart failure,ICD9,683.0
683,13661865777,114734863,2023-06-05 00:00:00.0000000,519.4,Disorders of diaphragm,Hemidiaphragm paralysis,ICD9,684.0
684,13443291951,114734863,2020-02-19 00:00:00.0000000,,,Hyperlipidemia LDL goal <70,ICD9,685.0
685,13368694769,114734863,2018-08-20 00:00:00.0000000,,,"CKD (chronic kidney disease) stage 3, GFR 30-59 ml/min",ICD9,686.0
686,13563731299,114734863,2022-03-29 00:00:00.0000000,,,Chronic systolic heart failure,ICD9,687.0
687,13465207021,114734863,2020-07-01 00:00:00.0000000,433.30,Occlusion and stenosis of multiple and bilateral precerebral arteries without mention of cerebral infarction,Bilateral carotid artery stenosis,ICD9,688.0
688,13619099224,114734863,2022-12-03 00:00:00.0000000,V58.67,Long-term (current) use of insulin,"Type 2 diabetes mellitus with right eye affected by mild nonproliferative retinopathy without macular edema, with long-term current use of insulin",ICD9,689.0
689,13381895360,114734863,2018-12-02 00:00:00.0000000,250.40,"Diabetes with renal manifestations, type II or unspecified type, not stated as uncontrolled",Diabetic nephropathy associated with type 2 diabetes mellitus,ICD9,690.0
690,13292421749,114734863,2016-10-09 00:00:00.0000000,V15.88,History of fall,At risk for falls,ICD9,691.0
691,13605057036,114734863,2022-08-28 00:00:00.0000000,789.59,Other ascites,Abdominal fluid collection,ICD9,692.0
692,13345924977,114734863,2018-02-13 00:00:00.0000000,272.0,Pure hypercholesterolemia,Pure hypercholesterolemia,ICD9,693.0
693,13355930663,114734863,2018-05-15 00:00:00.0000000,414.01,Coronary atherosclerosis of native coronary artery,"Coronary artery disease involving native coronary artery, angina presence unspecified, unspecified whether native or transplanted heart",ICD9,694.0
694,13619099224,114734863,2022-12-03 00:00:00.0000000,362.04,Mild nonproliferative diabetic retinopathy,"Type 2 diabetes mellitus with right eye affected by mild nonproliferative retinopathy without macular edema, with long-term current use of insulin",ICD9,695.0
695,13599234336,114734863,2022-07-27 00:00:00.0000000,540.0,Acute appendicitis with generalized peritonitis,Perforated appendicitis,ICD9,696.0
696,13616507083,114734863,2022-11-01 00:00:00.0000000,414.01,Coronary atherosclerosis of native coronary artery,Coronary artery disease involving native coronary artery of native heart without angina pectoris,ICD9,697.0
697,13429184713,114734863,2020-04-21 00:00:00.0000000,365.72,Moderate stage glaucoma,"Low-tension glaucoma of right eye, moderate stage",ICD9,698.0
698,13605088575,114734863,2022-09-13 00:00:00.0000000,788.20,"Retention of urine, unspecified",Urinary retention due to benign prostatic hyperplasia,ICD9,699.0
699,13660797935,114734863,2023-05-28 00:00:00.0000000,362.04,Mild nonproliferative diabetic retinopathy,"Type 2 diabetes mellitus with right eye affected by mild nonproliferative retinopathy without macular edema, with long-term current use of insulin",ICD9,700.0
700,13314460199,114734863,2017-05-21 00:00:00.0000000,,,Dyspnea on exertion,ICD9,701.0
701,13601115702,114734863,2022-08-07 00:00:00.0000000,,,Proliferative diabetic retinopathy of left eye without macular edema associated with type 2 diabetes mellitus,ICD9,702.0
702,13674470426,114734863,2023-08-15 00:00:00.0000000,719.54,"Stiffness of joint, not elsewhere classified, hand","Stiffness of joint, hand, left",ICD9,703.0
703,13299966135,114734863,2016-12-17 00:00:00.0000000,,,"Carotid stenosis, unspecified laterality",ICD9,704.0
704,13590254371,114734863,2022-06-13 00:00:00.0000000,,,Dyspnea on exertion,ICD9,705.0
705,13509051573,114734863,2021-10-26 00:00:00.0000000,416.8,Other chronic pulmonary heart diseases,Pulmonary hypertension,ICD9,706.0
706,13507522963,114734863,2021-04-13 00:00:00.0000000,414.01,Coronary atherosclerosis of native coronary artery,Atherosclerosis of native coronary artery of native heart without angina pectoris,ICD9,707.0
707,13666663225,114734863,2023-06-24 00:00:00.0000000,686.9,Unspecified local infection of skin and subcutaneous tissue,Soft tissue infection,ICD9,708.0
708,13450895586,114734863,2020-05-05 00:00:00.0000000,394.2,Mitral stenosis with insufficiency,Nonrheumatic mitral valve stenosis with insufficiency,ICD9,709.0
709,13334499889,114734863,2018-01-03 00:00:00.0000000,V58.67,Long-term (current) use of insulin,"Type 2 diabetes mellitus with other circulatory complication, with long-term current use of insulin",ICD9,710.0
710,13355925412,114734863,2018-05-07 00:00:00.0000000,V58.67,Long-term (current) use of insulin,"Type 2 diabetes mellitus with other circulatory complication, with long-term current use of insulin",ICD9,711.0
711,13372264424,114734863,2018-09-18 00:00:00.0000000,,,"Chronic kidney disease, stage III (moderate)",ICD9,712.0
712,13661557041,114734863,2023-06-07 00:00:00.0000000,797,Senility without mention of psychosis,Frailty,ICD9,713.0
713,13612254576,114734863,2022-10-10 00:00:00.0000000,,,Skin erosion,ICD9,714.0
714,13409073438,114734863,2019-06-25 00:00:00.0000000,,,Intolerance of continuous positive airway pressure (CPAP) ventilation,ICD9,715.0
715,13540684535,114734863,2022-05-10 00:00:00.0000000,719.46,"Pain in joint, lower leg",Chronic pain of left knee,ICD9,716.0
716,13605630120,114734863,2022-08-30 00:00:00.0000000,,,ERRONEOUS ENCOUNTER--DISREGARD,ICD9,717.0
717,13379546579,114734863,2018-12-16 00:00:00.0000000,493.92,"Asthma, unspecified type, with (acute) exacerbation",Severe persistent asthma with acute exacerbation,ICD9,718.0
718,13413074558,114734863,2019-08-19 00:00:00.0000000,,,Cough,ICD9,719.0
719,13599695903,114734863,2022-08-07 00:00:00.0000000,079.89,Other specified viral infection,COVID-19,ICD9,720.0
720,13579282929,114734863,2022-10-18 00:00:00.0000000,,,Stage 3a chronic kidney disease,ICD9,721.0
721,13390663358,114734863,2019-05-04 00:00:00.0000000,583.81,"Nephritis and nephropathy, not specified as acute or chronic, in diseases classified elsewhere",Diabetic nephropathy associated with type 2 diabetes mellitus,ICD9,722.0
722,13355916717,114734863,2018-10-30 00:00:00.0000000,,,"Chronic kidney disease, stage III (moderate)",ICD9,723.0
723,13599695903,114734863,2022-08-07 00:00:00.0000000,433.30,Occlusion and stenosis of multiple and bilateral precerebral arteries without mention of cerebral infarction,Bilateral carotid artery stenosis,ICD9,724.0
724,13583720188,114734863,2022-05-10 00:00:00.0000000,278.01,Morbid obesity,Morbid obesity due to excess calories,ICD9,725.0
725,13635736305,114734863,2023-02-08 00:00:00.0000000,788.20,"Retention of urine, unspecified",Urinary retention due to benign prostatic hyperplasia,ICD9,726.0
726,13306420186,114734863,2017-02-05 00:00:00.0000000,,,Cough,ICD9,727.0
727,13499701009,114734863,2021-06-08 00:00:00.0000000,365.72,Moderate stage glaucoma,"Low-tension glaucoma of right eye, moderate stage",ICD9,728.0
728,13401808896,114734863,2019-11-05 00:00:00.0000000,250.40,"Diabetes with renal manifestations, type II or unspecified type, not stated as uncontrolled",Diabetic nephropathy associated with type 2 diabetes mellitus,ICD9,729.0
729,13482627158,114734863,2021-04-24 00:00:00.0000000,404.90,"Hypertensive heart and chronic kidney disease, unspecified, without heart failure and with chronic kidney disease stage I through stage IV, or unspecified",Cardiorenal syndrome with renal failure,ICD9,730.0
730,13540686435,114734863,2021-10-12 00:00:00.0000000,442.9,Aneurysm of unspecified site,Aneurysm,ICD9,731.0
731,13405204287,114734863,2019-10-07 00:00:00.0000000,428.33,Acute on chronic diastolic heart failure,Acute on chronic diastolic congestive heart failure,ICD9,732.0
732,13558375868,114734863,2022-01-01 00:00:00.0000000,,,"Chronic kidney disease, stage III (moderate)",ICD9,733.0
733,13450895586,114734863,2020-05-05 00:00:00.0000000,428.32,Chronic diastolic heart failure,Chronic diastolic (congestive) heart failure,ICD9,734.0
734,13329907489,114734863,2017-10-07 00:00:00.0000000,401.9,Unspecified essential hypertension,Essential hypertension,ICD9,735.0
735,13618572381,114734863,2022-11-05 00:00:00.0000000,787.91,Diarrhea,"Diarrhea, unspecified type",ICD9,736.0
736,13641872269,114734863,2023-02-25 00:00:00.0000000,V55.5,Attention to cystostomy,Encounter for care or replacement of suprapubic tube,ICD9,737.0
737,13662091610,114734863,2023-06-04 00:00:00.0000000,008.45,,Recurrent Clostridioides difficile diarrhea,ICD9,738.0
738,13355925412,114734863,2018-05-07 00:00:00.0000000,250.70,,"Type 2 diabetes mellitus with other circulatory complication, with long-term current use of insulin",ICD9,739.0
739,13645986855,114734863,2023-03-18 00:00:00.0000000,787.91,Diarrhea,"Diarrhea, unspecified type",ICD9,740.0
740,13482708956,114734863,2020-10-20 00:00:00.0000000,V15.88,History of fall,At risk for falls,ICD9,741.0
741,13516566349,114734863,2021-10-05 00:00:00.0000000,362.04,Mild nonproliferative diabetic retinopathy,"Type 2 diabetes mellitus with both eyes affected by mild nonproliferative retinopathy without macular edema, with long-term current use of insulin",ICD9,742.0
742,13465207021,114734863,2020-07-01 00:00:00.0000000,428.33,Acute on chronic diastolic heart failure,Acute on chronic diastolic congestive heart failure,ICD9,743.0
743,13327829854,114734863,2017-09-05 00:00:00.0000000,,,Dyspnea on exertion,ICD9,744.0
744,13607188762,114734863,2022-09-10 00:00:00.0000000,311,"Depressive disorder, not elsewhere classified","Depression, unspecified depression type",ICD9,745.0
745,13376768412,114734863,2019-06-22 00:00:00.0000000,V58.67,Long-term (current) use of insulin,"Type 2 diabetes mellitus with both eyes affected by mild nonproliferative retinopathy without macular edema, with long-term current use of insulin",ICD9,746.0
746,13670277472,114734863,2023-07-12 00:00:00.0000000,729.5,Pain in limb,Pain of right forearm,ICD9,747.0
747,13676064215,114734863,2023-08-13 00:00:00.0000000,079.89,Other specified viral infection,COVID-19,ICD9,748.0
748,13332884236,114734863,2017-10-23 00:00:00.0000000,585.9,"Chronic kidney disease, unspecified","CKD (chronic kidney disease), unspecified stage",ICD9,749.0
749,13331080033,114734863,2017-12-23 00:00:00.0000000,416.8,Other chronic pulmonary heart diseases,Pulmonary hypertension,ICD9,750.0
750,13482709793,114734863,2021-02-06 00:00:00.0000000,278.01,Morbid obesity,Morbid obesity due to excess calories,ICD9,751.0
751,13400494805,114734863,2019-04-23 00:00:00.0000000,394.2,Mitral stenosis with insufficiency,"Mitral stenosis with insufficiency, unspecified etiology",ICD9,752.0
752,13666169148,114734863,2023-07-01 00:00:00.0000000,V01.79,,Encounter for preoperative screening laboratory testing for COVID-19 virus,ICD9,753.0
753,13400491185,114734863,2019-10-07 00:00:00.0000000,278.01,Morbid obesity,Morbid obesity due to excess calories,ICD9,754.0
754,13388585461,114734863,2019-05-28 00:00:00.0000000,404.90,"Hypertensive heart and chronic kidney disease, unspecified, without heart failure and with chronic kidney disease stage I through stage IV, or unspecified",Cardiorenal syndrome with renal failure,ICD9,755.0
755,13376715876,114734863,2019-04-23 00:00:00.0000000,799.9,Other unknown and unspecified cause of morbidity and mortality,Diagnosis unknown,ICD9,756.0
756,13372444041,114734863,2019-01-22 00:00:00.0000000,250.70,,"Type 2 diabetes mellitus with other circulatory complication, with long-term current use of insulin",ICD9,757.0
757,13543215458,114734863,2022-03-26 00:00:00.0000000,362.57,Drusen (degenerative),Drusen of right macula,ICD9,758.0
758,13306137772,114734863,2017-02-05 00:00:00.0000000,278.00,"Obesity, unspecified",Obesity (BMI 30-39.9),ICD9,759.0
759,13377635945,114734863,2019-04-23 00:00:00.0000000,250.70,,"Type 2 diabetes mellitus with other circulatory complication, with long-term current use of insulin",ICD9,760.0
760,13507213825,114734863,2021-04-13 00:00:00.0000000,414.00,"Coronary atherosclerosis of unspecified type of vessel, native or graft",Chronic coronary artery disease,ICD9,761.0
761,13666663225,114734863,2023-06-24 00:00:00.0000000,250.80,"Diabetes with other specified manifestations, type II or unspecified type, not stated as uncontrolled",Diabetic skin ulcer,ICD9,762.0
762,13339987805,114734863,2018-05-07 00:00:00.0000000,442.9,Aneurysm of unspecified site,Aneurysm,ICD9,763.0
763,13676060266,114734863,2023-08-13 00:00:00.0000000,079.89,Other specified viral infection,COVID-19,ICD9,764.0
764,13535973488,114734863,2021-09-18 00:00:00.0000000,,,"Chronic kidney disease, stage III (moderate)",ICD9,765.0
765,13499701691,114734863,2022-01-01 00:00:00.0000000,365.73,Severe stage glaucoma,"Low-tension glaucoma of left eye, severe stage",ICD9,766.0
766,13616507083,114734863,2022-11-01 00:00:00.0000000,428.43,Acute on chronic combined systolic and diastolic heart failure,Acute on chronic combined systolic and diastolic congestive heart failure,ICD9,767.0
767,13482709793,114734863,2021-02-06 00:00:00.0000000,428.32,Chronic diastolic heart failure,Chronic diastolic (congestive) heart failure,ICD9,768.0
768,13415718725,114734863,2020-02-24 00:00:00.0000000,,,Hyperlipidemia LDL goal <70,ICD9,769.0
769,13453838843,114734863,2020-10-20 00:00:00.0000000,442.9,Aneurysm of unspecified site,Aneurysm,ICD9,770.0
770,13633223615,114734863,2023-01-11 00:00:00.0000000,365.73,Severe stage glaucoma,"Low-tension glaucoma of left eye, severe stage",ICD9,771.0
771,13329907489,114734863,2017-10-07 00:00:00.0000000,416.8,Other chronic pulmonary heart diseases,Pulmonary hypertension,ICD9,772.0
772,13658468540,114734863,2023-05-21 00:00:00.0000000,362.04,Mild nonproliferative diabetic retinopathy,"Type 2 diabetes mellitus with right eye affected by mild nonproliferative retinopathy without macular edema, with long-term current use of insulin",ICD9,773.0
773,13397709508,114734863,2019-04-01 00:00:00.0000000,,,"CKD (chronic kidney disease) stage 3, GFR 30-59 ml/min",ICD9,774.0
774,13603440000,114734863,2022-09-12 00:00:00.0000000,540.0,Acute appendicitis with generalized peritonitis,Perforated appendicitis,ICD9,775.0
775,13379856584,114734863,2018-11-17 00:00:00.0000000,428.9,"Heart failure, unspecified",(HFpEF) heart failure with preserved ejection fraction,ICD9,776.0
776,13354869659,114734863,2018-05-21 00:00:00.0000000,428.9,"Heart failure, unspecified",(HFpEF) heart failure with preserved ejection fraction,ICD9,777.0
777,13670456408,114734863,2023-07-15 00:00:00.0000000,V49.62,Other finger(s) amputation status,History of surgical amputation of finger of left hand,ICD9,778.0
778,13355916717,114734863,2018-10-30 00:00:00.0000000,394.2,Mitral stenosis with insufficiency,"Mitral stenosis with insufficiency, unspecified etiology",ICD9,779.0
779,13583720188,114734863,2022-05-10 00:00:00.0000000,,,Stage 3b chronic kidney disease,ICD9,780.0
780,13379856584,114734863,2018-11-17 00:00:00.0000000,428.32,Chronic diastolic heart failure,Chronic diastolic heart failure,ICD9,781.0
781,13644334588,114734863,2023-03-08 00:00:00.0000000,719.46,"Pain in joint, lower leg","Left knee pain, unspecified chronicity",ICD9,782.0
782,13379353862,114734863,2018-11-12 00:00:00.0000000,V58.67,Long-term (current) use of insulin,"Type 2 diabetes mellitus with other circulatory complication, with long-term current use of insulin",ICD9,783.0
783,13316838612,114734863,2017-05-23 00:00:00.0000000,786.05,Shortness of breath,Shortness of breath,ICD9,784.0
784,13645528040,114734863,2023-03-14 00:00:00.0000000,891.0,"Open wound of knee, leg [except thigh], and ankle, without mention of complication",Wound of left ankle,ICD9,785.0
785,13617700114,114734863,2022-11-06 00:00:00.0000000,797,Senility without mention of psychosis,Frailty syndrome in geriatric patient,ICD9,786.0
786,13633223615,114734863,2023-01-11 00:00:00.0000000,365.72,Moderate stage glaucoma,"Low tension glaucoma of right eye, moderate stage",ICD9,787.0
787,13507213825,114734863,2021-04-13 00:00:00.0000000,519.4,Disorders of diaphragm,Hemidiaphragm paralysis,ICD9,788.0
788,13400497660,114734863,2019-08-19 00:00:00.0000000,519.4,Disorders of diaphragm,Hemidiaphragm paralysis,ICD9,789.0
789,13305500656,114734863,2017-05-23 00:00:00.0000000,414.00,"Coronary atherosclerosis of unspecified type of vessel, native or graft",Chronic coronary artery disease,ICD9,790.0
790,13332884236,114734863,2017-10-23 00:00:00.0000000,272.0,Pure hypercholesterolemia,Pure hypercholesterolemia,ICD9,791.0
791,13450895586,114734863,2020-05-05 00:00:00.0000000,414.01,Coronary atherosclerosis of native coronary artery,"Atherosclerosis of coronary artery of native heart, angina presence unspecified, unspecified vessel or lesion type",ICD9,792.0
792,13623292239,114734863,2023-01-23 00:00:00.0000000,,,Skin erosion,ICD9,793.0
793,13306436556,114734863,2017-08-07 00:00:00.0000000,,,Obstructive sleep apnea syndrome,ICD9,794.0
794,13482708956,114734863,2020-10-20 00:00:00.0000000,394.2,Mitral stenosis with insufficiency,Nonrheumatic mitral valve stenosis with insufficiency,ICD9,795.0
795,13306436556,114734863,2017-08-07 00:00:00.0000000,250.70,,"Type 2 diabetes mellitus with other circulatory complication, with long-term current use of insulin",ICD9,796.0
796,13354090874,114734863,2018-05-28 00:00:00.0000000,428.43,Acute on chronic combined systolic and diastolic heart failure,Acute on chronic combined systolic and diastolic congestive heart failure,ICD9,797.0
797,13592822646,114734863,2022-06-25 00:00:00.0000000,789.59,Other ascites,Abdominal fluid collection,ICD9,798.0
798,13445808437,114734863,2020-03-09 00:00:00.0000000,,,Dyspnea on exertion,ICD9,799.0
799,13450895586,114734863,2020-05-05 00:00:00.0000000,428.32,Chronic diastolic heart failure,Chronic diastolic congestive heart failure,ICD9,800.0
800,13645986855,114734863,2023-03-18 00:00:00.0000000,707.06,"Pressure ulcer, ankle","Pressure injury of left ankle, stage 2",ICD9,801.0
801,13326748878,114734863,2018-02-20 00:00:00.0000000,365.12,Low tension open-angle glaucoma,"Low tension glaucoma of right eye, moderate stage",ICD9,802.0
802,13352603167,114734863,2018-04-17 00:00:00.0000000,,,Chronic systolic congestive heart failure,ICD9,803.0
803,13441266872,114734863,2020-06-09 00:00:00.0000000,362.04,Mild nonproliferative diabetic retinopathy,"Type 2 diabetes mellitus with both eyes affected by mild nonproliferative retinopathy without macular edema, with long-term current use of insulin",ICD9,804.0
804,13453838843,114734863,2020-10-20 00:00:00.0000000,433.30,Occlusion and stenosis of multiple and bilateral precerebral arteries without mention of cerebral infarction,Bilateral carotid artery stenosis,ICD9,805.0
805,13340015772,114734863,2017-12-23 00:00:00.0000000,428.20,"Systolic heart failure, unspecified","Systolic congestive heart failure, unspecified congestive heart failure chronicity",ICD9,806.0
806,13608043913,114734863,2022-09-14 00:00:00.0000000,,,Contracture of joint of left hand,ICD9,807.0
807,13574735169,114734863,2022-03-26 00:00:00.0000000,583.81,"Nephritis and nephropathy, not specified as acute or chronic, in diseases classified elsewhere",Diabetic nephropathy associated with type 2 diabetes mellitus,ICD9,808.0
808,13543215458,114734863,2022-03-26 00:00:00.0000000,,,Proliferative diabetic retinopathy of left eye without macular edema associated with type 2 diabetes mellitus,ICD9,809.0
809,13641212427,114734863,2023-02-20 00:00:00.0000000,008.45,,Recurrent Clostridioides difficile diarrhea,ICD9,810.0
810,13346620868,114734863,2018-02-19 00:00:00.0000000,365.72,Moderate stage glaucoma,"Low-tension glaucoma of both eyes, moderate stage",ICD9,811.0
811,13633223615,114734863,2023-01-11 00:00:00.0000000,365.12,Low tension open-angle glaucoma,"Low-tension glaucoma of left eye, severe stage",ICD9,812.0
812,13605088575,114734863,2022-09-13 00:00:00.0000000,,,Chronic systolic congestive heart failure,ICD9,813.0
813,13583693221,114734863,2022-11-12 00:00:00.0000000,,,Dyspnea on exertion,ICD9,814.0
814,13400497660,114734863,2019-08-19 00:00:00.0000000,786.05,Shortness of breath,Shortness of breath,ICD9,815.0
815,13453838843,114734863,2020-10-20 00:00:00.0000000,362.04,Mild nonproliferative diabetic retinopathy,"Type 2 diabetes mellitus with both eyes affected by mild nonproliferative retinopathy without macular edema, with long-term current use of insulin",ICD9,816.0
816,13661865777,114734863,2023-06-05 00:00:00.0000000,V58.67,Long-term (current) use of insulin,"Type 2 diabetes mellitus with diabetic peripheral angiopathy without gangrene, with long-term current use of insulin",ICD9,817.0
817,13641872269,114734863,2023-02-25 00:00:00.0000000,008.45,,Recurrent Clostridioides difficile diarrhea,ICD9,818.0
818,13353196772,114734863,2018-10-23 00:00:00.0000000,428.30,"Diastolic heart failure, unspecified","Diastolic congestive heart failure, unspecified congestive heart failure chronicity",ICD9,819.0
819,13616507083,114734863,2022-11-01 00:00:00.0000000,427.31,Atrial fibrillation,Paroxysmal atrial fibrillation,ICD9,820.0
820,13329201477,114734863,2017-10-23 00:00:00.0000000,250.40,"Diabetes with renal manifestations, type II or unspecified type, not stated as uncontrolled",Diabetic nephropathy associated with type 2 diabetes mellitus,ICD9,821.0
821,13639672768,114734863,2023-02-13 00:00:00.0000000,008.45,,Clostridioides difficile diarrhea,ICD9,822.0
822,13391266949,114734863,2019-02-12 00:00:00.0000000,799.9,Other unknown and unspecified cause of morbidity and mortality,Diagnosis unknown,ICD9,823.0
823,13391380517,114734863,2019-06-19 00:00:00.0000000,799.9,Other unknown and unspecified cause of morbidity and mortality,Diagnosis unknown,ICD9,824.0
824,13441266872,114734863,2020-06-09 00:00:00.0000000,,,"Chronic kidney disease, stage III (moderate)",ICD9,825.0
825,13345289670,114734863,2018-02-06 00:00:00.0000000,,,"Chronic kidney disease, stage III (moderate)",ICD9,826.0
826,13422263086,114734863,2019-10-02 00:00:00.0000000,428.32,Chronic diastolic heart failure,Chronic diastolic congestive heart failure,ICD9,827.0
827,13352603167,114734863,2018-04-17 00:00:00.0000000,414.01,Coronary atherosclerosis of native coronary artery,"Coronary artery disease involving native coronary artery, angina presence unspecified, unspecified whether native or transplanted heart",ICD9,828.0
828,13355916717,114734863,2018-10-30 00:00:00.0000000,,,Obstructive sleep apnea syndrome,ICD9,829.0
829,13583693221,114734863,2022-11-12 00:00:00.0000000,V65.49,Other specified counseling,Advance care planning,ICD9,830.0
830,13327829854,114734863,2017-09-05 00:00:00.0000000,414.01,Coronary atherosclerosis of native coronary artery,Atherosclerosis of native coronary artery of native heart without angina pectoris,ICD9,831.0
831,13648979254,114734863,2023-04-02 00:00:00.0000000,707.06,"Pressure ulcer, ankle","Decubitus ulcer of left ankle, stage 3",ICD9,832.0
832,13334499889,114734863,2018-01-03 00:00:00.0000000,250.70,,"Type 2 diabetes mellitus with other circulatory complication, with long-term current use of insulin",ICD9,833.0
833,13429192248,114734863,2019-11-16 00:00:00.0000000,,,"CKD (chronic kidney disease) stage 3, GFR 30-59 ml/min",ICD9,834.0
834,13635736305,114734863,2023-02-08 00:00:00.0000000,600.91,,Urinary retention due to benign prostatic hyperplasia,ICD9,835.0
835,13592811351,114734863,2022-07-03 00:00:00.0000000,540.0,Acute appendicitis with generalized peritonitis,Perforated appendicitis,ICD9,836.0
836,13355930663,114734863,2018-05-15 00:00:00.0000000,401.9,Unspecified essential hypertension,Essential hypertension,ICD9,837.0
837,13316836868,114734863,2017-05-23 00:00:00.0000000,786.05,Shortness of breath,Shortness of breath,ICD9,838.0
838,13670708949,114734863,2023-07-23 00:00:00.0000000,729.5,Pain in limb,Left arm pain,ICD9,839.0
839,13454933652,114734863,2020-07-18 00:00:00.0000000,428.32,Chronic diastolic heart failure,Chronic diastolic congestive heart failure,ICD9,840.0
840,13299764354,114734863,2016-12-03 00:00:00.0000000,,,Carotid arterial disease,ICD9,841.0
841,13331080033,114734863,2017-12-23 00:00:00.0000000,519.4,Disorders of diaphragm,Hemidiaphragm paralysis,ICD9,842.0
842,13381895360,114734863,2018-12-02 00:00:00.0000000,404.90,"Hypertensive heart and chronic kidney disease, unspecified, without heart failure and with chronic kidney disease stage I through stage IV, or unspecified",Cardiorenal syndrome with renal failure,ICD9,843.0
843,13644882989,114734863,2023-03-11 00:00:00.0000000,428.9,"Heart failure, unspecified",Chronic heart failure with preserved ejection fraction,ICD9,844.0
844,13408106002,114734863,2019-06-18 00:00:00.0000000,365.72,Moderate stage glaucoma,"Low tension glaucoma of right eye, moderate stage",ICD9,845.0
845,13498424316,114734863,2021-02-27 00:00:00.0000000,365.72,Moderate stage glaucoma,"Low tension glaucoma of right eye, moderate stage",ICD9,846.0
846,13607416327,114734863,2022-09-07 00:00:00.0000000,788.20,"Retention of urine, unspecified",Benign prostatic hyperplasia with urinary retention,ICD9,847.0
847,13331080033,114734863,2017-12-23 00:00:00.0000000,428.20,"Systolic heart failure, unspecified","Systolic congestive heart failure, unspecified congestive heart failure chronicity",ICD9,848.0
848,13365977708,114734863,2018-11-14 00:00:00.0000000,799.9,Other unknown and unspecified cause of morbidity and mortality,Diagnosis unknown,ICD9,849.0
849,13615078801,114734863,2022-10-17 00:00:00.0000000,891.0,"Open wound of knee, leg [except thigh], and ankle, without mention of complication",Wound of left ankle,ICD9,850.0
850,13608167276,114734863,2022-09-13 00:00:00.0000000,540.1,Acute appendicitis with peritoneal abscess,Appendiceal abscess,ICD9,851.0
851,13605088575,114734863,2022-09-13 00:00:00.0000000,600.91,,Urinary retention due to benign prostatic hyperplasia,ICD9,852.0
852,13535973488,114734863,2021-09-18 00:00:00.0000000,250.40,"Diabetes with renal manifestations, type II or unspecified type, not stated as uncontrolled",Diabetic nephropathy associated with type 2 diabetes mellitus,ICD9,853.0
853,13345288319,114734863,2018-06-05 00:00:00.0000000,403.90,"Hypertensive chronic kidney disease, unspecified, with chronic kidney disease stage I through stage IV, or unspecified",Hypertension with renal disease,ICD9,854.0
854,13607188762,114734863,2022-09-10 00:00:00.0000000,428.9,"Heart failure, unspecified","Heart failure with preserved ejection fraction, unspecified HF chronicity",ICD9,855.0
855,13361535956,114734863,2018-06-19 00:00:00.0000000,272.2,Mixed hyperlipidemia,Mixed hyperlipidemia,ICD9,856.0
856,13379353862,114734863,2018-11-12 00:00:00.0000000,786.05,Shortness of breath,Shortness of breath,ICD9,857.0
857,13429192248,114734863,2019-11-16 00:00:00.0000000,583.81,"Nephritis and nephropathy, not specified as acute or chronic, in diseases classified elsewhere",Diabetic nephropathy associated with type 2 diabetes mellitus,ICD9,858.0
858,13610484612,114734863,2022-09-24 00:00:00.0000000,428.9,"Heart failure, unspecified","Heart failure with preserved ejection fraction, unspecified HF chronicity",ICD9,859.0
859,13601395944,114734863,2022-08-08 00:00:00.0000000,787.91,Diarrhea,"Diarrhea, unspecified type",ICD9,860.0
860,13496023527,114734863,2021-02-03 00:00:00.0000000,365.72,Moderate stage glaucoma,"Low tension glaucoma of right eye, moderate stage",ICD9,861.0
861,13496023527,114734863,2021-02-03 00:00:00.0000000,365.12,Low tension open-angle glaucoma,"Low tension glaucoma of right eye, moderate stage",ICD9,862.0
862,13391206830,114734863,2019-02-12 00:00:00.0000000,,,"CKD (chronic kidney disease) stage 3, GFR 30-59 ml/min",ICD9,863.0
863,13509051573,114734863,2021-10-26 00:00:00.0000000,426.0,"Atrioventricular block, complete","Atrioventricular block, complete",ICD9,864.0
864,13556396439,114734863,2021-12-21 00:00:00.0000000,272.0,Pure hypercholesterolemia,Pure hypercholesterolemia,ICD9,865.0
865,13638217844,114734863,2023-02-05 00:00:00.0000000,272.0,Pure hypercholesterolemia,Pure hypercholesterolemia,ICD9,866.0
866,13388585461,114734863,2019-05-28 00:00:00.0000000,414.01,Coronary atherosclerosis of native coronary artery,Coronary artery disease involving native coronary artery of native heart without angina pectoris,ICD9,867.0
867,13579282929,114734863,2022-10-18 00:00:00.0000000,416.8,Other chronic pulmonary heart diseases,Pulmonary hypertension,ICD9,868.0
868,13388023851,114734863,2019-04-09 00:00:00.0000000,365.72,Moderate stage glaucoma,"Low-tension glaucoma of right eye, moderate stage",ICD9,869.0
869,13324310124,114734863,2017-08-07 00:00:00.0000000,272.0,Pure hypercholesterolemia,Pure hypercholesterolemia,ICD9,870.0
870,13415795270,114734863,2020-02-24 00:00:00.0000000,519.4,Disorders of diaphragm,Hemidiaphragm paralysis,ICD9,871.0
871,13453838843,114734863,2020-10-20 00:00:00.0000000,,,Proliferative diabetic retinopathy of left eye without macular edema associated with type 2 diabetes mellitus,ICD9,872.0
872,13305500656,114734863,2017-05-23 00:00:00.0000000,414.01,Coronary atherosclerosis of native coronary artery,Atherosclerosis of native coronary artery of native heart without angina pectoris,ICD9,873.0
873,13623292239,114734863,2023-01-23 00:00:00.0000000,788.20,"Retention of urine, unspecified",Urinary retention,ICD9,874.0
874,13610502819,114734863,2022-09-24 00:00:00.0000000,540.1,Acute appendicitis with peritoneal abscess,Appendiceal abscess,ICD9,875.0
875,13619002333,114734863,2022-11-06 00:00:00.0000000,,,Dyspnea on exertion,ICD9,876.0
876,13603558111,114734863,2022-09-13 00:00:00.0000000,008.45,,Clostridioides difficile diarrhea,ICD9,877.0
877,13400491185,114734863,2019-10-07 00:00:00.0000000,362.04,Mild nonproliferative diabetic retinopathy,"Type 2 diabetes mellitus with both eyes affected by mild nonproliferative retinopathy without macular edema, with long-term current use of insulin",ICD9,878.0
878,13563027403,114734863,2022-05-10 00:00:00.0000000,V58.67,Long-term (current) use of insulin,"Type 2 diabetes mellitus with right eye affected by mild nonproliferative retinopathy without macular edema, with long-term current use of insulin",ICD9,879.0
879,13540684535,114734863,2022-05-10 00:00:00.0000000,,,Stage 3b chronic kidney disease,ICD9,880.0
880,13372444041,114734863,2019-01-22 00:00:00.0000000,V58.67,Long-term (current) use of insulin,"Type 2 diabetes mellitus with other circulatory complication, with long-term current use of insulin",ICD9,881.0
881,13610191355,114734863,2022-09-24 00:00:00.0000000,799.3,"Debility, unspecified",Physical deconditioning,ICD9,882.0
882,13450895586,114734863,2020-05-05 00:00:00.0000000,414.00,"Coronary atherosclerosis of unspecified type of vessel, native or graft",Chronic coronary artery disease,ICD9,883.0
883,13388023851,114734863,2019-04-09 00:00:00.0000000,365.12,Low tension open-angle glaucoma,"Low-tension glaucoma of left eye, severe stage",ICD9,884.0
884,13540686435,114734863,2021-10-12 00:00:00.0000000,433.30,Occlusion and stenosis of multiple and bilateral precerebral arteries without mention of cerebral infarction,Bilateral carotid artery stenosis,ICD9,885.0
885,13324310124,114734863,2017-08-07 00:00:00.0000000,V58.67,Long-term (current) use of insulin,"Type 2 diabetes mellitus with other circulatory complication, with long-term current use of insulin",ICD9,886.0
886,13339987805,114734863,2018-05-07 00:00:00.0000000,394.2,Mitral stenosis with insufficiency,Nonrheumatic mitral valve stenosis with insufficiency,ICD9,887.0
887,13608043913,114734863,2022-09-14 00:00:00.0000000,428.9,"Heart failure, unspecified","Heart failure with preserved ejection fraction, unspecified HF chronicity",ICD9,888.0
888,13306436556,114734863,2017-08-07 00:00:00.0000000,V58.67,Long-term (current) use of insulin,"Type 2 diabetes mellitus with other circulatory complication, with long-term current use of insulin",ICD9,889.0
889,13675294643,114734863,2023-08-08 00:00:00.0000000,V44.50,"Cystostomy, unspecified",Chronic suprapubic catheter,ICD9,890.0
890,13669989671,114734863,2023-07-11 00:00:00.0000000,719.54,"Stiffness of joint, not elsewhere classified, hand","Stiffness of joint, hand, left",ICD9,891.0
891,13611854936,114734863,2022-10-02 00:00:00.0000000,799.3,"Debility, unspecified",Physical deconditioning,ICD9,892.0
892,13408065123,114734863,2019-06-18 00:00:00.0000000,365.72,Moderate stage glaucoma,"Low tension glaucoma of right eye, moderate stage",ICD9,893.0
893,13400497660,114734863,2019-08-19 00:00:00.0000000,,,Obstructive sleep apnea syndrome,ICD9,894.0
894,13385155835,114734863,2018-12-26 00:00:00.0000000,,,"CKD (chronic kidney disease) stage 3, GFR 30-59 ml/min",ICD9,895.0
895,13606853883,114734863,2022-09-07 00:00:00.0000000,,,Skin erosion,ICD9,896.0
896,13482709793,114734863,2021-02-06 00:00:00.0000000,,,Obstructive sleep apnea syndrome,ICD9,897.0
897,13453838843,114734863,2020-10-20 00:00:00.0000000,,,Health care maintenance,ICD9,898.0
898,13400494805,114734863,2019-04-23 00:00:00.0000000,278.01,Morbid obesity,Morbid obesity due to excess calories,ICD9,899.0
899,13507522963,114734863,2021-04-13 00:00:00.0000000,519.4,Disorders of diaphragm,Hemidiaphragm paralysis,ICD9,900.0
900,13482280239,114734863,2020-10-18 00:00:00.0000000,,,"CKD (chronic kidney disease) stage 3, GFR 30-59 ml/min",ICD9,901.0
901,13608043913,114734863,2022-09-14 00:00:00.0000000,458.9,"Hypotension, unspecified","Hypotension, unspecified hypotension type",ICD9,902.0
902,13543676751,114734863,2022-04-19 00:00:00.0000000,583.81,"Nephritis and nephropathy, not specified as acute or chronic, in diseases classified elsewhere",Diabetic nephropathy associated with type 2 diabetes mellitus,ICD9,903.0
903,13329907489,114734863,2017-10-07 00:00:00.0000000,355.9,Mononeuritis of unspecified site,Neuropathy,ICD9,904.0
904,13379353862,114734863,2018-11-12 00:00:00.0000000,401.9,Unspecified essential hypertension,Essential hypertension,ICD9,905.0
905,13311946658,114734863,2017-06-07 00:00:00.0000000,786.05,Shortness of breath,SOB (shortness of breath),ICD9,906.0
906,13507518489,114734863,2021-10-12 00:00:00.0000000,,,Cognitive decline,ICD9,907.0
907,13372334663,114734863,2018-10-16 00:00:00.0000000,403.90,"Hypertensive chronic kidney disease, unspecified, with chronic kidney disease stage I through stage IV, or unspecified",Hypertension with renal disease,ICD9,908.0
908,13507518489,114734863,2021-10-12 00:00:00.0000000,V58.67,Long-term (current) use of insulin,"Type 2 diabetes mellitus with both eyes affected by mild nonproliferative retinopathy without macular edema, with long-term current use of insulin",ICD9,909.0
909,13675294643,114734863,2023-08-08 00:00:00.0000000,787.91,Diarrhea,"Diarrhea, unspecified type",ICD9,910.0
910,13453838843,114734863,2020-10-20 00:00:00.0000000,,,"Chronic kidney disease, stage III (moderate)",ICD9,911.0
911,13345288319,114734863,2018-06-05 00:00:00.0000000,,,"Chronic kidney disease, stage III (moderate)",ICD9,912.0
912,13409153130,114734863,2019-06-26 00:00:00.0000000,362.03,,Nonproliferative diabetic retinopathy of both eyes,ICD9,913.0
913,13507522963,114734863,2021-04-13 00:00:00.0000000,,,Severe persistent asthma without complication,ICD9,914.0
914,13499701691,114734863,2022-01-01 00:00:00.0000000,365.72,Moderate stage glaucoma,"Low tension glaucoma of right eye, moderate stage",ICD9,915.0
915,13392953340,114734863,2019-02-24 00:00:00.0000000,250.40,"Diabetes with renal manifestations, type II or unspecified type, not stated as uncontrolled",Diabetic nephropathy associated with type 2 diabetes mellitus,ICD9,916.0
916,13453838843,114734863,2020-10-20 00:00:00.0000000,V15.88,History of fall,At risk for falls,ICD9,917.0
917,13408463535,114734863,2020-07-01 00:00:00.0000000,,,Proliferative diabetic retinopathy of left eye without macular edema associated with type 2 diabetes mellitus,ICD9,918.0
918,13608774295,114734863,2022-09-19 00:00:00.0000000,540.1,Acute appendicitis with peritoneal abscess,Appendiceal abscess,ICD9,919.0
919,13355916717,114734863,2018-10-30 00:00:00.0000000,416.8,Other chronic pulmonary heart diseases,Pulmonary hypertension,ICD9,920.0
920,13645986855,114734863,2023-03-18 00:00:00.0000000,715.96,"Osteoarthrosis, unspecified whether generalized or localized, lower leg","Osteoarthritis of left knee, unspecified osteoarthritis type",ICD9,921.0
921,13408106002,114734863,2019-06-18 00:00:00.0000000,365.12,Low tension open-angle glaucoma,"Low tension glaucoma of right eye, moderate stage",ICD9,922.0
922,13609751697,114734863,2022-09-20 00:00:00.0000000,540.1,Acute appendicitis with peritoneal abscess,Appendiceal abscess,ICD9,923.0
923,13340015772,114734863,2017-12-23 00:00:00.0000000,272.2,Mixed hyperlipidemia,Mixed hyperlipidemia,ICD9,924.0
924,13617700114,114734863,2022-11-06 00:00:00.0000000,,,"Shoulder tendinitis, right",ICD9,925.0
925,13340015772,114734863,2017-12-23 00:00:00.0000000,250.70,,"Type 2 diabetes mellitus with other circulatory complication, with long-term current use of insulin",ICD9,926.0
926,13443291951,114734863,2020-02-19 00:00:00.0000000,583.81,"Nephritis and nephropathy, not specified as acute or chronic, in diseases classified elsewhere",Diabetic nephropathy associated with type 2 diabetes mellitus,ICD9,927.0
927,13306436556,114734863,2017-08-07 00:00:00.0000000,519.4,Disorders of diaphragm,Hemidiaphragm paralysis,ICD9,928.0
928,13391380517,114734863,2019-06-19 00:00:00.0000000,428.9,"Heart failure, unspecified",(HFpEF) heart failure with preserved ejection fraction,ICD9,929.0
929,13646946125,114734863,2023-03-21 00:00:00.0000000,719.46,"Pain in joint, lower leg","Left knee pain, unspecified chronicity",ICD9,930.0
930,13364574745,114734863,2018-07-15 00:00:00.0000000,,,Congestive heart failure,ICD9,931.0
931,13669929030,114734863,2023-07-19 00:00:00.0000000,707.9,Chronic ulcer of unspecified site,"Skin ulcer, limited to breakdown of skin",ICD9,932.0
932,13331080033,114734863,2017-12-23 00:00:00.0000000,,,"Chronic kidney disease, stage III (moderate)",ICD9,933.0
933,13610191355,114734863,2022-09-24 00:00:00.0000000,540.1,Acute appendicitis with peritoneal abscess,Appendiceal abscess,ICD9,934.0
934,13376254471,114734863,2018-10-20 00:00:00.0000000,414.01,Coronary atherosclerosis of native coronary artery,Atherosclerosis of native coronary artery of native heart without angina pectoris,ICD9,935.0
935,13355925412,114734863,2018-05-07 00:00:00.0000000,250.40,"Diabetes with renal manifestations, type II or unspecified type, not stated as uncontrolled",Diabetic nephropathy associated with type 2 diabetes mellitus,ICD9,936.0
936,13607606673,114734863,2022-09-10 00:00:00.0000000,789.59,Other ascites,Abdominal fluid collection,ICD9,937.0
937,13301231024,114734863,2016-12-18 00:00:00.0000000,,,"Carotid stenosis, unspecified laterality",ICD9,938.0
938,13441266872,114734863,2020-06-09 00:00:00.0000000,362.03,,Nonproliferative diabetic retinopathy of both eyes,ICD9,939.0
939,13530186202,114734863,2021-09-18 00:00:00.0000000,362.04,Mild nonproliferative diabetic retinopathy,"Type 2 diabetes mellitus with right eye affected by mild nonproliferative retinopathy without macular edema, with long-term current use of insulin",ICD9,940.0
940,13372264424,114734863,2018-09-18 00:00:00.0000000,428.42,Chronic combined systolic and diastolic heart failure,Chronic combined systolic and diastolic congestive heart failure,ICD9,941.0
941,13599149698,114734863,2022-07-26 00:00:00.0000000,789.59,Other ascites,Abdominal fluid collection,ICD9,942.0
942,13408469069,114734863,2019-06-22 00:00:00.0000000,583.81,"Nephritis and nephropathy, not specified as acute or chronic, in diseases classified elsewhere",Diabetic nephropathy associated with type 2 diabetes mellitus,ICD9,943.0
943,13583720188,114734863,2022-05-10 00:00:00.0000000,719.46,"Pain in joint, lower leg",Chronic pain of left knee,ICD9,944.0
944,13507213825,114734863,2021-04-13 00:00:00.0000000,394.2,Mitral stenosis with insufficiency,Nonrheumatic mitral valve stenosis with insufficiency,ICD9,945.0
945,13640677282,114734863,2023-02-19 00:00:00.0000000,V44.50,"Cystostomy, unspecified",Chronic suprapubic catheter,ICD9,946.0
946,13482708956,114734863,2020-10-20 00:00:00.0000000,401.9,Unspecified essential hypertension,Essential hypertension,ICD9,947.0
947,13324325320,114734863,2017-08-08 00:00:00.0000000,519.4,Disorders of diaphragm,Hemidiaphragm paralysis,ICD9,948.0
948,13365977708,114734863,2018-11-14 00:00:00.0000000,V45.81,Aortocoronary bypass status,History of coronary artery bypass graft,ICD9,949.0
949,13331080033,114734863,2017-12-23 00:00:00.0000000,278.01,Morbid obesity,Morbid obesity due to excess calories,ICD9,950.0
950,13339987805,114734863,2018-05-07 00:00:00.0000000,V58.67,Long-term (current) use of insulin,"Type 2 diabetes mellitus with other circulatory complication, with long-term current use of insulin",ICD9,951.0
951,13514019089,114734863,2021-06-01 00:00:00.0000000,V58.67,Long-term (current) use of insulin,"Type 2 diabetes mellitus with both eyes affected by mild nonproliferative retinopathy without macular edema, with long-term current use of insulin",ICD9,952.0
952,13608043913,114734863,2022-09-14 00:00:00.0000000,540.1,Acute appendicitis with peritoneal abscess,Appendiceal abscess,ICD9,953.0
953,13408880612,114734863,2019-06-24 00:00:00.0000000,362.07,Diabetic macular edema,Mild nonproliferative diabetic retinopathy of right eye with macular edema associated with type 2 diabetes mellitus,ICD9,954.0
954,13353608192,114734863,2018-04-21 00:00:00.0000000,365.72,Moderate stage glaucoma,"Low tension glaucoma of right eye, moderate stage",ICD9,955.0
955,13666663225,114734863,2023-06-24 00:00:00.0000000,790.1,Elevated sedimentation rate,ESR raised,ICD9,956.0
956,13507213825,114734863,2021-04-13 00:00:00.0000000,401.9,Unspecified essential hypertension,Essential hypertension,ICD9,957.0
957,13507518489,114734863,2021-10-12 00:00:00.0000000,362.04,Mild nonproliferative diabetic retinopathy,"Type 2 diabetes mellitus with both eyes affected by mild nonproliferative retinopathy without macular edema, with long-term current use of insulin",ICD9,958.0
958,13507518489,114734863,2021-10-12 00:00:00.0000000,438.22,"Late effects of cerebrovascular disease, hemiplegia affecting nondominant side",Hemiplegia and hemiparesis following cerebral infarction affecting left non-dominant side,ICD9,959.0
959,13620265240,114734863,2023-02-18 00:00:00.0000000,428.43,Acute on chronic combined systolic and diastolic heart failure,Acute on chronic combined systolic and diastolic congestive heart failure,ICD9,960.0
960,13507518489,114734863,2021-10-12 00:00:00.0000000,433.30,Occlusion and stenosis of multiple and bilateral precerebral arteries without mention of cerebral infarction,Bilateral carotid artery stenosis,ICD9,961.0
961,13461438872,114734863,2020-12-08 00:00:00.0000000,250.70,,"Type 2 diabetes mellitus with other circulatory complication, with long-term current use of insulin",ICD9,962.0
962,13340015772,114734863,2017-12-23 00:00:00.0000000,,,Dyspnea on exertion,ICD9,963.0
963,13661865777,114734863,2023-06-05 00:00:00.0000000,,,Stage 3b chronic kidney disease,ICD9,964.0
964,13465207021,114734863,2020-07-01 00:00:00.0000000,404.90,"Hypertensive heart and chronic kidney disease, unspecified, without heart failure and with chronic kidney disease stage I through stage IV, or unspecified",Cardiorenal syndrome with renal failure,ICD9,965.0
965,13379353862,114734863,2018-11-12 00:00:00.0000000,433.30,Occlusion and stenosis of multiple and bilateral precerebral arteries without mention of cerebral infarction,Bilateral carotid artery stenosis,ICD9,966.0
966,13360110721,114734863,2018-07-10 00:00:00.0000000,272.2,Mixed hyperlipidemia,Mixed hyperlipidemia,ICD9,967.0
967,13672506085,114734863,2023-07-23 00:00:00.0000000,719.54,"Stiffness of joint, not elsewhere classified, hand","Stiffness of joint, hand, left",ICD9,968.0
968,13619464897,114734863,2022-11-08 00:00:00.0000000,008.45,,Clostridioides difficile diarrhea,ICD9,969.0
969,13346791472,114734863,2018-04-21 00:00:00.0000000,365.73,Severe stage glaucoma,"Low tension glaucoma, severe stage, unspecified laterality",ICD9,970.0
970,13422485914,114734863,2019-10-05 00:00:00.0000000,428.33,Acute on chronic diastolic heart failure,Acute on chronic diastolic (congestive) heart failure,ICD9,971.0
971,13661557041,114734863,2023-06-07 00:00:00.0000000,V65.49,Other specified counseling,"Goals of care, counseling/discussion",ICD9,972.0
972,13377635945,114734863,2019-04-23 00:00:00.0000000,V58.67,Long-term (current) use of insulin,"Type 2 diabetes mellitus with other circulatory complication, with long-term current use of insulin",ICD9,973.0
973,13669929030,114734863,2023-07-19 00:00:00.0000000,009.2,,Diarrhea of infectious origin,ICD9,974.0
974,13612254576,114734863,2022-10-10 00:00:00.0000000,799.3,"Debility, unspecified",Physical deconditioning,ICD9,975.0
975,13415795270,114734863,2020-02-24 00:00:00.0000000,428.33,Acute on chronic diastolic heart failure,Acute on chronic diastolic congestive heart failure,ICD9,976.0
976,13355916717,114734863,2018-10-30 00:00:00.0000000,V15.88,History of fall,At risk for falls,ICD9,977.0
977,13424367553,114734863,2019-10-15 00:00:00.0000000,428.23,Acute on chronic systolic heart failure,Acute on chronic heart failure with preserved ejection fraction,ICD9,978.0
978,13352647594,114734863,2018-05-23 00:00:00.0000000,,,Asymptomatic stenosis of left carotid artery,ICD9,979.0
979,13415795270,114734863,2020-02-24 00:00:00.0000000,530.81,Esophageal reflux,"Gastroesophageal reflux disease, esophagitis presence not specified",ICD9,980.0
980,13530186202,114734863,2021-09-18 00:00:00.0000000,V58.67,Long-term (current) use of insulin,"Type 2 diabetes mellitus with right eye affected by mild nonproliferative retinopathy without macular edema, with long-term current use of insulin",ICD9,981.0
981,13621126298,114734863,2022-11-16 00:00:00.0000000,008.45,,Recurrent Clostridioides difficile diarrhea,ICD9,982.0
982,13639689525,114734863,2023-02-13 00:00:00.0000000,,,Other forms of dyspnea,ICD9,983.0
983,13666167372,114734863,2023-07-11 00:00:00.0000000,,,"Deformity of hand, unspecified laterality",ICD9,984.0
984,13445808437,114734863,2020-03-09 00:00:00.0000000,,,Health care maintenance,ICD9,985.0
985,13610082263,114734863,2022-09-21 00:00:00.0000000,540.1,Acute appendicitis with peritoneal abscess,Appendiceal abscess,ICD9,986.0
986,13299429369,114734863,2016-11-29 00:00:00.0000000,,,Dyspnea on exertion,ICD9,987.0
987,13447958363,114734863,2020-04-28 00:00:00.0000000,362.07,Diabetic macular edema,Mild nonproliferative diabetic retinopathy of right eye with macular edema associated with type 2 diabetes mellitus,ICD9,988.0
988,13662091610,114734863,2023-06-04 00:00:00.0000000,707.06,"Pressure ulcer, ankle","Decubitus ulcer of left ankle, stage 2",ICD9,989.0
989,13372264424,114734863,2018-09-18 00:00:00.0000000,V58.67,Long-term (current) use of insulin,"Type 2 diabetes mellitus with other circulatory complication, with long-term current use of insulin",ICD9,990.0
990,13386985406,114734863,2019-02-13 00:00:00.0000000,272.2,Mixed hyperlipidemia,Mixed hyperlipidemia,ICD9,991.0
991,13674003575,114734863,2023-07-31 00:00:00.0000000,V49.62,Other finger(s) amputation status,History of surgical amputation of finger of left hand,ICD9,992.0
992,13590254371,114734863,2022-06-13 00:00:00.0000000,288.60,"Leukocytosis, unspecified","Leukocytosis, unspecified type",ICD9,993.0
993,13400494805,114734863,2019-04-23 00:00:00.0000000,272.2,Mixed hyperlipidemia,Mixed hyperlipidemia,ICD9,994.0
994,13465207021,114734863,2020-07-01 00:00:00.0000000,583.81,"Nephritis and nephropathy, not specified as acute or chronic, in diseases classified elsewhere",Diabetic nephropathy associated with type 2 diabetes mellitus,ICD9,995.0
995,13641986581,114734863,2023-02-25 00:00:00.0000000,008.45,,Recurrent Clostridioides difficile diarrhea,ICD9,996.0
996,13610082263,114734863,2022-09-21 00:00:00.0000000,008.45,,Clostridioides difficile diarrhea,ICD9,997.0
997,13667235864,114734863,2023-06-27 00:00:00.0000000,428.9,"Heart failure, unspecified","Heart failure with preserved ejection fraction, unspecified HF chronicity",ICD9,998.0
998,13639689525,114734863,2023-02-13 00:00:00.0000000,008.45,,Recurrent Clostridioides difficile diarrhea,ICD9,999.0
999,13303030414,114734863,2017-01-04 00:00:00.0000000,,,"Carotid stenosis, unspecified laterality",ICD9,1000.0
1000,13642454435,114734863,2023-02-27 00:00:00.0000000,280.9,"Iron deficiency anemia, unspecified","Iron deficiency anemia, unspecified iron deficiency anemia type",ICD9,1001.0
1001,13408469069,114734863,2019-06-22 00:00:00.0000000,250.40,"Diabetes with renal manifestations, type II or unspecified type, not stated as uncontrolled",Diabetic nephropathy associated with type 2 diabetes mellitus,ICD9,1002.0
1002,13379353862,114734863,2018-11-12 00:00:00.0000000,,,Health care maintenance,ICD9,1003.0
1003,13607188762,114734863,2022-09-10 00:00:00.0000000,,,Contracture of joint of left hand,ICD9,1004.0
1004,13613916046,114734863,2022-10-11 00:00:00.0000000,787.91,Diarrhea,Diarrhea,ICD9,1005.0
1005,13392953340,114734863,2019-02-24 00:00:00.0000000,403.90,"Hypertensive chronic kidney disease, unspecified, with chronic kidney disease stage I through stage IV, or unspecified",Hypertension with renal disease,ICD9,1006.0
1006,13327829854,114734863,2017-09-05 00:00:00.0000000,,,Other ill-defined heart diseases,ICD9,1007.0
1007,13306436556,114734863,2017-08-07 00:00:00.0000000,278.01,Morbid obesity,Morbid obesity due to excess calories,ICD9,1008.0
1008,13450895586,114734863,2020-05-05 00:00:00.0000000,,,Hyperlipidemia LDL goal <70,ICD9,1009.0
1009,13336325700,114734863,2017-11-21 00:00:00.0000000,250.70,,Type 2 diabetes mellitus with other circulatory complications,ICD9,1010.0
1010,13644334588,114734863,2023-03-08 00:00:00.0000000,428.9,"Heart failure, unspecified",Chronic heart failure with preserved ejection fraction,ICD9,1011.0
1011,13332960889,114734863,2018-02-06 00:00:00.0000000,428.43,Acute on chronic combined systolic and diastolic heart failure,Acute on chronic combined systolic and diastolic congestive heart failure,ICD9,1012.0
1012,13606325309,114734863,2022-09-04 00:00:00.0000000,,,Asthenia,ICD9,1013.0
1013,13583693221,114734863,2022-11-12 00:00:00.0000000,008.45,,Clostridioides difficile diarrhea,ICD9,1014.0
1014,13507522963,114734863,2021-04-13 00:00:00.0000000,438.22,"Late effects of cerebrovascular disease, hemiplegia affecting nondominant side",Hemiplegia and hemiparesis following cerebral infarction affecting left non-dominant side,ICD9,1015.0
1015,13391206830,114734863,2019-02-12 00:00:00.0000000,583.81,"Nephritis and nephropathy, not specified as acute or chronic, in diseases classified elsewhere",Diabetic nephropathy associated with type 2 diabetes mellitus,ICD9,1016.0
1016,13605088575,114734863,2022-09-13 00:00:00.0000000,799.3,"Debility, unspecified",Physical deconditioning,ICD9,1017.0
1017,13305500656,114734863,2017-05-23 00:00:00.0000000,416.8,Other chronic pulmonary heart diseases,Pulmonary hypertension,ICD9,1018.0
1018,13583720188,114734863,2022-05-10 00:00:00.0000000,,,Obstructive sleep apnea syndrome,ICD9,1019.0
1019,13482709793,114734863,2021-02-06 00:00:00.0000000,V58.67,Long-term (current) use of insulin,"Type 2 diabetes mellitus with both eyes affected by mild nonproliferative retinopathy without macular edema, with long-term current use of insulin",ICD9,1020.0
1020,13616507083,114734863,2022-11-01 00:00:00.0000000,786.05,Shortness of breath,Shortness of breath,ICD9,1021.0
1021,13453838843,114734863,2020-10-20 00:00:00.0000000,,,Dyspnea on exertion,ICD9,1022.0
1022,13507213825,114734863,2021-04-13 00:00:00.0000000,362.04,Mild nonproliferative diabetic retinopathy,"Type 2 diabetes mellitus with both eyes affected by mild nonproliferative retinopathy without macular edema, with long-term current use of insulin",ICD9,1023.0
1023,13465207021,114734863,2020-07-01 00:00:00.0000000,414.00,"Coronary atherosclerosis of unspecified type of vessel, native or graft",Chronic coronary artery disease,ICD9,1024.0
1024,13400420676,114734863,2019-08-19 00:00:00.0000000,,,Hyperlipidemia LDL goal <70,ICD9,1025.0
1025,13610191355,114734863,2022-09-24 00:00:00.0000000,428.9,"Heart failure, unspecified","Heart failure with preserved ejection fraction, unspecified HF chronicity",ICD9,1026.0
1026,13584532980,114734863,2022-05-29 00:00:00.0000000,715.96,"Osteoarthrosis, unspecified whether generalized or localized, lower leg","Osteoarthritis of left knee, unspecified osteoarthritis type",ICD9,1027.0
1027,13453838843,114734863,2020-10-20 00:00:00.0000000,428.32,Chronic diastolic heart failure,Chronic diastolic (congestive) heart failure,ICD9,1028.0
1028,13618723902,114734863,2022-11-05 00:00:00.0000000,V72.63,Pre-procedural laboratory examination,Encounter for preoperative screening laboratory testing for COVID-19 virus,ICD9,1029.0
1029,13427599859,114734863,2020-04-28 00:00:00.0000000,,,"CKD (chronic kidney disease) stage 3, GFR 30-59 ml/min",ICD9,1030.0
1030,13379353862,114734863,2018-11-12 00:00:00.0000000,,,Obstructive sleep apnea syndrome,ICD9,1031.0
1031,13355916717,114734863,2018-10-30 00:00:00.0000000,250.70,,"Type 2 diabetes mellitus with other circulatory complication, with long-term current use of insulin",ICD9,1032.0
1032,13377635945,114734863,2019-04-23 00:00:00.0000000,272.2,Mixed hyperlipidemia,Mixed hyperlipidemia,ICD9,1033.0
1033,13400472441,114734863,2019-10-07 00:00:00.0000000,414.01,Coronary atherosclerosis of native coronary artery,Coronary artery disease involving native coronary artery of native heart without angina pectoris,ICD9,1034.0
1034,13603558111,114734863,2022-09-13 00:00:00.0000000,540.1,Acute appendicitis with peritoneal abscess,Appendiceal abscess,ICD9,1035.0
1035,13447958363,114734863,2020-04-28 00:00:00.0000000,362.04,Mild nonproliferative diabetic retinopathy,"Type 2 diabetes mellitus with both eyes affected by mild nonproliferative retinopathy without macular edema, with long-term current use of insulin",ICD9,1036.0
1036,13671328616,114734863,2023-08-01 00:00:00.0000000,719.54,"Stiffness of joint, not elsewhere classified, hand","Stiffness of joint, hand, left",ICD9,1037.0
1037,13355930663,114734863,2018-05-15 00:00:00.0000000,278.01,Morbid obesity,Morbid obesity due to excess calories,ICD9,1038.0
1038,13427599859,114734863,2020-04-28 00:00:00.0000000,250.40,"Diabetes with renal manifestations, type II or unspecified type, not stated as uncontrolled",Diabetic nephropathy associated with type 2 diabetes mellitus,ICD9,1039.0
1039,13432238679,114734863,2019-12-07 00:00:00.0000000,428.32,Chronic diastolic heart failure,Chronic diastolic congestive heart failure,ICD9,1040.0
1040,13530186202,114734863,2021-09-18 00:00:00.0000000,365.73,Severe stage glaucoma,"Low-tension glaucoma of left eye, severe stage",ICD9,1041.0
1041,13666169148,114734863,2023-07-01 00:00:00.0000000,V72.63,Pre-procedural laboratory examination,Encounter for preoperative screening laboratory testing for COVID-19 virus,ICD9,1042.0
1042,13465207021,114734863,2020-07-01 00:00:00.0000000,250.40,"Diabetes with renal manifestations, type II or unspecified type, not stated as uncontrolled",Diabetic nephropathy associated with type 2 diabetes mellitus,ICD9,1043.0
1043,13507522963,114734863,2021-04-13 00:00:00.0000000,250.40,"Diabetes with renal manifestations, type II or unspecified type, not stated as uncontrolled",Diabetic nephropathy associated with type 2 diabetes mellitus,ICD9,1044.0
1044,13662091610,114734863,2023-06-04 00:00:00.0000000,428.9,"Heart failure, unspecified",Chronic heart failure with preserved ejection fraction,ICD9,1045.0
1045,13482627158,114734863,2021-04-24 00:00:00.0000000,,,"Chronic kidney disease, stage III (moderate)",ICD9,1046.0
1046,13511686744,114734863,2021-05-08 00:00:00.0000000,787.91,Diarrhea,Diarrhea,ICD9,1047.0
1047,13482709793,114734863,2021-02-06 00:00:00.0000000,416.8,Other chronic pulmonary heart diseases,Pulmonary hypertension,ICD9,1048.0
1048,13422975627,114734863,2019-10-07 00:00:00.0000000,,,Healthcare maintenance,ICD9,1049.0
1049,13590254371,114734863,2022-06-13 00:00:00.0000000,788.30,"Urinary incontinence, unspecified","Urinary incontinence, unspecified type",ICD9,1050.0
1050,13296305671,114734863,2017-04-26 00:00:00.0000000,433.30,Occlusion and stenosis of multiple and bilateral precerebral arteries without mention of cerebral infarction,Bilateral carotid artery stenosis,ICD9,1051.0
1051,13423146398,114734863,2019-10-08 00:00:00.0000000,428.32,Chronic diastolic heart failure,Chronic diastolic congestive heart failure,ICD9,1052.0
1052,13663559574,114734863,2023-06-11 00:00:00.0000000,915.1,"Abrasion or friction burn of finger(s), infected",Abrasion of left middle finger with infection,ICD9,1053.0
1053,13400491185,114734863,2019-10-07 00:00:00.0000000,V58.67,Long-term (current) use of insulin,"Type 2 diabetes mellitus with both eyes affected by mild nonproliferative retinopathy without macular edema, with long-term current use of insulin",ICD9,1054.0
1054,13355925412,114734863,2018-05-07 00:00:00.0000000,394.2,Mitral stenosis with insufficiency,Nonrheumatic mitral valve stenosis with insufficiency,ICD9,1055.0
1055,13619002608,114734863,2022-11-06 00:00:00.0000000,,,"Shoulder tendinitis, right",ICD9,1056.0
1056,13639689525,114734863,2023-02-13 00:00:00.0000000,428.9,"Heart failure, unspecified",Chronic heart failure with preserved ejection fraction,ICD9,1057.0
1057,13447958363,114734863,2020-04-28 00:00:00.0000000,,,Routine general medical examination at a health care facility,ICD9,1058.0
1058,13619099224,114734863,2022-12-03 00:00:00.0000000,,,Proliferative diabetic retinopathy of left eye without macular edema associated with type 2 diabetes mellitus,ICD9,1059.0
1059,13409080253,114734863,2019-06-25 00:00:00.0000000,362.07,Diabetic macular edema,Mild nonproliferative diabetic retinopathy of right eye with macular edema associated with type 2 diabetes mellitus,ICD9,1060.0
1060,13429184713,114734863,2020-04-21 00:00:00.0000000,365.12,Low tension open-angle glaucoma,"Low-tension glaucoma of left eye, severe stage",ICD9,1061.0
1061,13339987805,114734863,2018-05-07 00:00:00.0000000,428.43,Acute on chronic combined systolic and diastolic heart failure,Acute on chronic combined systolic and diastolic congestive heart failure,ICD9,1062.0
1062,13674003575,114734863,2023-07-31 00:00:00.0000000,428.9,"Heart failure, unspecified","Heart failure with preserved ejection fraction, unspecified HF chronicity",ICD9,1063.0
1063,13613916046,114734863,2022-10-11 00:00:00.0000000,,,Conjunctivitis,ICD9,1064.0
1064,13447958363,114734863,2020-04-28 00:00:00.0000000,401.9,Unspecified essential hypertension,Essential hypertension,ICD9,1065.0
1065,13540684535,114734863,2022-05-10 00:00:00.0000000,362.04,Mild nonproliferative diabetic retinopathy,"Type 2 diabetes mellitus with right eye affected by mild nonproliferative retinopathy without macular edema, with long-term current use of insulin",ICD9,1066.0
1066,13353612319,114734863,2018-07-21 00:00:00.0000000,362.57,Drusen (degenerative),Drusen of macula of both eyes,ICD9,1067.0
1067,13331080033,114734863,2017-12-23 00:00:00.0000000,394.2,Mitral stenosis with insufficiency,Nonrheumatic mitral valve stenosis with insufficiency,ICD9,1068.0
1068,13499701009,114734863,2021-06-08 00:00:00.0000000,365.73,Severe stage glaucoma,"Low-tension glaucoma of left eye, severe stage",ICD9,1069.0
1069,13607704457,114734863,2022-09-10 00:00:00.0000000,428.9,"Heart failure, unspecified","Heart failure with preserved ejection fraction, unspecified HF chronicity",ICD9,1070.0
1070,13388585461,114734863,2019-05-28 00:00:00.0000000,250.70,,"Type 2 diabetes mellitus with other circulatory complication, with long-term current use of insulin",ICD9,1071.0
1071,13609655284,114734863,2022-09-19 00:00:00.0000000,540.1,Acute appendicitis with peritoneal abscess,Appendiceal abscess,ICD9,1072.0
1072,13379546579,114734863,2018-12-16 00:00:00.0000000,519.4,Disorders of diaphragm,Hemidiaphragm paralysis,ICD9,1073.0
1073,13329907489,114734863,2017-10-07 00:00:00.0000000,,,"Stenosis of carotid artery, unspecified laterality",ICD9,1074.0
1074,13447958363,114734863,2020-04-28 00:00:00.0000000,519.4,Disorders of diaphragm,Hemidiaphragm paralysis,ICD9,1075.0
1075,13447958363,114734863,2020-04-28 00:00:00.0000000,362.04,Mild nonproliferative diabetic retinopathy,Mild nonproliferative diabetic retinopathy of right eye with macular edema associated with type 2 diabetes mellitus,ICD9,1076.0
1076,13608170420,114734863,2022-09-13 00:00:00.0000000,789.59,Other ascites,Abdominal fluid collection,ICD9,1077.0
1077,13296305671,114734863,2017-04-26 00:00:00.0000000,401.9,Unspecified essential hypertension,Essential hypertension,ICD9,1078.0
1078,13610502819,114734863,2022-09-24 00:00:00.0000000,008.45,,Clostridioides difficile diarrhea,ICD9,1079.0
1079,13666663225,114734863,2023-06-24 00:00:00.0000000,882.0,"Open wound of hand except finger(s) alone, without mention of complication","Open wound of left hand without foreign body, unspecified wound type, initial encounter",ICD9,1080.0
1080,13507522963,114734863,2021-04-13 00:00:00.0000000,,,"Chronic kidney disease, stage III (moderate)",ICD9,1081.0
1081,13507522963,114734863,2021-04-13 00:00:00.0000000,362.04,Mild nonproliferative diabetic retinopathy,"Type 2 diabetes mellitus with both eyes affected by mild nonproliferative retinopathy without macular edema, with long-term current use of insulin",ICD9,1082.0
1082,13605088575,114734863,2022-09-13 00:00:00.0000000,,,History of COVID-19,ICD9,1083.0
1083,13415755996,114734863,2019-08-19 00:00:00.0000000,272.2,Mixed hyperlipidemia,Mixed hyperlipidemia,ICD9,1084.0
1084,13574735169,114734863,2022-03-26 00:00:00.0000000,404.90,"Hypertensive heart and chronic kidney disease, unspecified, without heart failure and with chronic kidney disease stage I through stage IV, or unspecified",Cardiorenal syndrome with renal failure,ICD9,1085.0
1085,13605627709,114734863,2022-08-30 00:00:00.0000000,,,Medication management,ICD9,1086.0
1086,13535973488,114734863,2021-09-18 00:00:00.0000000,404.90,"Hypertensive heart and chronic kidney disease, unspecified, without heart failure and with chronic kidney disease stage I through stage IV, or unspecified",Cardiorenal syndrome with renal failure,ICD9,1087.0
1087,13296562611,114734863,2016-11-30 00:00:00.0000000,414.00,"Coronary atherosclerosis of unspecified type of vessel, native or graft",Arteriosclerotic heart disease,ICD9,1088.0
1088,13540686435,114734863,2021-10-12 00:00:00.0000000,,,Stage 3b chronic kidney disease,ICD9,1089.0
1089,13607416327,114734863,2022-09-07 00:00:00.0000000,600.01,Hypertrophy (benign) of prostate with urinary obstruction and other lower urinary tract symptoms (LUTS),Benign prostatic hyperplasia with urinary retention,ICD9,1090.0
1090,13601115702,114734863,2022-08-07 00:00:00.0000000,079.89,Other specified viral infection,COVID-19,ICD9,1091.0
1091,13400494805,114734863,2019-04-23 00:00:00.0000000,,,Dyspnea on exertion,ICD9,1092.0
1092,13296562611,114734863,2016-11-30 00:00:00.0000000,401.9,Unspecified essential hypertension,Essential hypertension,ICD9,1093.0
1093,13409073438,114734863,2019-06-25 00:00:00.0000000,,,Obstructive sleep apnea of adult,ICD9,1094.0
1094,13618212139,114734863,2022-11-01 00:00:00.0000000,786.05,Shortness of breath,Shortness of breath,ICD9,1095.0
1095,13443291951,114734863,2020-02-19 00:00:00.0000000,404.90,"Hypertensive heart and chronic kidney disease, unspecified, without heart failure and with chronic kidney disease stage I through stage IV, or unspecified",Cardiorenal syndrome with renal failure,ICD9,1096.0
1096,13586284997,114734863,2022-05-30 00:00:00.0000000,,,Chronic systolic congestive heart failure,ICD9,1097.0
1097,13586284997,114734863,2022-05-30 00:00:00.0000000,278.01,Morbid obesity,Morbid obesity due to excess calories,ICD9,1098.0
1098,13482708956,114734863,2020-10-20 00:00:00.0000000,428.32,Chronic diastolic heart failure,Chronic diastolic (congestive) heart failure,ICD9,1099.0
1099,13666663225,114734863,2023-06-24 00:00:00.0000000,707.9,Chronic ulcer of unspecified site,Diabetic skin ulcer,ICD9,1100.0
1100,13669929030,114734863,2023-07-19 00:00:00.0000000,V66.7,Encounter for palliative care,"Encounter for palliative care in home, non-hospice",ICD9,1101.0
1101,13453854995,114734863,2020-10-20 00:00:00.0000000,,,"Chronic kidney disease, stage III (moderate)",ICD9,1102.0
1102,13608167276,114734863,2022-09-13 00:00:00.0000000,789.59,Other ascites,Abdominal fluid collection,ICD9,1103.0
1103,13334499889,114734863,2018-01-03 00:00:00.0000000,428.20,"Systolic heart failure, unspecified","Systolic congestive heart failure, unspecified congestive heart failure chronicity",ICD9,1104.0
1104,13422991045,114734863,2020-02-04 00:00:00.0000000,362.04,Mild nonproliferative diabetic retinopathy,"Type 2 diabetes mellitus with both eyes affected by mild nonproliferative retinopathy without macular edema, with long-term current use of insulin",ICD9,1105.0
1105,13441266872,114734863,2020-06-09 00:00:00.0000000,401.9,Unspecified essential hypertension,Essential hypertension,ICD9,1106.0
1106,13540684535,114734863,2022-05-10 00:00:00.0000000,,,Dyspnea on exertion,ICD9,1107.0
1107,13606325309,114734863,2022-09-04 00:00:00.0000000,841.9,Sprains and strains of unspecified site of elbow and forearm,"Strain of right elbow, initial encounter",ICD9,1108.0
1108,13445808437,114734863,2020-03-09 00:00:00.0000000,519.4,Disorders of diaphragm,Hemidiaphragm paralysis,ICD9,1109.0
1109,13666001825,114734863,2023-06-20 00:00:00.0000000,V72.84,"Pre-operative examination, unspecified",Preop testing,ICD9,1110.0
1110,13352603167,114734863,2018-04-17 00:00:00.0000000,416.8,Other chronic pulmonary heart diseases,Pulmonary hypertension,ICD9,1111.0
1111,13557327200,114734863,2021-12-26 00:00:00.0000000,362.04,Mild nonproliferative diabetic retinopathy,"Type 2 diabetes mellitus with both eyes affected by mild nonproliferative retinopathy without macular edema, with long-term current use of insulin",ICD9,1112.0
1112,13639516308,114734863,2023-02-13 00:00:00.0000000,,,Other forms of dyspnea,ICD9,1113.0
1113,13632256866,114734863,2023-01-17 00:00:00.0000000,719.54,"Stiffness of joint, not elsewhere classified, hand","Stiffness of joint, hand, left",ICD9,1114.0
1114,13355916717,114734863,2018-10-30 00:00:00.0000000,272.2,Mixed hyperlipidemia,Mixed hyperlipidemia,ICD9,1115.0
1115,13607188762,114734863,2022-09-10 00:00:00.0000000,540.1,Acute appendicitis with peritoneal abscess,Appendiceal abscess,ICD9,1116.0
1116,13447958363,114734863,2020-04-28 00:00:00.0000000,416.8,Other chronic pulmonary heart diseases,Pulmonary hypertension,ICD9,1117.0
1117,13651517628,114734863,2023-04-16 00:00:00.0000000,008.45,,Recurrent Clostridioides difficile diarrhea,ICD9,1118.0
1118,13427599859,114734863,2020-04-28 00:00:00.0000000,583.81,"Nephritis and nephropathy, not specified as acute or chronic, in diseases classified elsewhere",Diabetic nephropathy associated with type 2 diabetes mellitus,ICD9,1119.0
1119,13365860561,114734863,2018-07-25 00:00:00.0000000,799.9,Other unknown and unspecified cause of morbidity and mortality,Diagnosis unknown,ICD9,1120.0
1120,13606853883,114734863,2022-09-07 00:00:00.0000000,799.3,"Debility, unspecified",Physical deconditioning,ICD9,1121.0
1121,13329236305,114734863,2017-10-17 00:00:00.0000000,414.01,Coronary atherosclerosis of native coronary artery,"Coronary artery disease involving native coronary artery, angina presence unspecified, unspecified whether native or transplanted heart",ICD9,1122.0
1122,13615443994,114734863,2022-10-19 00:00:00.0000000,,,"Fall, initial encounter",ICD9,1123.0
1123,13599695903,114734863,2022-08-07 00:00:00.0000000,414.01,Coronary atherosclerosis of native coronary artery,Coronary artery disease involving native coronary artery of native heart without angina pectoris,ICD9,1124.0
1124,13514019089,114734863,2021-06-01 00:00:00.0000000,362.04,Mild nonproliferative diabetic retinopathy,"Type 2 diabetes mellitus with both eyes affected by mild nonproliferative retinopathy without macular edema, with long-term current use of insulin",ICD9,1125.0
1125,13355925412,114734863,2018-05-07 00:00:00.0000000,442.9,Aneurysm of unspecified site,Aneurysm,ICD9,1126.0
1126,13527048173,114734863,2021-07-31 00:00:00.0000000,365.12,Low tension open-angle glaucoma,"Low tension glaucoma of right eye, moderate stage",ICD9,1127.0
1127,13608774295,114734863,2022-09-19 00:00:00.0000000,428.9,"Heart failure, unspecified",Chronic heart failure with preserved ejection fraction,ICD9,1128.0
1128,13379353862,114734863,2018-11-12 00:00:00.0000000,403.90,"Hypertensive chronic kidney disease, unspecified, with chronic kidney disease stage I through stage IV, or unspecified",Hypertension with renal disease,ICD9,1129.0
1129,13675294643,114734863,2023-08-08 00:00:00.0000000,428.9,"Heart failure, unspecified","Heart failure with preserved ejection fraction, unspecified HF chronicity",ICD9,1130.0
1130,13331080033,114734863,2017-12-23 00:00:00.0000000,414.01,Coronary atherosclerosis of native coronary artery,"Coronary artery disease involving native coronary artery, angina presence unspecified, unspecified whether native or transplanted heart",ICD9,1131.0
1131,13453854995,114734863,2020-10-20 00:00:00.0000000,404.90,"Hypertensive heart and chronic kidney disease, unspecified, without heart failure and with chronic kidney disease stage I through stage IV, or unspecified",Cardiorenal syndrome with renal failure,ICD9,1132.0
1132,13499703358,114734863,2021-02-27 00:00:00.0000000,787.91,Diarrhea,"Diarrhea, unspecified type",ICD9,1133.0
1133,13401808896,114734863,2019-11-05 00:00:00.0000000,404.90,"Hypertensive heart and chronic kidney disease, unspecified, without heart failure and with chronic kidney disease stage I through stage IV, or unspecified",Cardiorenal syndrome with renal failure,ICD9,1134.0
1134,13355925412,114734863,2018-05-07 00:00:00.0000000,404.90,"Hypertensive heart and chronic kidney disease, unspecified, without heart failure and with chronic kidney disease stage I through stage IV, or unspecified",Cardiorenal syndrome with renal failure,ICD9,1135.0
1135,13540686435,114734863,2021-10-12 00:00:00.0000000,416.8,Other chronic pulmonary heart diseases,Pulmonary hypertension,ICD9,1136.0
1136,13353196772,114734863,2018-10-23 00:00:00.0000000,272.2,Mixed hyperlipidemia,Mixed hyperlipidemia,ICD9,1137.0
1137,13602759294,114734863,2022-08-15 00:00:00.0000000,600.91,,Urinary retention due to benign prostatic hyperplasia,ICD9,1138.0
1138,13434107763,114734863,2019-12-18 00:00:00.0000000,428.32,Chronic diastolic heart failure,Chronic diastolic congestive heart failure,ICD9,1139.0
1139,13377635945,114734863,2019-04-23 00:00:00.0000000,,,Health care maintenance,ICD9,1140.0
1140,13648626798,114734863,2023-03-29 00:00:00.0000000,008.45,,Clostridioides difficile diarrhea,ICD9,1141.0
1141,13401808896,114734863,2019-11-05 00:00:00.0000000,403.90,"Hypertensive chronic kidney disease, unspecified, with chronic kidney disease stage I through stage IV, or unspecified",Hypertension with renal disease,ICD9,1142.0
1142,13615443994,114734863,2022-10-19 00:00:00.0000000,V65.49,Other specified counseling,"Goals of care, counseling/discussion",ICD9,1143.0
1143,13495736886,114734863,2021-02-01 00:00:00.0000000,365.72,Moderate stage glaucoma,"Low tension glaucoma of right eye, moderate stage",ICD9,1144.0
1144,13641872269,114734863,2023-02-25 00:00:00.0000000,844.9,Sprains and strains of unspecified site of knee and leg,"Knee strain, left, initial encounter",ICD9,1145.0
1145,13599695903,114734863,2022-08-07 00:00:00.0000000,V58.67,Long-term (current) use of insulin,"Type 2 diabetes mellitus with right eye affected by mild nonproliferative retinopathy without macular edema, with long-term current use of insulin",ICD9,1146.0
1146,13372334663,114734863,2018-10-16 00:00:00.0000000,,,"CKD (chronic kidney disease) stage 3, GFR 30-59 ml/min",ICD9,1147.0
1147,13599695903,114734863,2022-08-07 00:00:00.0000000,,,Health care maintenance,ICD9,1148.0
1148,13540684535,114734863,2022-05-10 00:00:00.0000000,V58.67,Long-term (current) use of insulin,"Type 2 diabetes mellitus with right eye affected by mild nonproliferative retinopathy without macular edema, with long-term current use of insulin",ICD9,1149.0
1149,13364103008,114734863,2018-07-25 00:00:00.0000000,428.9,"Heart failure, unspecified",(HFpEF) heart failure with preserved ejection fraction,ICD9,1150.0
1150,13488500048,114734863,2020-12-09 00:00:00.0000000,V58.67,Long-term (current) use of insulin,"Type 2 diabetes mellitus with other circulatory complication, with long-term current use of insulin",ICD9,1151.0
1151,13461438872,114734863,2020-12-08 00:00:00.0000000,V58.67,Long-term (current) use of insulin,"Type 2 diabetes mellitus with other circulatory complication, with long-term current use of insulin",ICD9,1152.0
1152,13332074102,114734863,2017-10-23 00:00:00.0000000,272.2,Mixed hyperlipidemia,Mixed hyperlipidemia,ICD9,1153.0
1153,13355925412,114734863,2018-05-07 00:00:00.0000000,,,"Chronic kidney disease, stage III (moderate)",ICD9,1154.0
1154,13498409450,114734863,2021-02-20 00:00:00.0000000,787.91,Diarrhea,Diarrhea,ICD9,1155.0
1155,13329236305,114734863,2017-10-17 00:00:00.0000000,428.20,"Systolic heart failure, unspecified","Systolic congestive heart failure, unspecified congestive heart failure chronicity",ICD9,1156.0
1156,13507522963,114734863,2021-04-13 00:00:00.0000000,,,Obstructive sleep apnea syndrome,ICD9,1157.0
1157,13482708956,114734863,2020-10-20 00:00:00.0000000,278.01,Morbid obesity,Morbid obesity due to excess calories,ICD9,1158.0
1158,13586284997,114734863,2022-05-30 00:00:00.0000000,,,Dyspnea on exertion,ICD9,1159.0
1159,13590233460,114734863,2022-06-12 00:00:00.0000000,786.05,Shortness of breath,SOB (shortness of breath),ICD9,1160.0
1160,13339987805,114734863,2018-05-07 00:00:00.0000000,519.4,Disorders of diaphragm,Hemidiaphragm paralysis,ICD9,1161.0
1161,13574735169,114734863,2022-03-26 00:00:00.0000000,403.90,"Hypertensive chronic kidney disease, unspecified, with chronic kidney disease stage I through stage IV, or unspecified",Hypertension with renal disease,ICD9,1162.0
1162,13408463535,114734863,2020-07-01 00:00:00.0000000,V58.67,Long-term (current) use of insulin,"Type 2 diabetes mellitus with right eye affected by mild nonproliferative retinopathy without macular edema, with long-term current use of insulin",ICD9,1163.0
1163,13414246189,114734863,2019-11-16 00:00:00.0000000,365.12,Low tension open-angle glaucoma,"Low-tension glaucoma of left eye, severe stage",ICD9,1164.0
1164,13482627158,114734863,2021-04-24 00:00:00.0000000,250.40,"Diabetes with renal manifestations, type II or unspecified type, not stated as uncontrolled",Diabetic nephropathy associated with type 2 diabetes mellitus,ICD9,1165.0
1165,13324310124,114734863,2017-08-07 00:00:00.0000000,250.70,,"Type 2 diabetes mellitus with other circulatory complication, with long-term current use of insulin",ICD9,1166.0
1166,13609581525,114734863,2022-09-19 00:00:00.0000000,V58.67,Long-term (current) use of insulin,"Type 2 diabetes mellitus with right eye affected by mild nonproliferative retinopathy without macular edema, with long-term current use of insulin",ICD9,1167.0
1167,13599695903,114734863,2022-08-07 00:00:00.0000000,788.20,"Retention of urine, unspecified",Urinary retention due to benign prostatic hyperplasia,ICD9,1168.0
1168,13376715876,114734863,2019-04-23 00:00:00.0000000,,,Obstructive sleep apnea syndrome,ICD9,1169.0
1169,13372444041,114734863,2019-01-22 00:00:00.0000000,278.01,Morbid obesity,Morbid obesity due to excess calories,ICD9,1170.0
1170,13661557041,114734863,2023-06-07 00:00:00.0000000,009.2,,Diarrhea of infectious origin,ICD9,1171.0
1171,13332219064,114734863,2017-10-16 00:00:00.0000000,414.01,Coronary atherosclerosis of native coronary artery,Atherosclerosis of native coronary artery of native heart without angina pectoris,ICD9,1172.0
1172,13352726125,114734863,2018-04-12 00:00:00.0000000,427.31,Atrial fibrillation,"Atrial fibrillation, unspecified type",ICD9,1173.0
1173,13667235864,114734863,2023-06-27 00:00:00.0000000,686.9,Unspecified local infection of skin and subcutaneous tissue,Finger infection,ICD9,1174.0
1174,13557327200,114734863,2021-12-26 00:00:00.0000000,V58.67,Long-term (current) use of insulin,"Type 2 diabetes mellitus with both eyes affected by mild nonproliferative retinopathy without macular edema, with long-term current use of insulin",ICD9,1175.0
1175,13648979254,114734863,2023-04-02 00:00:00.0000000,008.45,,Recurrent Clostridioides difficile diarrhea,ICD9,1176.0
1176,13379700774,114734863,2019-02-13 00:00:00.0000000,416.8,Other chronic pulmonary heart diseases,Pulmonary hypertension,ICD9,1177.0
1177,13377635945,114734863,2019-04-23 00:00:00.0000000,,,"Chronic kidney disease, stage III (moderate)",ICD9,1178.0
1178,13601115702,114734863,2022-08-07 00:00:00.0000000,V58.67,Long-term (current) use of insulin,"Type 2 diabetes mellitus with right eye affected by mild nonproliferative retinopathy without macular edema, with long-term current use of insulin",ICD9,1179.0
1179,13641872269,114734863,2023-02-25 00:00:00.0000000,428.9,"Heart failure, unspecified",Chronic heart failure with preserved ejection fraction,ICD9,1180.0
1180,13640918626,114734863,2023-02-19 00:00:00.0000000,428.43,Acute on chronic combined systolic and diastolic heart failure,Acute on chronic combined systolic and diastolic congestive heart failure,ICD9,1181.0
1181,13400420676,114734863,2019-08-19 00:00:00.0000000,272.2,Mixed hyperlipidemia,Mixed hyperlipidemia,ICD9,1182.0
1182,13482708956,114734863,2020-10-20 00:00:00.0000000,,,"Chronic kidney disease, stage III (moderate)",ICD9,1183.0
1183,13425496519,114734863,2019-10-22 00:00:00.0000000,,,"CKD (chronic kidney disease) stage 3, GFR 30-59 ml/min",ICD9,1184.0
1184,13540686435,114734863,2021-10-12 00:00:00.0000000,278.01,Morbid obesity,Morbid obesity due to excess calories,ICD9,1185.0
1185,13339987805,114734863,2018-05-07 00:00:00.0000000,,,"Chronic kidney disease, stage III (moderate)",ICD9,1186.0
1186,13540686435,114734863,2021-10-12 00:00:00.0000000,V58.67,Long-term (current) use of insulin,"Type 2 diabetes mellitus with both eyes affected by mild nonproliferative retinopathy without macular edema, with long-term current use of insulin",ICD9,1187.0
1187,13297942545,114734863,2016-11-26 00:00:00.0000000,,,Hyperlipidemia,ICD9,1188.0
1188,13296305671,114734863,2017-04-26 00:00:00.0000000,428.42,Chronic combined systolic and diastolic heart failure,Chronic combined systolic and diastolic congestive heart failure,ICD9,1189.0
1189,13339987805,114734863,2018-05-07 00:00:00.0000000,,,Dyspnea on exertion,ICD9,1190.0
1190,13299706553,114734863,2016-12-03 00:00:00.0000000,433.30,Occlusion and stenosis of multiple and bilateral precerebral arteries without mention of cerebral infarction,"Carotid artery stenosis, bilateral",ICD9,1191.0
1191,13661557041,114734863,2023-06-07 00:00:00.0000000,362.04,Mild nonproliferative diabetic retinopathy,"Type 2 diabetes mellitus with right eye affected by mild nonproliferative retinopathy without macular edema, with long-term current use of insulin",ICD9,1192.0
1192,13666663225,114734863,2023-06-24 00:00:00.0000000,790.29,Other abnormal glucose,Hyperglycemia,ICD9,1193.0
1193,13339987805,114734863,2018-05-07 00:00:00.0000000,,,Routine general medical examination at a health care facility,ICD9,1194.0
1194,13355925412,114734863,2018-05-07 00:00:00.0000000,428.43,Acute on chronic combined systolic and diastolic heart failure,Acute on chronic combined systolic and diastolic congestive heart failure,ICD9,1195.0
1195,13331080033,114734863,2017-12-23 00:00:00.0000000,V58.67,Long-term (current) use of insulin,"Type 2 diabetes mellitus with other circulatory complication, with long-term current use of insulin",ICD9,1196.0
1196,13377635945,114734863,2019-04-23 00:00:00.0000000,278.01,Morbid obesity,Morbid obesity due to excess calories,ICD9,1197.0
1197,13599695903,114734863,2022-08-07 00:00:00.0000000,008.45,,Clostridioides difficile diarrhea,ICD9,1198.0
1198,13400491185,114734863,2019-10-07 00:00:00.0000000,428.33,Acute on chronic diastolic heart failure,Acute on chronic diastolic congestive heart failure,ICD9,1199.0
1199,13379700774,114734863,2019-02-13 00:00:00.0000000,428.9,"Heart failure, unspecified",(HFpEF) heart failure with preserved ejection fraction,ICD9,1200.0
1200,13364574745,114734863,2018-07-15 00:00:00.0000000,401.9,Unspecified essential hypertension,Essential hypertension,ICD9,1201.0
1201,13364574745,114734863,2018-07-15 00:00:00.0000000,272.2,Mixed hyperlipidemia,Mixed hyperlipidemia,ICD9,1202.0
1202,13379353862,114734863,2018-11-12 00:00:00.0000000,250.70,,"Type 2 diabetes mellitus with other circulatory complication, with long-term current use of insulin",ICD9,1203.0
1203,13606853883,114734863,2022-09-07 00:00:00.0000000,600.01,Hypertrophy (benign) of prostate with urinary obstruction and other lower urinary tract symptoms (LUTS),Benign prostatic hyperplasia with urinary retention,ICD9,1204.0
1204,13376768412,114734863,2019-06-22 00:00:00.0000000,362.04,Mild nonproliferative diabetic retinopathy,"Type 2 diabetes mellitus with both eyes affected by mild nonproliferative retinopathy without macular edema, with long-term current use of insulin",ICD9,1205.0
1205,13376715876,114734863,2019-04-23 00:00:00.0000000,433.30,Occlusion and stenosis of multiple and bilateral precerebral arteries without mention of cerebral infarction,Bilateral carotid artery stenosis,ICD9,1206.0
1206,13615078801,114734863,2022-10-17 00:00:00.0000000,,,Rash,ICD9,1207.0
1207,13388585461,114734863,2019-05-28 00:00:00.0000000,278.01,Morbid obesity,Morbid obesity due to excess calories,ICD9,1208.0
1208,13417959250,114734863,2019-09-02 00:00:00.0000000,428.32,Chronic diastolic heart failure,Chronic diastolic congestive heart failure,ICD9,1209.0
1209,13388585461,114734863,2019-05-28 00:00:00.0000000,428.33,Acute on chronic diastolic heart failure,Acute on chronic diastolic congestive heart failure,ICD9,1210.0
1210,13409080253,114734863,2019-06-25 00:00:00.0000000,362.04,Mild nonproliferative diabetic retinopathy,Mild nonproliferative diabetic retinopathy of right eye with macular edema associated with type 2 diabetes mellitus,ICD9,1211.0
1211,13612654406,114734863,2022-10-16 00:00:00.0000000,719.44,"Pain in joint, hand",Arthralgia of left hand,ICD9,1212.0
1212,13296305671,114734863,2017-04-26 00:00:00.0000000,,,Routine general medical examination at a health care facility,ICD9,1213.0
1213,13658468540,114734863,2023-05-21 00:00:00.0000000,V66.7,Encounter for palliative care,"Encounter for palliative care in home, non-hospice",ICD9,1214.0
1214,13314460199,114734863,2017-05-21 00:00:00.0000000,416.8,Other chronic pulmonary heart diseases,Pulmonary hypertension,ICD9,1215.0
1215,13306436556,114734863,2017-08-07 00:00:00.0000000,428.42,Chronic combined systolic and diastolic heart failure,Chronic combined systolic and diastolic congestive heart failure,ICD9,1216.0
1216,13674003575,114734863,2023-07-31 00:00:00.0000000,707.06,"Pressure ulcer, ankle","Decubitus ulcer of left ankle, stage 1",ICD9,1217.0
1217,13613676742,114734863,2022-11-14 00:00:00.0000000,788.20,"Retention of urine, unspecified",Benign prostatic hyperplasia with urinary retention,ICD9,1218.0
1218,13388023851,114734863,2019-04-09 00:00:00.0000000,365.73,Severe stage glaucoma,"Low-tension glaucoma of left eye, severe stage",ICD9,1219.0
1219,13507522963,114734863,2021-04-13 00:00:00.0000000,401.9,Unspecified essential hypertension,Essential hypertension,ICD9,1220.0
1220,13598934177,114734863,2022-07-27 00:00:00.0000000,788.20,"Retention of urine, unspecified",Benign prostatic hyperplasia with urinary retention,ICD9,1221.0
1221,13379353862,114734863,2018-11-12 00:00:00.0000000,278.01,Morbid obesity,Morbid obesity due to excess calories,ICD9,1222.0
1222,13644951963,114734863,2023-04-24 00:00:00.0000000,365.73,Severe stage glaucoma,"Low-tension glaucoma of left eye, severe stage",ICD9,1223.0
1223,13334499889,114734863,2018-01-03 00:00:00.0000000,278.01,Morbid obesity,Morbid obesity due to excess calories,ICD9,1224.0
1224,13488500048,114734863,2020-12-09 00:00:00.0000000,250.70,,"Type 2 diabetes mellitus with other circulatory complication, with long-term current use of insulin",ICD9,1225.0
1225,13405204287,114734863,2019-10-07 00:00:00.0000000,401.9,Unspecified essential hypertension,Essential hypertension,ICD9,1226.0
1226,13465207021,114734863,2020-07-01 00:00:00.0000000,,,Hyperlipidemia LDL goal <70,ICD9,1227.0
1227,13482708956,114734863,2020-10-20 00:00:00.0000000,433.30,Occlusion and stenosis of multiple and bilateral precerebral arteries without mention of cerebral infarction,Bilateral carotid artery stenosis,ICD9,1228.0
1228,13602759294,114734863,2022-08-15 00:00:00.0000000,799.3,"Debility, unspecified",Physical deconditioning,ICD9,1229.0
1229,13384437064,114734863,2018-12-22 00:00:00.0000000,433.30,Occlusion and stenosis of multiple and bilateral precerebral arteries without mention of cerebral infarction,Bilateral carotid artery stenosis,ICD9,1230.0
1230,13326748878,114734863,2018-02-20 00:00:00.0000000,365.73,Severe stage glaucoma,"Low tension glaucoma of left eye, severe stage",ICD9,1231.0
1231,13663559574,114734863,2023-06-11 00:00:00.0000000,428.9,"Heart failure, unspecified","Heart failure with preserved ejection fraction, unspecified HF chronicity",ICD9,1232.0
1232,13643238866,114734863,2023-03-04 00:00:00.0000000,719.06,"Effusion of joint, lower leg","Knee effusion, left",ICD9,1233.0
1233,13661557041,114734863,2023-06-07 00:00:00.0000000,V58.67,Long-term (current) use of insulin,"Type 2 diabetes mellitus with right eye affected by mild nonproliferative retinopathy without macular edema, with long-term current use of insulin",ICD9,1234.0
1234,13383750510,114734863,2018-12-16 00:00:00.0000000,,,Cough,ICD9,1235.0
1235,13450895586,114734863,2020-05-05 00:00:00.0000000,,,"Cerebrovascular accident (CVA), unspecified mechanism",ICD9,1236.0
1236,13329276728,114734863,2017-09-18 00:00:00.0000000,,,Dyspnea,ICD9,1237.0
1237,13599149698,114734863,2022-07-26 00:00:00.0000000,R18.8,Other ascites,Abdominal fluid collection,ICD10,1238.0
1238,13499701691,114734863,2022-01-01 00:00:00.0000000,H40.1212,"Low-tension glaucoma, right eye, moderate stage","Low tension glaucoma of right eye, moderate stage",ICD10,1239.0
1239,13327829854,114734863,2017-09-05 00:00:00.0000000,I50.42,Chronic combined systolic (congestive) and diastolic (congestive) heart failure,Chronic combined systolic and diastolic congestive heart failure,ICD10,1240.0
1240,13334499889,114734863,2018-01-03 00:00:00.0000000,E11.59,,"Type 2 diabetes mellitus with other circulatory complication, with long-term current use of insulin",ICD10,1241.0
1241,13355925412,114734863,2018-05-07 00:00:00.0000000,E78.2,Mixed hyperlipidemia,Mixed hyperlipidemia,ICD10,1242.0
1242,13634914353,114734863,2023-01-21 00:00:00.0000000,M24.549,"Contracture, unspecified hand","Contracture of joint of hand, unspecified laterality",ICD10,1243.0
1243,13443291951,114734863,2020-02-19 00:00:00.0000000,,,Hyperlipidemia LDL goal <70,ICD10,1244.0
1244,13379546579,114734863,2018-12-16 00:00:00.0000000,R06.02,Shortness of breath,Shortness of breath,ICD10,1245.0
1245,13644951963,114734863,2023-04-24 00:00:00.0000000,H40.1223,"Low-tension glaucoma, left eye, severe stage","Low-tension glaucoma of left eye, severe stage",ICD10,1246.0
1246,13340015772,114734863,2017-12-23 00:00:00.0000000,R06.09,Other forms of dyspnea,Dyspnea on exertion,ICD10,1247.0
1247,13605088575,114734863,2022-09-13 00:00:00.0000000,A04.72,,Clostridioides difficile diarrhea,ICD10,1248.0
1248,13364574745,114734863,2018-07-15 00:00:00.0000000,I50.9,"Heart failure, unspecified",Congestive heart failure,ICD10,1249.0
1249,13429192248,114734863,2019-11-16 00:00:00.0000000,I13.10,"Hypertensive heart and chronic kidney disease without heart failure, with stage 1 through stage 4 chronic kidney disease, or unspecified chronic kidney disease",Cardiorenal syndrome with renal failure,ICD10,1250.0
1250,13614175712,114734863,2022-10-15 00:00:00.0000000,I50.32,Chronic diastolic (congestive) heart failure,Chronic heart failure with preserved ejection fraction,ICD10,1251.0
1251,13543676751,114734863,2022-04-19 00:00:00.0000000,E11.21,Type 2 diabetes mellitus with diabetic nephropathy,Diabetic nephropathy associated with type 2 diabetes mellitus,ICD10,1252.0
1252,13639689525,114734863,2023-02-13 00:00:00.0000000,I50.32,Chronic diastolic (congestive) heart failure,Chronic heart failure with preserved ejection fraction,ICD10,1253.0
1253,13465207021,114734863,2020-07-01 00:00:00.0000000,J98.6,Disorders of diaphragm,Hemidiaphragm paralysis,ICD10,1254.0
1254,13594573845,114734863,2022-07-03 00:00:00.0000000,R18.8,Other ascites,Abdominal fluid collection,ICD10,1255.0
1255,13450895586,114734863,2020-05-05 00:00:00.0000000,I25.10,Atherosclerotic heart disease of native coronary artery without angina pectoris,Chronic coronary artery disease,ICD10,1256.0
1256,13613676742,114734863,2022-11-14 00:00:00.0000000,,,Skin erosion,ICD10,1257.0
1257,13379353862,114734863,2018-11-12 00:00:00.0000000,,,"Chronic kidney disease, stage III (moderate)",ICD10,1258.0
1258,13644882989,114734863,2023-03-11 00:00:00.0000000,I50.32,Chronic diastolic (congestive) heart failure,Chronic heart failure with preserved ejection fraction,ICD10,1259.0
1259,13414246189,114734863,2019-11-16 00:00:00.0000000,H40.1223,"Low-tension glaucoma, left eye, severe stage","Low-tension glaucoma of left eye, severe stage",ICD10,1260.0
1260,13306137772,114734863,2017-02-05 00:00:00.0000000,,,Sleep apnea,ICD10,1261.0
1261,13425496519,114734863,2019-10-22 00:00:00.0000000,I13.10,"Hypertensive heart and chronic kidney disease without heart failure, with stage 1 through stage 4 chronic kidney disease, or unspecified chronic kidney disease",Cardiorenal syndrome with renal failure,ICD10,1262.0
1262,13641872269,114734863,2023-02-25 00:00:00.0000000,A04.71,,Recurrent Clostridioides difficile diarrhea,ICD10,1263.0
1263,13364103008,114734863,2018-07-25 00:00:00.0000000,,,(HFpEF) heart failure with preserved ejection fraction,ICD10,1264.0
1264,13599695903,114734863,2022-08-07 00:00:00.0000000,Z91.81,History of falling,At risk for falls,ICD10,1265.0
1265,13400491185,114734863,2019-10-07 00:00:00.0000000,E66.01,Morbid (severe) obesity due to excess calories,Morbid obesity due to excess calories,ICD10,1266.0
1266,13507522963,114734863,2021-04-13 00:00:00.0000000,I50.32,Chronic diastolic (congestive) heart failure,Chronic diastolic (congestive) heart failure,ICD10,1267.0
1267,13507213825,114734863,2021-04-13 00:00:00.0000000,I34.2,Nonrheumatic mitral (valve) stenosis,Nonrheumatic mitral valve stenosis with insufficiency,ICD10,1268.0
1268,13645647523,114734863,2023-04-04 00:00:00.0000000,G62.9,"Polyneuropathy, unspecified",Neuropathy,ICD10,1269.0
1269,13427599859,114734863,2020-04-28 00:00:00.0000000,E11.21,Type 2 diabetes mellitus with diabetic nephropathy,Diabetic nephropathy associated with type 2 diabetes mellitus,ICD10,1270.0
1270,13417171333,114734863,2019-09-11 00:00:00.0000000,I10,Essential (primary) hypertension,Essential hypertension,ICD10,1271.0
1271,13329907489,114734863,2017-10-07 00:00:00.0000000,E78.2,Mixed hyperlipidemia,Mixed hyperlipidemia,ICD10,1272.0
1272,13296305671,114734863,2017-04-26 00:00:00.0000000,,,Routine general medical examination at a health care facility,ICD10,1273.0
1273,13507522963,114734863,2021-04-13 00:00:00.0000000,,,Obstructive sleep apnea syndrome,ICD10,1274.0
1274,13620265240,114734863,2023-02-18 00:00:00.0000000,I50.43,Acute on chronic combined systolic (congestive) and diastolic (congestive) heart failure,Acute on chronic combined systolic and diastolic congestive heart failure,ICD10,1275.0
1275,13329201477,114734863,2017-10-23 00:00:00.0000000,E11.21,Type 2 diabetes mellitus with diabetic nephropathy,Diabetic nephropathy associated with type 2 diabetes mellitus,ICD10,1276.0
1276,13639468538,114734863,2023-03-13 00:00:00.0000000,I50.43,Acute on chronic combined systolic (congestive) and diastolic (congestive) heart failure,Acute on chronic combined systolic and diastolic congestive heart failure,ICD10,1277.0
1277,13331080033,114734863,2017-12-23 00:00:00.0000000,I34.2,Nonrheumatic mitral (valve) stenosis,Nonrheumatic mitral valve stenosis with insufficiency,ICD10,1278.0
1278,13640918626,114734863,2023-02-19 00:00:00.0000000,I50.43,Acute on chronic combined systolic (congestive) and diastolic (congestive) heart failure,Acute on chronic combined systolic and diastolic congestive heart failure,ICD10,1279.0
1279,13379353862,114734863,2018-11-12 00:00:00.0000000,E11.59,,"Type 2 diabetes mellitus with other circulatory complication, with long-term current use of insulin",ICD10,1280.0
1280,13666001825,114734863,2023-06-20 00:00:00.0000000,Z01.818,Encounter for other preprocedural examination,Preop testing,ICD10,1281.0
1281,13441266872,114734863,2020-06-09 00:00:00.0000000,I50.32,Chronic diastolic (congestive) heart failure,Chronic diastolic (congestive) heart failure,ICD10,1282.0
1282,13658468540,114734863,2023-05-21 00:00:00.0000000,Z51.5,Encounter for palliative care,"Encounter for palliative care in home, non-hospice",ICD10,1283.0
1283,10529003506,114734863,2016-05-11 00:00:00.0000000,Z23,Encounter for immunization,,ICD10,1284.0
1284,13530186202,114734863,2021-09-18 00:00:00.0000000,H40.1223,"Low-tension glaucoma, left eye, severe stage","Low-tension glaucoma of left eye, severe stage",ICD10,1285.0
1285,13499701691,114734863,2022-01-01 00:00:00.0000000,H40.1223,"Low-tension glaucoma, left eye, severe stage","Low-tension glaucoma of left eye, severe stage",ICD10,1286.0
1286,13453838843,114734863,2020-10-20 00:00:00.0000000,I69.354,Hemiplegia and hemiparesis following cerebral infarction affecting left non-dominant side,Hemiplegia and hemiparesis following cerebral infarction affecting left non-dominant side,ICD10,1287.0
1287,13409080253,114734863,2019-06-25 00:00:00.0000000,E11.3211,,Mild nonproliferative diabetic retinopathy of right eye with macular edema associated with type 2 diabetes mellitus,ICD10,1288.0
1288,13388585461,114734863,2019-05-28 00:00:00.0000000,,,"CKD (chronic kidney disease) stage 3, GFR 30-59 ml/min",ICD10,1289.0
1289,13447958363,114734863,2020-04-28 00:00:00.0000000,,,Routine general medical examination at a health care facility,ICD10,1290.0
1290,13675294643,114734863,2023-08-08 00:00:00.0000000,Z89.022,Acquired absence of left finger(s),History of surgical amputation of finger of left hand,ICD10,1291.0
1291,13327829854,114734863,2017-09-05 00:00:00.0000000,I25.10,Atherosclerotic heart disease of native coronary artery without angina pectoris,"Coronary artery disease involving native coronary artery, angina presence unspecified, unspecified whether native or transplanted heart",ICD10,1292.0
1292,13408114370,114734863,2019-06-18 00:00:00.0000000,R69,"Illness, unspecified",Diagnosis unknown,ICD10,1293.0
1293,13669989671,114734863,2023-07-11 00:00:00.0000000,M25.642,"Stiffness of left hand, not elsewhere classified","Stiffness of joint, hand, left",ICD10,1294.0
1294,13619464897,114734863,2022-11-08 00:00:00.0000000,A04.72,,Clostridioides difficile diarrhea,ICD10,1295.0
1295,13667235864,114734863,2023-06-27 00:00:00.0000000,,,"Heart failure with preserved ejection fraction, unspecified HF chronicity",ICD10,1296.0
1296,13530186202,114734863,2021-09-18 00:00:00.0000000,E11.3592,,Proliferative diabetic retinopathy of left eye without macular edema associated with type 2 diabetes mellitus,ICD10,1297.0
1297,13405204287,114734863,2019-10-07 00:00:00.0000000,I50.33,Acute on chronic diastolic (congestive) heart failure,Acute on chronic diastolic congestive heart failure,ICD10,1298.0
1298,10456957221,114734863,2016-11-02 00:00:00.0000000,I10,Essential (primary) hypertension,,ICD10,1299.0
1299,13617700114,114734863,2022-11-06 00:00:00.0000000,R06.09,Other forms of dyspnea,Dyspnea on exertion,ICD10,1300.0
1300,13601115702,114734863,2022-08-07 00:00:00.0000000,E11.3291,,"Type 2 diabetes mellitus with right eye affected by mild nonproliferative retinopathy without macular edema, with long-term current use of insulin",ICD10,1301.0
1301,13376715876,114734863,2019-04-23 00:00:00.0000000,I50.33,Acute on chronic diastolic (congestive) heart failure,Acute on chronic diastolic congestive heart failure,ICD10,1302.0
1302,10456957221,114734863,2016-11-02 00:00:00.0000000,I10,Essential (primary) hypertension,,ICD10,1303.0
1303,13611854936,114734863,2022-10-02 00:00:00.0000000,K35.33,,Appendiceal abscess,ICD10,1304.0
1304,13507522963,114734863,2021-04-13 00:00:00.0000000,I10,Essential (primary) hypertension,Essential hypertension,ICD10,1305.0
1305,13377635945,114734863,2019-04-23 00:00:00.0000000,I10,Essential (primary) hypertension,Essential hypertension,ICD10,1306.0
1306,13555831866,114734863,2021-12-19 00:00:00.0000000,E78.00,,Pure hypercholesterolemia,ICD10,1307.0
1307,13327829854,114734863,2017-09-05 00:00:00.0000000,,,Transient ischemic attack on medication,ICD10,1308.0
1308,13586284997,114734863,2022-05-30 00:00:00.0000000,J98.6,Disorders of diaphragm,Hemidiaphragm paralysis,ICD10,1309.0
1309,13608043913,114734863,2022-09-14 00:00:00.0000000,M24.542,"Contracture, left hand",Contracture of joint of left hand,ICD10,1310.0
1310,13614175712,114734863,2022-10-15 00:00:00.0000000,R19.7,"Diarrhea, unspecified","Diarrhea, unspecified type",ICD10,1311.0
1311,13540684535,114734863,2022-05-10 00:00:00.0000000,Z79.4,Long term (current) use of insulin,"Type 2 diabetes mellitus with right eye affected by mild nonproliferative retinopathy without macular edema, with long-term current use of insulin",ICD10,1312.0
1312,13641212427,114734863,2023-02-20 00:00:00.0000000,A04.71,,Recurrent Clostridioides difficile diarrhea,ICD10,1313.0
1313,13599234336,114734863,2022-07-27 00:00:00.0000000,K35.32,,Perforated appendicitis,ICD10,1314.0
1314,13303030817,114734863,2017-12-23 00:00:00.0000000,I65.23,Occlusion and stenosis of bilateral carotid arteries,Bilateral carotid artery stenosis,ICD10,1315.0
1315,13297392605,114734863,2016-11-09 00:00:00.0000000,,,Encounter for consultation,ICD10,1316.0
1316,13599695903,114734863,2022-08-07 00:00:00.0000000,R06.09,Other forms of dyspnea,Dyspnea on exertion,ICD10,1317.0
1317,13661557041,114734863,2023-06-07 00:00:00.0000000,Z79.4,Long term (current) use of insulin,"Type 2 diabetes mellitus with right eye affected by mild nonproliferative retinopathy without macular edema, with long-term current use of insulin",ICD10,1318.0
1318,10730326581,114734863,2016-09-26 00:00:00.0000000,I27.0,Primary pulmonary hypertension,,ICD10,1319.0
1319,13498661086,114734863,2021-02-21 00:00:00.0000000,R19.7,"Diarrhea, unspecified","Diarrhea, unspecified type",ICD10,1320.0
1320,13651517628,114734863,2023-04-16 00:00:00.0000000,M17.12,"Unilateral primary osteoarthritis, left knee","Osteoarthritis of left knee, unspecified osteoarthritis type",ICD10,1321.0
1321,13327829854,114734863,2017-09-05 00:00:00.0000000,R77.8,Other specified abnormalities of plasma proteins,Elevated troponin,ICD10,1322.0
1322,13461438872,114734863,2020-12-08 00:00:00.0000000,E11.59,,"Type 2 diabetes mellitus with other circulatory complication, with long-term current use of insulin",ICD10,1323.0
1323,13408077474,114734863,2019-06-18 00:00:00.0000000,H40.1212,"Low-tension glaucoma, right eye, moderate stage","Low tension glaucoma of right eye, moderate stage",ICD10,1324.0
1324,13400491185,114734863,2019-10-07 00:00:00.0000000,I65.23,Occlusion and stenosis of bilateral carotid arteries,Bilateral carotid artery stenosis,ICD10,1325.0
1325,13610191355,114734863,2022-09-24 00:00:00.0000000,R53.81,Other malaise,Physical deconditioning,ICD10,1326.0
1326,13482708956,114734863,2020-10-20 00:00:00.0000000,I34.2,Nonrheumatic mitral (valve) stenosis,Nonrheumatic mitral valve stenosis with insufficiency,ICD10,1327.0
1327,13482708956,114734863,2020-10-20 00:00:00.0000000,I10,Essential (primary) hypertension,Essential hypertension,ICD10,1328.0
1328,13633223615,114734863,2023-01-11 00:00:00.0000000,H40.1212,"Low-tension glaucoma, right eye, moderate stage","Low tension glaucoma of right eye, moderate stage",ICD10,1329.0
1329,13620265240,114734863,2023-02-18 00:00:00.0000000,N17.9,"Acute kidney failure, unspecified",AKI (acute kidney injury),ICD10,1330.0
1330,13377635945,114734863,2019-04-23 00:00:00.0000000,I72.9,Aneurysm of unspecified site,Aneurysm,ICD10,1331.0
1331,13641872269,114734863,2023-02-25 00:00:00.0000000,S86.912A,"Strain of unspecified muscle(s) and tendon(s) at lower leg level, left leg, initial encounter","Knee strain, left, initial encounter",ICD10,1332.0
1332,13296305671,114734863,2017-04-26 00:00:00.0000000,I50.42,Chronic combined systolic (congestive) and diastolic (congestive) heart failure,Chronic combined systolic and diastolic congestive heart failure,ICD10,1333.0
1333,13453838843,114734863,2020-10-20 00:00:00.0000000,I25.10,Atherosclerotic heart disease of native coronary artery without angina pectoris,Chronic coronary artery disease,ICD10,1334.0
1334,13364574745,114734863,2018-07-15 00:00:00.0000000,E78.2,Mixed hyperlipidemia,Mixed hyperlipidemia,ICD10,1335.0
1335,13661865777,114734863,2023-06-05 00:00:00.0000000,S61.402A,"Unspecified open wound of left hand, initial encounter","Open wound of left hand without foreign body, unspecified wound type, initial encounter",ICD10,1336.0
1336,13619099224,114734863,2022-12-03 00:00:00.0000000,E11.3592,,Proliferative diabetic retinopathy of left eye without macular edema associated with type 2 diabetes mellitus,ICD10,1337.0
1337,13499703358,114734863,2021-02-27 00:00:00.0000000,I13.10,"Hypertensive heart and chronic kidney disease without heart failure, with stage 1 through stage 4 chronic kidney disease, or unspecified chronic kidney disease",Cardiorenal syndrome with renal failure,ICD10,1338.0
1338,13372264424,114734863,2018-09-18 00:00:00.0000000,I10,Essential (primary) hypertension,Essential hypertension,ICD10,1339.0
1339,13345288319,114734863,2018-06-05 00:00:00.0000000,E11.21,Type 2 diabetes mellitus with diabetic nephropathy,Diabetic nephropathy associated with type 2 diabetes mellitus,ICD10,1340.0
1340,13377635945,114734863,2019-04-23 00:00:00.0000000,,,Health care maintenance,ICD10,1341.0
1341,13329907489,114734863,2017-10-07 00:00:00.0000000,E66.01,Morbid (severe) obesity due to excess calories,Morbid obesity due to excess calories,ICD10,1342.0
1342,13388585461,114734863,2019-05-28 00:00:00.0000000,,,"Chronic kidney disease, stage III (moderate)",ICD10,1343.0
1343,13326748878,114734863,2018-02-20 00:00:00.0000000,H40.1223,"Low-tension glaucoma, left eye, severe stage","Low tension glaucoma of left eye, severe stage",ICD10,1344.0
1344,13557327200,114734863,2021-12-26 00:00:00.0000000,Z79.4,Long term (current) use of insulin,"Type 2 diabetes mellitus with both eyes affected by mild nonproliferative retinopathy without macular edema, with long-term current use of insulin",ICD10,1345.0
1345,13482709793,114734863,2021-02-06 00:00:00.0000000,E11.3293,,"Type 2 diabetes mellitus with both eyes affected by mild nonproliferative retinopathy without macular edema, with long-term current use of insulin",ICD10,1346.0
1346,13388585461,114734863,2019-05-28 00:00:00.0000000,E11.59,,"Type 2 diabetes mellitus with other circulatory complication, with long-term current use of insulin",ICD10,1347.0
1347,13645986855,114734863,2023-03-18 00:00:00.0000000,I50.32,Chronic diastolic (congestive) heart failure,Chronic heart failure with preserved ejection fraction,ICD10,1348.0
1348,13329201477,114734863,2017-10-23 00:00:00.0000000,I13.10,"Hypertensive heart and chronic kidney disease without heart failure, with stage 1 through stage 4 chronic kidney disease, or unspecified chronic kidney disease",Cardiorenal syndrome with renal failure,ICD10,1349.0
1349,13661557041,114734863,2023-06-07 00:00:00.0000000,E11.3291,,"Type 2 diabetes mellitus with right eye affected by mild nonproliferative retinopathy without macular edema, with long-term current use of insulin",ICD10,1350.0
1350,13535973488,114734863,2021-09-18 00:00:00.0000000,,,"Chronic kidney disease, stage III (moderate)",ICD10,1351.0
1351,13632256866,114734863,2023-01-17 00:00:00.0000000,M25.641,"Stiffness of right hand, not elsewhere classified","Stiffness of joint, hand, right",ICD10,1352.0
1352,13482280239,114734863,2020-10-18 00:00:00.0000000,,,"CKD (chronic kidney disease) stage 3, GFR 30-59 ml/min",ICD10,1353.0
1353,13345288319,114734863,2018-06-05 00:00:00.0000000,I50.42,Chronic combined systolic (congestive) and diastolic (congestive) heart failure,Chronic combined systolic and diastolic congestive heart failure,ICD10,1354.0
1354,13324310124,114734863,2017-08-07 00:00:00.0000000,E78.00,,Pure hypercholesterolemia,ICD10,1355.0
1355,13620265240,114734863,2023-02-18 00:00:00.0000000,I48.0,Paroxysmal atrial fibrillation,Paroxysmal atrial fibrillation,ICD10,1356.0
1356,13608043913,114734863,2022-09-14 00:00:00.0000000,I95.9,"Hypotension, unspecified","Hypotension, unspecified hypotension type",ICD10,1357.0
1357,13427371945,114734863,2019-11-04 00:00:00.0000000,I50.32,Chronic diastolic (congestive) heart failure,Chronic diastolic congestive heart failure,ICD10,1358.0
1358,13540684535,114734863,2022-05-10 00:00:00.0000000,E66.01,Morbid (severe) obesity due to excess calories,Morbid obesity due to excess calories,ICD10,1359.0
1359,13299764354,114734863,2016-12-03 00:00:00.0000000,,,Carotid arterial disease,ICD10,1360.0
1360,13422991045,114734863,2020-02-04 00:00:00.0000000,Z79.4,Long term (current) use of insulin,"Type 2 diabetes mellitus with both eyes affected by mild nonproliferative retinopathy without macular edema, with long-term current use of insulin",ICD10,1361.0
1361,13498424316,114734863,2021-02-27 00:00:00.0000000,H40.1212,"Low-tension glaucoma, right eye, moderate stage","Low tension glaucoma of right eye, moderate stage",ICD10,1362.0
1362,13441266872,114734863,2020-06-09 00:00:00.0000000,I10,Essential (primary) hypertension,Essential hypertension,ICD10,1363.0
1363,13358380171,114734863,2018-05-28 00:00:00.0000000,R05.9,,Cough,ICD10,1364.0
1364,13643238866,114734863,2023-03-04 00:00:00.0000000,R06.09,Other forms of dyspnea,Other forms of dyspnea,ICD10,1365.0
1365,13482708956,114734863,2020-10-20 00:00:00.0000000,I27.20,,Pulmonary hypertension,ICD10,1366.0
1366,13441266872,114734863,2020-06-09 00:00:00.0000000,Z79.4,Long term (current) use of insulin,"Type 2 diabetes mellitus with both eyes affected by mild nonproliferative retinopathy without macular edema, with long-term current use of insulin",ICD10,1367.0
1367,10456957221,114734863,2016-11-02 00:00:00.0000000,I25.10,Atherosclerotic heart disease of native coronary artery without angina pectoris,,ICD10,1368.0
1368,13616507083,114734863,2022-11-01 00:00:00.0000000,I50.43,Acute on chronic combined systolic (congestive) and diastolic (congestive) heart failure,Acute on chronic combined systolic and diastolic congestive heart failure,ICD10,1369.0
1369,13381895360,114734863,2018-12-02 00:00:00.0000000,,,"CKD (chronic kidney disease) stage 3, GFR 30-59 ml/min",ICD10,1370.0
1370,13353196772,114734863,2018-10-23 00:00:00.0000000,I25.10,Atherosclerotic heart disease of native coronary artery without angina pectoris,Atherosclerosis of native coronary artery of native heart without angina pectoris,ICD10,1371.0
1371,13413074558,114734863,2019-08-19 00:00:00.0000000,R05.9,,Cough,ICD10,1372.0
1372,13422263086,114734863,2019-10-02 00:00:00.0000000,I50.32,Chronic diastolic (congestive) heart failure,Chronic diastolic congestive heart failure,ICD10,1373.0
1373,13355925412,114734863,2018-05-07 00:00:00.0000000,I50.43,Acute on chronic combined systolic (congestive) and diastolic (congestive) heart failure,Acute on chronic combined systolic and diastolic congestive heart failure,ICD10,1374.0
1374,13385155835,114734863,2018-12-26 00:00:00.0000000,,,"CKD (chronic kidney disease) stage 3, GFR 30-59 ml/min",ICD10,1375.0
1375,13619002608,114734863,2022-11-06 00:00:00.0000000,,,"Shoulder tendinitis, right",ICD10,1376.0
1376,13447958363,114734863,2020-04-28 00:00:00.0000000,I34.2,Nonrheumatic mitral (valve) stenosis,Nonrheumatic mitral valve stenosis with insufficiency,ICD10,1377.0
1377,13400494805,114734863,2019-04-23 00:00:00.0000000,E11.59,,"Type 2 diabetes mellitus with other circulatory complication, with long-term current use of insulin",ICD10,1378.0
1378,13340015772,114734863,2017-12-23 00:00:00.0000000,I27.20,,Pulmonary hypertension,ICD10,1379.0
1379,13666222513,114734863,2023-06-21 00:00:00.0000000,M62.449,"Contracture of muscle, unspecified hand",Contracture of flexor digitorum superficialis muscle,ICD10,1380.0
1380,13661865777,114734863,2023-06-05 00:00:00.0000000,U07.1,,COVID-19,ICD10,1381.0
1381,13340015772,114734863,2017-12-23 00:00:00.0000000,,,"Chronic kidney disease, stage III (moderate)",ICD10,1382.0
1382,13583693221,114734863,2022-11-12 00:00:00.0000000,Z86.16,,History of COVID-19,ICD10,1383.0
1383,13592822646,114734863,2022-06-25 00:00:00.0000000,R18.8,Other ascites,Abdominal fluid collection,ICD10,1384.0
1384,13648979254,114734863,2023-04-02 00:00:00.0000000,L89.523,"Pressure ulcer of left ankle, stage 3","Decubitus ulcer of left ankle, stage 3",ICD10,1385.0
1385,13400497660,114734863,2019-08-19 00:00:00.0000000,R06.02,Shortness of breath,Shortness of breath,ICD10,1386.0
1386,13372334663,114734863,2018-10-16 00:00:00.0000000,E11.21,Type 2 diabetes mellitus with diabetic nephropathy,Diabetic nephropathy associated with type 2 diabetes mellitus,ICD10,1387.0
1387,13509051573,114734863,2021-10-26 00:00:00.0000000,I12.9,"Hypertensive chronic kidney disease with stage 1 through stage 4 chronic kidney disease, or unspecified chronic kidney disease",Hypertension with renal disease,ICD10,1388.0
1388,13345289670,114734863,2018-02-06 00:00:00.0000000,,,"Chronic kidney disease, stage III (moderate)",ICD10,1389.0
1389,13482708956,114734863,2020-10-20 00:00:00.0000000,I69.354,Hemiplegia and hemiparesis following cerebral infarction affecting left non-dominant side,Hemiplegia and hemiparesis following cerebral infarction affecting left non-dominant side,ICD10,1390.0
1390,10530828409,114734863,2016-10-04 00:00:00.0000000,R06.00,"Dyspnea, unspecified",,ICD10,1391.0
1391,13666663225,114734863,2023-06-24 00:00:00.0000000,R70.0,Elevated erythrocyte sedimentation rate,ESR raised,ICD10,1392.0
1392,13422991045,114734863,2020-02-04 00:00:00.0000000,I50.33,Acute on chronic diastolic (congestive) heart failure,Acute on chronic diastolic congestive heart failure,ICD10,1393.0
1393,13651517628,114734863,2023-04-16 00:00:00.0000000,I50.32,Chronic diastolic (congestive) heart failure,Chronic heart failure with preserved ejection fraction,ICD10,1394.0
1394,13614195341,114734863,2022-10-12 00:00:00.0000000,R19.7,"Diarrhea, unspecified",Diarrhea,ICD10,1395.0
1395,13507518489,114734863,2021-10-12 00:00:00.0000000,J98.6,Disorders of diaphragm,Hemidiaphragm paralysis,ICD10,1396.0
1396,13658468540,114734863,2023-05-21 00:00:00.0000000,L98.491,Non-pressure chronic ulcer of skin of other sites limited to breakdown of skin,"Skin ulcer, limited to breakdown of skin",ICD10,1397.0
1397,13482709793,114734863,2021-02-06 00:00:00.0000000,E66.01,Morbid (severe) obesity due to excess calories,Morbid obesity due to excess calories,ICD10,1398.0
1398,13602759294,114734863,2022-08-15 00:00:00.0000000,K35.32,,Perforated appendicitis,ICD10,1399.0
1399,13612654406,114734863,2022-10-16 00:00:00.0000000,M25.542,,Arthralgia of left hand,ICD10,1400.0
1400,13415718725,114734863,2020-02-24 00:00:00.0000000,,,Hyperlipidemia LDL goal <70,ICD10,1401.0
1401,13355930663,114734863,2018-05-15 00:00:00.0000000,I25.10,Atherosclerotic heart disease of native coronary artery without angina pectoris,"Coronary artery disease involving native coronary artery, angina presence unspecified, unspecified whether native or transplanted heart",ICD10,1402.0
1402,13619229344,114734863,2022-11-07 00:00:00.0000000,M25.541,,Arthralgia of both hands,ICD10,1403.0
1403,13408463535,114734863,2020-07-01 00:00:00.0000000,E11.3291,,"Type 2 diabetes mellitus with right eye affected by mild nonproliferative retinopathy without macular edema, with long-term current use of insulin",ICD10,1404.0
1404,13666159543,114734863,2023-06-21 00:00:00.0000000,Z01.812,Encounter for preprocedural laboratory examination,Encounter for preoperative screening laboratory testing for COVID-19 virus,ICD10,1405.0
1405,13405204287,114734863,2019-10-07 00:00:00.0000000,Z79.4,Long term (current) use of insulin,"Type 2 diabetes mellitus with both eyes affected by mild nonproliferative retinopathy without macular edema, with long-term current use of insulin",ICD10,1406.0
1406,13408463535,114734863,2020-07-01 00:00:00.0000000,E11.3592,,Proliferative diabetic retinopathy of left eye without macular edema associated with type 2 diabetes mellitus,ICD10,1407.0
1407,13354090874,114734863,2018-05-28 00:00:00.0000000,,,Obstructive sleep apnea syndrome,ICD10,1408.0
1408,13507518489,114734863,2021-10-12 00:00:00.0000000,I72.0,Aneurysm of carotid artery,"Carotid aneurysm, left",ICD10,1409.0
1409,13332960889,114734863,2018-02-06 00:00:00.0000000,I50.43,Acute on chronic combined systolic (congestive) and diastolic (congestive) heart failure,Acute on chronic combined systolic and diastolic congestive heart failure,ICD10,1410.0
1410,13607606673,114734863,2022-09-10 00:00:00.0000000,R18.8,Other ascites,Abdominal fluid collection,ICD10,1411.0
1411,13650461416,114734863,2023-05-16 00:00:00.0000000,R33.9,"Retention of urine, unspecified",Urine retention,ICD10,1412.0
1412,13354869659,114734863,2018-05-21 00:00:00.0000000,,,(HFpEF) heart failure with preserved ejection fraction,ICD10,1413.0
1413,13306423676,114734863,2017-02-05 00:00:00.0000000,,,Dyspnea,ICD10,1414.0
1414,13496062096,114734863,2021-02-03 00:00:00.0000000,R19.7,"Diarrhea, unspecified",Diarrhea,ICD10,1415.0
1415,13429184713,114734863,2020-04-21 00:00:00.0000000,H40.1212,"Low-tension glaucoma, right eye, moderate stage","Low-tension glaucoma of right eye, moderate stage",ICD10,1416.0
1416,13424367553,114734863,2019-10-15 00:00:00.0000000,I50.33,Acute on chronic diastolic (congestive) heart failure,Acute on chronic heart failure with preserved ejection fraction,ICD10,1417.0
1417,13666663225,114734863,2023-06-24 00:00:00.0000000,L08.9,"Local infection of the skin and subcutaneous tissue, unspecified",Soft tissue infection,ICD10,1418.0
1418,13355916717,114734863,2018-10-30 00:00:00.0000000,E66.01,Morbid (severe) obesity due to excess calories,Morbid obesity due to excess calories,ICD10,1419.0
1419,13507522963,114734863,2021-04-13 00:00:00.0000000,I34.0,Nonrheumatic mitral (valve) insufficiency,Nonrheumatic mitral valve stenosis with insufficiency,ICD10,1420.0
1420,13331080033,114734863,2017-12-23 00:00:00.0000000,I50.20,Unspecified systolic (congestive) heart failure,"Systolic congestive heart failure, unspecified congestive heart failure chronicity",ICD10,1421.0
1421,13453838843,114734863,2020-10-20 00:00:00.0000000,I50.32,Chronic diastolic (congestive) heart failure,Chronic diastolic (congestive) heart failure,ICD10,1422.0
1422,13435741017,114734863,2019-12-30 00:00:00.0000000,Z79.4,Long term (current) use of insulin,"Type 2 diabetes mellitus with other circulatory complication, with long-term current use of insulin",ICD10,1423.0
1423,13613916046,114734863,2022-10-11 00:00:00.0000000,,,Conjunctivitis,ICD10,1424.0
1424,13543676751,114734863,2022-04-19 00:00:00.0000000,I44.2,"Atrioventricular block, complete","Atrioventricular block, complete",ICD10,1425.0
1425,13488500048,114734863,2020-12-09 00:00:00.0000000,Z79.4,Long term (current) use of insulin,"Type 2 diabetes mellitus with other circulatory complication, with long-term current use of insulin",ICD10,1426.0
1426,13663559574,114734863,2023-06-11 00:00:00.0000000,L89.522,"Pressure ulcer of left ankle, stage 2","Decubitus ulcer of left ankle, stage 2",ICD10,1427.0
1427,13658468540,114734863,2023-05-21 00:00:00.0000000,R41.3,Other amnesia,Memory impairment,ICD10,1428.0
1428,13425496519,114734863,2019-10-22 00:00:00.0000000,I50.33,Acute on chronic diastolic (congestive) heart failure,Acute on chronic heart failure with preserved ejection fraction,ICD10,1429.0
1429,13588506396,114734863,2022-06-04 00:00:00.0000000,R06.09,Other forms of dyspnea,Dyspnea on exertion,ICD10,1430.0
1430,13377635945,114734863,2019-04-23 00:00:00.0000000,I65.23,Occlusion and stenosis of bilateral carotid arteries,Bilateral carotid artery stenosis,ICD10,1431.0
1431,13507522963,114734863,2021-04-13 00:00:00.0000000,E66.01,Morbid (severe) obesity due to excess calories,Morbid obesity due to excess calories,ICD10,1432.0
1432,13645986855,114734863,2023-03-18 00:00:00.0000000,L89.522,"Pressure ulcer of left ankle, stage 2","Pressure injury of left ankle, stage 2",ICD10,1433.0
1433,13640677282,114734863,2023-02-19 00:00:00.0000000,I50.32,Chronic diastolic (congestive) heart failure,Chronic heart failure with preserved ejection fraction,ICD10,1434.0
1434,13496023527,114734863,2021-02-03 00:00:00.0000000,H40.1212,"Low-tension glaucoma, right eye, moderate stage","Low tension glaucoma of right eye, moderate stage",ICD10,1435.0
1435,13348900281,114734863,2018-03-10 00:00:00.0000000,I50.9,"Heart failure, unspecified",Congestive heart failure,ICD10,1436.0
1436,13355916717,114734863,2018-10-30 00:00:00.0000000,E78.2,Mixed hyperlipidemia,Mixed hyperlipidemia,ICD10,1437.0
1437,13674470426,114734863,2023-08-15 00:00:00.0000000,M25.642,"Stiffness of left hand, not elsewhere classified","Stiffness of joint, hand, left",ICD10,1438.0
1438,13296305671,114734863,2017-04-26 00:00:00.0000000,E11.59,,Type 2 diabetes mellitus with other circulatory complications,ICD10,1439.0
1439,13669929030,114734863,2023-07-19 00:00:00.0000000,Z51.5,Encounter for palliative care,"Encounter for palliative care in home, non-hospice",ICD10,1440.0
1440,13447958363,114734863,2020-04-28 00:00:00.0000000,,,"Chronic kidney disease, stage III (moderate)",ICD10,1441.0
1441,13414246189,114734863,2019-11-16 00:00:00.0000000,H40.1212,"Low-tension glaucoma, right eye, moderate stage","Low tension glaucoma of right eye, moderate stage",ICD10,1442.0
1442,10555429103,114734863,2016-09-26 00:00:00.0000000,I27.0,Primary pulmonary hypertension,,ICD10,1443.0
1443,13563731299,114734863,2022-03-29 00:00:00.0000000,,,Hyperlipidemia LDL goal <70,ICD10,1444.0
1444,13296305671,114734863,2017-04-26 00:00:00.0000000,I25.10,Atherosclerotic heart disease of native coronary artery without angina pectoris,Chronic coronary artery disease,ICD10,1445.0
1445,13507522963,114734863,2021-04-13 00:00:00.0000000,E11.21,Type 2 diabetes mellitus with diabetic nephropathy,Diabetic nephropathy associated with type 2 diabetes mellitus,ICD10,1446.0
1446,13579282929,114734863,2022-10-18 00:00:00.0000000,N17.9,"Acute kidney failure, unspecified",AKI (acute kidney injury),ICD10,1447.0
1447,13621126298,114734863,2022-11-16 00:00:00.0000000,I50.32,Chronic diastolic (congestive) heart failure,Chronic heart failure with preserved ejection fraction,ICD10,1448.0
1448,13339987805,114734863,2018-05-07 00:00:00.0000000,R06.09,Other forms of dyspnea,Dyspnea on exertion,ICD10,1449.0
1449,13651517628,114734863,2023-04-16 00:00:00.0000000,A04.71,,Recurrent Clostridioides difficile diarrhea,ICD10,1450.0
1450,13543215458,114734863,2022-03-26 00:00:00.0000000,H35.361,"Drusen (degenerative) of macula, right eye",Drusen of right macula,ICD10,1451.0
1451,13306436556,114734863,2017-08-07 00:00:00.0000000,,,Moderate persistent asthma without complication,ICD10,1452.0
1452,13450895586,114734863,2020-05-05 00:00:00.0000000,I63.9,"Cerebral infarction, unspecified","Cerebrovascular accident (CVA), unspecified mechanism",ICD10,1453.0
1453,13445808437,114734863,2020-03-09 00:00:00.0000000,,,Health care maintenance,ICD10,1454.0
1454,10675610442,114734863,2016-05-11 00:00:00.0000000,E11.9,Type 2 diabetes mellitus without complications,,ICD10,1455.0
1455,13377635945,114734863,2019-04-23 00:00:00.0000000,I05.2,Rheumatic mitral stenosis with insufficiency,"Mitral stenosis with insufficiency, unspecified etiology",ICD10,1456.0
1456,13372334663,114734863,2018-10-16 00:00:00.0000000,,,"CKD (chronic kidney disease) stage 3, GFR 30-59 ml/min",ICD10,1457.0
1457,13651517628,114734863,2023-04-16 00:00:00.0000000,Z43.5,Encounter for attention to cystostomy,Encounter for care or replacement of suprapubic tube,ICD10,1458.0
1458,13641438805,114734863,2023-02-21 00:00:00.0000000,I63.9,"Cerebral infarction, unspecified",Cerebrovascular accident,ICD10,1459.0
1459,13441266872,114734863,2020-06-09 00:00:00.0000000,E11.3293,,"Type 2 diabetes mellitus with both eyes affected by mild nonproliferative retinopathy without macular edema, with long-term current use of insulin",ICD10,1460.0
1460,13583693221,114734863,2022-11-12 00:00:00.0000000,A04.72,,Clostridioides difficile diarrhea,ICD10,1461.0
1461,13379353862,114734863,2018-11-12 00:00:00.0000000,I10,Essential (primary) hypertension,Essential hypertension,ICD10,1462.0
1462,13639516308,114734863,2023-02-13 00:00:00.0000000,A04.71,,Recurrent Clostridioides difficile diarrhea,ICD10,1463.0
1463,13482709793,114734863,2021-02-06 00:00:00.0000000,I10,Essential (primary) hypertension,Essential hypertension,ICD10,1464.0
1464,13482708956,114734863,2020-10-20 00:00:00.0000000,E11.3293,,"Type 2 diabetes mellitus with both eyes affected by mild nonproliferative retinopathy without macular edema, with long-term current use of insulin",ICD10,1465.0
1465,13651517628,114734863,2023-04-16 00:00:00.0000000,L89.523,"Pressure ulcer of left ankle, stage 3","Decubitus ulcer of left ankle, stage 3",ICD10,1466.0
1466,13329907489,114734863,2017-10-07 00:00:00.0000000,I27.20,,Pulmonary hypertension,ICD10,1467.0
1467,13299429369,114734863,2016-11-29 00:00:00.0000000,R06.09,Other forms of dyspnea,Dyspnea on exertion,ICD10,1468.0
1468,13539207159,114734863,2022-01-25 00:00:00.0000000,E11.3293,,"Type 2 diabetes mellitus with both eyes affected by mild nonproliferative retinopathy without macular edema, with long-term current use of insulin",ICD10,1469.0
1469,13296562611,114734863,2016-11-30 00:00:00.0000000,I25.10,Atherosclerotic heart disease of native coronary artery without angina pectoris,Arteriosclerotic heart disease,ICD10,1470.0
1470,13599695903,114734863,2022-08-07 00:00:00.0000000,E11.3291,,"Type 2 diabetes mellitus with right eye affected by mild nonproliferative retinopathy without macular edema, with long-term current use of insulin",ICD10,1471.0
1471,13306436556,114734863,2017-08-07 00:00:00.0000000,I27.20,,Pulmonary hypertension,ICD10,1472.0
1472,13661865777,114734863,2023-06-05 00:00:00.0000000,,,Stage 3b chronic kidney disease,ICD10,1473.0
1473,13447958363,114734863,2020-04-28 00:00:00.0000000,E11.3293,,"Type 2 diabetes mellitus with both eyes affected by mild nonproliferative retinopathy without macular edema, with long-term current use of insulin",ICD10,1474.0
1474,13619238820,114734863,2022-11-07 00:00:00.0000000,R19.7,"Diarrhea, unspecified","Diarrhea, unspecified type",ICD10,1475.0
1475,13498424316,114734863,2021-02-27 00:00:00.0000000,H40.1223,"Low-tension glaucoma, left eye, severe stage","Low-tension glaucoma of left eye, severe stage",ICD10,1476.0
1476,10456957221,114734863,2016-11-02 00:00:00.0000000,Z87.891,Personal history of nicotine dependence,,ICD10,1477.0
1477,13445808437,114734863,2020-03-09 00:00:00.0000000,I72.9,Aneurysm of unspecified site,Aneurysm,ICD10,1478.0
1478,13345437298,114734863,2018-02-07 00:00:00.0000000,E78.00,,Pure hypercholesterolemia,ICD10,1479.0
1479,13327829854,114734863,2017-09-05 00:00:00.0000000,I65.22,Occlusion and stenosis of left carotid artery,Stenosis of left carotid artery,ICD10,1480.0
1480,13527048173,114734863,2021-07-31 00:00:00.0000000,H40.1223,"Low-tension glaucoma, left eye, severe stage","Low-tension glaucoma of left eye, severe stage",ICD10,1481.0
1481,13482708956,114734863,2020-10-20 00:00:00.0000000,I65.23,Occlusion and stenosis of bilateral carotid arteries,Bilateral carotid artery stenosis,ICD10,1482.0
1482,13669929030,114734863,2023-07-19 00:00:00.0000000,R54,Age-related physical debility,Frailty,ICD10,1483.0
1483,13353608192,114734863,2018-04-21 00:00:00.0000000,H40.1212,"Low-tension glaucoma, right eye, moderate stage","Low tension glaucoma of right eye, moderate stage",ICD10,1484.0
1484,13634914353,114734863,2023-01-21 00:00:00.0000000,L89.529,"Pressure ulcer of left ankle, unspecified stage","Pressure injury of skin of left ankle, unspecified injury stage",ICD10,1485.0
1485,13527048173,114734863,2021-07-31 00:00:00.0000000,H40.1212,"Low-tension glaucoma, right eye, moderate stage","Low tension glaucoma of right eye, moderate stage",ICD10,1486.0
1486,13507518489,114734863,2021-10-12 00:00:00.0000000,Z79.4,Long term (current) use of insulin,"Type 2 diabetes mellitus with both eyes affected by mild nonproliferative retinopathy without macular edema, with long-term current use of insulin",ICD10,1487.0
1487,13664880276,114734863,2023-06-17 00:00:00.0000000,L98.499,Non-pressure chronic ulcer of skin of other sites with unspecified severity,"Finger ulcer, with unspecified severity",ICD10,1488.0
1488,13660797935,114734863,2023-05-28 00:00:00.0000000,E11.3291,,"Type 2 diabetes mellitus with right eye affected by mild nonproliferative retinopathy without macular edema, with long-term current use of insulin",ICD10,1489.0
1489,13441266872,114734863,2020-06-09 00:00:00.0000000,E11.3293,,Nonproliferative diabetic retinopathy of both eyes,ICD10,1490.0
1490,13372264424,114734863,2018-09-18 00:00:00.0000000,,,"Chronic kidney disease, stage III (moderate)",ICD10,1491.0
1491,13543676751,114734863,2022-04-19 00:00:00.0000000,I10,Essential (primary) hypertension,Essential hypertension,ICD10,1492.0
1492,13391266949,114734863,2019-02-12 00:00:00.0000000,R69,"Illness, unspecified",Diagnosis unknown,ICD10,1493.0
1493,13614175712,114734863,2022-10-15 00:00:00.0000000,K35.33,,Appendiceal abscess,ICD10,1494.0
1494,13643238866,114734863,2023-03-04 00:00:00.0000000,L89.521,"Pressure ulcer of left ankle, stage 1","Pressure injury of left ankle, stage 1",ICD10,1495.0
1495,13306137772,114734863,2017-02-05 00:00:00.0000000,E66.9,"Obesity, unspecified",Obesity (BMI 30-39.9),ICD10,1496.0
1496,13379546579,114734863,2018-12-16 00:00:00.0000000,J98.6,Disorders of diaphragm,Hemidiaphragm paralysis,ICD10,1497.0
1497,13376715876,114734863,2019-04-23 00:00:00.0000000,I65.23,Occlusion and stenosis of bilateral carotid arteries,Bilateral carotid artery stenosis,ICD10,1498.0
1498,13388023851,114734863,2019-04-09 00:00:00.0000000,H40.1212,"Low-tension glaucoma, right eye, moderate stage","Low-tension glaucoma of right eye, moderate stage",ICD10,1499.0
1499,13661865777,114734863,2023-06-05 00:00:00.0000000,I69.354,Hemiplegia and hemiparesis following cerebral infarction affecting left non-dominant side,Hemiplegia and hemiparesis following cerebral infarction affecting left non-dominant side,ICD10,1500.0
1500,13616507083,114734863,2022-11-01 00:00:00.0000000,R06.02,Shortness of breath,Shortness of breath,ICD10,1501.0
1501,13540684535,114734863,2022-05-10 00:00:00.0000000,,,Stage 3b chronic kidney disease,ICD10,1502.0
1502,13640676782,114734863,2023-02-18 00:00:00.0000000,I50.43,Acute on chronic combined systolic (congestive) and diastolic (congestive) heart failure,Acute on chronic combined systolic and diastolic congestive heart failure,ICD10,1503.0
1503,13422991045,114734863,2020-02-04 00:00:00.0000000,I10,Essential (primary) hypertension,Essential hypertension,ICD10,1504.0
1504,13507518489,114734863,2021-10-12 00:00:00.0000000,I25.10,Atherosclerotic heart disease of native coronary artery without angina pectoris,Coronary artery disease involving native coronary artery of native heart without angina pectoris,ICD10,1505.0
1505,13409153130,114734863,2019-06-26 00:00:00.0000000,E11.3293,,Nonproliferative diabetic retinopathy of both eyes,ICD10,1506.0
1506,13400491185,114734863,2019-10-07 00:00:00.0000000,I27.20,,Pulmonary hypertension,ICD10,1507.0
1507,13663559574,114734863,2023-06-11 00:00:00.0000000,S60.413A,"Abrasion of left middle finger, initial encounter",Abrasion of left middle finger with infection,ICD10,1508.0
1508,13617700114,114734863,2022-11-06 00:00:00.0000000,R54,Age-related physical debility,Frailty syndrome in geriatric patient,ICD10,1509.0
1509,13599695903,114734863,2022-08-07 00:00:00.0000000,E11.3592,,Proliferative diabetic retinopathy of left eye without macular edema associated with type 2 diabetes mellitus,ICD10,1510.0
1510,13353612319,114734863,2018-07-21 00:00:00.0000000,E11.3293,,"Type 2 diabetes mellitus with both eyes affected by mild nonproliferative retinopathy without macular edema, with long-term current use of insulin",ICD10,1511.0
1511,13443291951,114734863,2020-02-19 00:00:00.0000000,E11.21,Type 2 diabetes mellitus with diabetic nephropathy,Diabetic nephropathy associated with type 2 diabetes mellitus,ICD10,1512.0
1512,13340015772,114734863,2017-12-23 00:00:00.0000000,J98.6,Disorders of diaphragm,Hemidiaphragm paralysis,ICD10,1513.0
1513,13376715876,114734863,2019-04-23 00:00:00.0000000,I10,Essential (primary) hypertension,Essential hypertension,ICD10,1514.0
1514,13305500656,114734863,2017-05-23 00:00:00.0000000,R06.02,Shortness of breath,Shortness of breath,ICD10,1515.0
1515,10456957221,114734863,2016-11-02 00:00:00.0000000,Z68.36,"Body mass index (bmi) 36.0-36.9, adult",,ICD10,1516.0
1516,13662091610,114734863,2023-06-04 00:00:00.0000000,I50.32,Chronic diastolic (congestive) heart failure,Chronic heart failure with preserved ejection fraction,ICD10,1517.0
1517,13371771259,114734863,2018-12-19 00:00:00.0000000,I65.23,Occlusion and stenosis of bilateral carotid arteries,Bilateral carotid artery stenosis,ICD10,1518.0
1518,13507522963,114734863,2021-04-13 00:00:00.0000000,I65.23,Occlusion and stenosis of bilateral carotid arteries,Bilateral carotid artery stenosis,ICD10,1519.0
1519,10529003506,114734863,2016-05-11 00:00:00.0000000,Z86.73,"Personal history of transient ischemic attack (tia), and cerebral infarction without residual deficits",,ICD10,1520.0
1520,13372148462,114734863,2018-09-16 00:00:00.0000000,E78.00,,Pure hypercholesterolemia,ICD10,1521.0
1521,13543215458,114734863,2022-03-26 00:00:00.0000000,E11.3291,,"Type 2 diabetes mellitus with right eye affected by mild nonproliferative retinopathy without macular edema, with long-term current use of insulin",ICD10,1522.0
1522,13610502819,114734863,2022-09-24 00:00:00.0000000,K35.33,,Appendiceal abscess,ICD10,1523.0
1523,10456957221,114734863,2016-11-02 00:00:00.0000000,R19.7,"Diarrhea, unspecified",,ICD10,1524.0
1524,13615443994,114734863,2022-10-19 00:00:00.0000000,W19.XXXA,"Unspecified fall, initial encounter","Fall, initial encounter",ICD10,1525.0
1525,13316588945,114734863,2017-05-21 00:00:00.0000000,I25.10,Atherosclerotic heart disease of native coronary artery without angina pectoris,Atherosclerosis of native coronary artery of native heart without angina pectoris,ICD10,1526.0
1526,13319412028,114734863,2017-06-17 00:00:00.0000000,E78.00,,Pure hypercholesterolemia,ICD10,1527.0
1527,13499701009,114734863,2021-06-08 00:00:00.0000000,H40.1212,"Low-tension glaucoma, right eye, moderate stage","Low-tension glaucoma of right eye, moderate stage",ICD10,1528.0
1528,13609751697,114734863,2022-09-20 00:00:00.0000000,K35.33,,Appendiceal abscess,ICD10,1529.0
1529,10456957221,114734863,2016-11-02 00:00:00.0000000,J44.9,"Chronic obstructive pulmonary disease, unspecified",,ICD10,1530.0
1530,13507522963,114734863,2021-04-13 00:00:00.0000000,J98.6,Disorders of diaphragm,Hemidiaphragm paralysis,ICD10,1531.0
1531,13376715876,114734863,2019-04-23 00:00:00.0000000,I27.20,,Pulmonary hypertension,ICD10,1532.0
1532,13563731299,114734863,2022-03-29 00:00:00.0000000,I34.2,Nonrheumatic mitral (valve) stenosis,Nonrheumatic mitral valve stenosis with insufficiency,ICD10,1533.0
1533,13352603167,114734863,2018-04-17 00:00:00.0000000,I34.2,Nonrheumatic mitral (valve) stenosis,Non-rheumatic mitral valve stenosis,ICD10,1534.0
1534,13583720188,114734863,2022-05-10 00:00:00.0000000,E11.3291,,"Type 2 diabetes mellitus with right eye affected by mild nonproliferative retinopathy without macular edema, with long-term current use of insulin",ICD10,1535.0
1535,13540686435,114734863,2021-10-12 00:00:00.0000000,,,Chronic systolic (congestive) heart failure,ICD10,1536.0
1536,13400494805,114734863,2019-04-23 00:00:00.0000000,Z79.4,Long term (current) use of insulin,"Type 2 diabetes mellitus with other circulatory complication, with long-term current use of insulin",ICD10,1537.0
1537,13514019089,114734863,2021-06-01 00:00:00.0000000,E11.3293,,"Type 2 diabetes mellitus with both eyes affected by mild nonproliferative retinopathy without macular edema, with long-term current use of insulin",ICD10,1538.0
1538,13507213825,114734863,2021-04-13 00:00:00.0000000,,,Obstructive sleep apnea syndrome,ICD10,1539.0
1539,13355916717,114734863,2018-10-30 00:00:00.0000000,I25.10,Atherosclerotic heart disease of native coronary artery without angina pectoris,"Coronary artery disease involving native coronary artery, angina presence unspecified, unspecified whether native or transplanted heart",ICD10,1540.0
1540,13639516308,114734863,2023-02-13 00:00:00.0000000,R06.09,Other forms of dyspnea,Other forms of dyspnea,ICD10,1541.0
1541,13372264424,114734863,2018-09-18 00:00:00.0000000,I25.10,Atherosclerotic heart disease of native coronary artery without angina pectoris,"Coronary artery disease involving native coronary artery, angina presence unspecified, unspecified whether native or transplanted heart",ICD10,1542.0
1542,13306436556,114734863,2017-08-07 00:00:00.0000000,,,Obstructive sleep apnea syndrome,ICD10,1543.0
1543,13296305671,114734863,2017-04-26 00:00:00.0000000,E78.2,Mixed hyperlipidemia,Mixed hyperlipidemia,ICD10,1544.0
1544,13599695903,114734863,2022-08-07 00:00:00.0000000,U07.1,,COVID-19,ICD10,1545.0
1545,13490836211,114734863,2020-12-29 00:00:00.0000000,Z79.4,Long term (current) use of insulin,"Type 2 diabetes mellitus with both eyes affected by mild nonproliferative retinopathy without macular edema, with long-term current use of insulin",ICD10,1546.0
1546,13558375868,114734863,2022-01-01 00:00:00.0000000,,,"Chronic kidney disease, stage III (moderate)",ICD10,1547.0
1547,13372444041,114734863,2019-01-22 00:00:00.0000000,E66.01,Morbid (severe) obesity due to excess calories,Morbid obesity due to excess calories,ICD10,1548.0
1548,13465207021,114734863,2020-07-01 00:00:00.0000000,,,Health care maintenance,ICD10,1549.0
1549,13445808437,114734863,2020-03-09 00:00:00.0000000,I25.10,Atherosclerotic heart disease of native coronary artery without angina pectoris,Chronic coronary artery disease,ICD10,1550.0
1550,13339987805,114734863,2018-05-07 00:00:00.0000000,,,"Chronic kidney disease, stage III (moderate)",ICD10,1551.0
1551,13543676751,114734863,2022-04-19 00:00:00.0000000,I27.20,,Pulmonary hypertension,ICD10,1552.0
1552,13608774295,114734863,2022-09-19 00:00:00.0000000,I50.32,Chronic diastolic (congestive) heart failure,Chronic heart failure with preserved ejection fraction,ICD10,1553.0
1553,13669929030,114734863,2023-07-19 00:00:00.0000000,Z71.89,Other specified counseling,"Goals of care, counseling/discussion",ICD10,1554.0
1554,13579282929,114734863,2022-10-18 00:00:00.0000000,K35.33,,Appendiceal abscess,ICD10,1555.0
1555,13621126298,114734863,2022-11-16 00:00:00.0000000,A04.71,,Recurrent Clostridioides difficile diarrhea,ICD10,1556.0
1556,10456957221,114734863,2016-11-02 00:00:00.0000000,E66.9,"Obesity, unspecified",,ICD10,1557.0
1557,13429192248,114734863,2019-11-16 00:00:00.0000000,E11.21,Type 2 diabetes mellitus with diabetic nephropathy,Diabetic nephropathy associated with type 2 diabetes mellitus,ICD10,1558.0
1558,13339987805,114734863,2018-05-07 00:00:00.0000000,I34.0,Nonrheumatic mitral (valve) insufficiency,Nonrheumatic mitral valve stenosis with insufficiency,ICD10,1559.0
1559,13583693221,114734863,2022-11-12 00:00:00.0000000,E11.3291,,"Type 2 diabetes mellitus with right eye affected by mild nonproliferative retinopathy without macular edema, with long-term current use of insulin",ICD10,1560.0
1560,13658468540,114734863,2023-05-21 00:00:00.0000000,Z71.89,Other specified counseling,"Goals of care, counseling/discussion",ICD10,1561.0
1561,13618572381,114734863,2022-11-05 00:00:00.0000000,I50.32,Chronic diastolic (congestive) heart failure,Chronic heart failure with preserved ejection fraction,ICD10,1562.0
1562,13645986855,114734863,2023-03-18 00:00:00.0000000,R19.7,"Diarrhea, unspecified","Diarrhea, unspecified type",ICD10,1563.0
1563,13482708956,114734863,2020-10-20 00:00:00.0000000,I44.2,"Atrioventricular block, complete","Atrioventricular block, complete",ICD10,1564.0
1564,13299966135,114734863,2016-12-17 00:00:00.0000000,,,"Carotid stenosis, unspecified laterality",ICD10,1565.0
1565,13339987805,114734863,2018-05-07 00:00:00.0000000,,,Obstructive sleep apnea syndrome,ICD10,1566.0
1566,13447958363,114734863,2020-04-28 00:00:00.0000000,J98.6,Disorders of diaphragm,Hemidiaphragm paralysis,ICD10,1567.0
1567,13388585461,114734863,2019-05-28 00:00:00.0000000,E11.21,Type 2 diabetes mellitus with diabetic nephropathy,Diabetic nephropathy associated with type 2 diabetes mellitus,ICD10,1568.0
1568,13590254371,114734863,2022-06-13 00:00:00.0000000,D72.829,"Elevated white blood cell count, unspecified","Leukocytosis, unspecified type",ICD10,1569.0
1569,13552068499,114734863,2021-12-04 00:00:00.0000000,Z79.4,Long term (current) use of insulin,"Type 2 diabetes mellitus with other circulatory complication, with long-term current use of insulin",ICD10,1570.0
1570,13507518489,114734863,2021-10-12 00:00:00.0000000,I69.354,Hemiplegia and hemiparesis following cerebral infarction affecting left non-dominant side,Hemiplegia and hemiparesis following cerebral infarction affecting left non-dominant side,ICD10,1571.0
1571,13381895360,114734863,2018-12-02 00:00:00.0000000,I12.9,"Hypertensive chronic kidney disease with stage 1 through stage 4 chronic kidney disease, or unspecified chronic kidney disease",Hypertension with renal disease,ICD10,1572.0
1572,13607188762,114734863,2022-09-10 00:00:00.0000000,,,"Heart failure with preserved ejection fraction, unspecified HF chronicity",ICD10,1573.0
1573,13606853883,114734863,2022-09-07 00:00:00.0000000,R53.81,Other malaise,Physical deconditioning,ICD10,1574.0
1574,13353196528,114734863,2018-04-24 00:00:00.0000000,,,Chronic systolic congestive heart failure,ICD10,1575.0
1575,13379700774,114734863,2019-02-13 00:00:00.0000000,,,(HFpEF) heart failure with preserved ejection fraction,ICD10,1576.0
1576,13661557041,114734863,2023-06-07 00:00:00.0000000,Z51.5,Encounter for palliative care,"Encounter for palliative care in home, non-hospice",ICD10,1577.0
1577,13645986855,114734863,2023-03-18 00:00:00.0000000,M17.12,"Unilateral primary osteoarthritis, left knee","Osteoarthritis of left knee, unspecified osteoarthritis type",ICD10,1578.0
1578,13339987805,114734863,2018-05-07 00:00:00.0000000,I10,Essential (primary) hypertension,Essential hypertension,ICD10,1579.0
1579,13376768412,114734863,2019-06-22 00:00:00.0000000,H43.812,"Vitreous degeneration, left eye",Degeneration of posterior vitreous body of left eye,ICD10,1580.0
1580,13610191355,114734863,2022-09-24 00:00:00.0000000,K35.33,,Appendiceal abscess,ICD10,1581.0
1581,10456957221,114734863,2016-11-02 00:00:00.0000000,N52.9,"Male erectile dysfunction, unspecified",,ICD10,1582.0
1582,13331080033,114734863,2017-12-23 00:00:00.0000000,R06.09,Other forms of dyspnea,Dyspnea on exertion,ICD10,1583.0
1583,13590480422,114734863,2022-06-13 00:00:00.0000000,,,Fatigue,ICD10,1584.0
1584,13605630120,114734863,2022-08-30 00:00:00.0000000,,,ERRONEOUS ENCOUNTER--DISREGARD,ICD10,1585.0
1585,13376768412,114734863,2019-06-22 00:00:00.0000000,E11.3293,,"Type 2 diabetes mellitus with both eyes affected by mild nonproliferative retinopathy without macular edema, with long-term current use of insulin",ICD10,1586.0
1586,13422991045,114734863,2020-02-04 00:00:00.0000000,E11.3293,,"Type 2 diabetes mellitus with both eyes affected by mild nonproliferative retinopathy without macular edema, with long-term current use of insulin",ICD10,1587.0
1587,13390663358,114734863,2019-05-04 00:00:00.0000000,E11.21,Type 2 diabetes mellitus with diabetic nephropathy,Diabetic nephropathy associated with type 2 diabetes mellitus,ICD10,1588.0
1588,13384439341,114734863,2019-12-18 00:00:00.0000000,I65.23,Occlusion and stenosis of bilateral carotid arteries,Bilateral carotid artery stenosis,ICD10,1589.0
1589,13391206830,114734863,2019-02-12 00:00:00.0000000,I12.9,"Hypertensive chronic kidney disease with stage 1 through stage 4 chronic kidney disease, or unspecified chronic kidney disease",Hypertension with renal disease,ICD10,1590.0
1590,13615443994,114734863,2022-10-19 00:00:00.0000000,R19.7,"Diarrhea, unspecified","Diarrhea, unspecified type",ICD10,1591.0
1591,13605088575,114734863,2022-09-13 00:00:00.0000000,K35.33,,Appendiceal abscess,ICD10,1592.0
1592,13376254471,114734863,2018-10-20 00:00:00.0000000,I25.10,Atherosclerotic heart disease of native coronary artery without angina pectoris,Atherosclerosis of native coronary artery of native heart without angina pectoris,ICD10,1593.0
1593,10456957221,114734863,2016-11-02 00:00:00.0000000,I10,Essential (primary) hypertension,,ICD10,1594.0
1594,13668930046,114734863,2023-07-08 00:00:00.0000000,Z89.022,Acquired absence of left finger(s),History of surgical amputation of finger of left hand,ICD10,1595.0
1595,13301243717,114734863,2016-12-27 00:00:00.0000000,,,"Carotid stenosis, unspecified laterality",ICD10,1596.0
1596,13654570019,114734863,2023-04-29 00:00:00.0000000,Z71.89,Other specified counseling,Complex care coordination,ICD10,1597.0
1597,13376768412,114734863,2019-06-22 00:00:00.0000000,Z79.4,Long term (current) use of insulin,"Type 2 diabetes mellitus with both eyes affected by mild nonproliferative retinopathy without macular edema, with long-term current use of insulin",ICD10,1598.0
1598,13353196772,114734863,2018-10-23 00:00:00.0000000,I05.2,Rheumatic mitral stenosis with insufficiency,"Mitral stenosis with insufficiency, unspecified etiology",ICD10,1599.0
1599,13339987805,114734863,2018-05-07 00:00:00.0000000,I65.23,Occlusion and stenosis of bilateral carotid arteries,Bilateral carotid artery stenosis,ICD10,1600.0
1600,13665407065,114734863,2023-06-20 00:00:00.0000000,M21.949,"Unspecified acquired deformity of hand, unspecified hand","Deformity of hand, unspecified laterality",ICD10,1601.0
1601,13418496728,114734863,2019-09-07 00:00:00.0000000,E78.00,,Pure hypercholesterolemia,ICD10,1602.0
1602,13312301914,114734863,2017-06-24 00:00:00.0000000,Z79.4,Long term (current) use of insulin,"Type 2 diabetes mellitus with other circulatory complication, with long-term current use of insulin",ICD10,1603.0
1603,13453838843,114734863,2020-10-20 00:00:00.0000000,I50.32,Chronic diastolic (congestive) heart failure,Chronic diastolic congestive heart failure,ICD10,1604.0
1604,13332884236,114734863,2017-10-23 00:00:00.0000000,N18.9,"Chronic kidney disease, unspecified","CKD (chronic kidney disease), unspecified stage",ICD10,1605.0
1605,13332074102,114734863,2017-10-23 00:00:00.0000000,E78.2,Mixed hyperlipidemia,Mixed hyperlipidemia,ICD10,1606.0
1606,13540686435,114734863,2021-10-12 00:00:00.0000000,,,Health care maintenance,ICD10,1607.0
1607,13331080033,114734863,2017-12-23 00:00:00.0000000,E11.59,,"Type 2 diabetes mellitus with other circulatory complication, with long-term current use of insulin",ICD10,1608.0
1608,13296305671,114734863,2017-04-26 00:00:00.0000000,I27.20,,Pulmonary hypertension,ICD10,1609.0
1609,13666159543,114734863,2023-06-21 00:00:00.0000000,Z20.822,,Encounter for preoperative screening laboratory testing for COVID-19 virus,ICD10,1610.0
1610,13422485914,114734863,2019-10-05 00:00:00.0000000,I50.33,Acute on chronic diastolic (congestive) heart failure,Acute on chronic diastolic (congestive) heart failure,ICD10,1611.0
1611,13658468540,114734863,2023-05-21 00:00:00.0000000,R54,Age-related physical debility,Frailty,ICD10,1612.0
1612,13372444041,114734863,2019-01-22 00:00:00.0000000,E11.59,,"Type 2 diabetes mellitus with other circulatory complication, with long-term current use of insulin",ICD10,1613.0
1613,13384437064,114734863,2018-12-22 00:00:00.0000000,I65.23,Occlusion and stenosis of bilateral carotid arteries,Bilateral carotid artery stenosis,ICD10,1614.0
1614,13661557041,114734863,2023-06-07 00:00:00.0000000,R41.3,Other amnesia,Memory impairment,ICD10,1615.0
1615,13583720188,114734863,2022-05-10 00:00:00.0000000,Z79.4,Long term (current) use of insulin,"Type 2 diabetes mellitus with right eye affected by mild nonproliferative retinopathy without macular edema, with long-term current use of insulin",ICD10,1616.0
1616,13400497660,114734863,2019-08-19 00:00:00.0000000,,,Obstructive sleep apnea syndrome,ICD10,1617.0
1617,13299637655,114734863,2016-11-30 00:00:00.0000000,I65.23,Occlusion and stenosis of bilateral carotid arteries,"Carotid artery stenosis, bilateral",ICD10,1618.0
1618,13427599859,114734863,2020-04-28 00:00:00.0000000,I13.10,"Hypertensive heart and chronic kidney disease without heart failure, with stage 1 through stage 4 chronic kidney disease, or unspecified chronic kidney disease",Cardiorenal syndrome with renal failure,ICD10,1619.0
1619,13507213825,114734863,2021-04-13 00:00:00.0000000,,,Health care maintenance,ICD10,1620.0
1620,13331080033,114734863,2017-12-23 00:00:00.0000000,J98.6,Disorders of diaphragm,Hemidiaphragm paralysis,ICD10,1621.0
1621,13329236305,114734863,2017-10-17 00:00:00.0000000,I25.10,Atherosclerotic heart disease of native coronary artery without angina pectoris,"Coronary artery disease involving native coronary artery, angina presence unspecified, unspecified whether native or transplanted heart",ICD10,1622.0
1622,13324310124,114734863,2017-08-07 00:00:00.0000000,Z79.4,Long term (current) use of insulin,"Type 2 diabetes mellitus with other circulatory complication, with long-term current use of insulin",ICD10,1623.0
1623,10529003506,114734863,2016-05-11 00:00:00.0000000,I27.2,Other secondary pulmonary hypertension,,ICD10,1624.0
1624,13355925412,114734863,2018-05-07 00:00:00.0000000,,,Obstructive sleep apnea syndrome,ICD10,1625.0
1625,13609581525,114734863,2022-09-19 00:00:00.0000000,E11.3291,,"Type 2 diabetes mellitus with right eye affected by mild nonproliferative retinopathy without macular edema, with long-term current use of insulin",ICD10,1626.0
1626,13556396439,114734863,2021-12-21 00:00:00.0000000,E78.00,,Pure hypercholesterolemia,ICD10,1627.0
1627,13540686435,114734863,2021-10-12 00:00:00.0000000,I69.354,Hemiplegia and hemiparesis following cerebral infarction affecting left non-dominant side,Hemiplegia and hemiparesis following cerebral infarction affecting left non-dominant side,ICD10,1628.0
1628,13649686269,114734863,2023-04-04 00:00:00.0000000,R33.8,Other retention of urine,Urinary retention due to benign prostatic hyperplasia,ICD10,1629.0
1629,13441266872,114734863,2020-06-09 00:00:00.0000000,E66.01,Morbid (severe) obesity due to excess calories,Morbid obesity due to excess calories,ICD10,1630.0
1630,13340015772,114734863,2017-12-23 00:00:00.0000000,I10,Essential (primary) hypertension,Essential hypertension,ICD10,1631.0
1631,13453838843,114734863,2020-10-20 00:00:00.0000000,I72.9,Aneurysm of unspecified site,Aneurysm,ICD10,1632.0
1632,13535973488,114734863,2021-09-18 00:00:00.0000000,I13.10,"Hypertensive heart and chronic kidney disease without heart failure, with stage 1 through stage 4 chronic kidney disease, or unspecified chronic kidney disease",Cardiorenal syndrome with renal failure,ICD10,1633.0
1633,13447958363,114734863,2020-04-28 00:00:00.0000000,I50.33,Acute on chronic diastolic (congestive) heart failure,Acute on chronic diastolic congestive heart failure,ICD10,1634.0
1634,10530828409,114734863,2016-10-04 00:00:00.0000000,I25.10,Atherosclerotic heart disease of native coronary artery without angina pectoris,,ICD10,1635.0
1635,13594935397,114734863,2022-07-05 00:00:00.0000000,R10.84,Generalized abdominal pain,Generalized abdominal pain,ICD10,1636.0
1636,13296305671,114734863,2017-04-26 00:00:00.0000000,I65.23,Occlusion and stenosis of bilateral carotid arteries,Bilateral carotid artery stenosis,ICD10,1637.0
1637,13487679021,114734863,2020-12-02 00:00:00.0000000,K21.9,Gastro-esophageal reflux disease without esophagitis,Gastroesophageal reflux disease,ICD10,1638.0
1638,13583720188,114734863,2022-05-10 00:00:00.0000000,,,Chronic systolic heart failure,ICD10,1639.0
1639,13372334663,114734863,2018-10-16 00:00:00.0000000,I12.9,"Hypertensive chronic kidney disease with stage 1 through stage 4 chronic kidney disease, or unspecified chronic kidney disease",Hypertension with renal disease,ICD10,1640.0
1640,13400494805,114734863,2019-04-23 00:00:00.0000000,,,"Chronic kidney disease, stage III (moderate)",ICD10,1641.0
1641,13329907489,114734863,2017-10-07 00:00:00.0000000,G62.9,"Polyneuropathy, unspecified",Neuropathy,ICD10,1642.0
1642,13400494805,114734863,2019-04-23 00:00:00.0000000,I27.20,,Pulmonary hypertension,ICD10,1643.0
1643,13670456408,114734863,2023-07-15 00:00:00.0000000,Z89.022,Acquired absence of left finger(s),History of surgical amputation of finger of left hand,ICD10,1644.0
1644,13649021405,114734863,2023-04-01 00:00:00.0000000,I69.354,Hemiplegia and hemiparesis following cerebral infarction affecting left non-dominant side,Hemiplegia and hemiparesis following cerebral infarction affecting left non-dominant side,ICD10,1645.0
1645,13598934177,114734863,2022-07-27 00:00:00.0000000,R33.8,Other retention of urine,Benign prostatic hyperplasia with urinary retention,ICD10,1646.0
1646,13400494805,114734863,2019-04-23 00:00:00.0000000,I10,Essential (primary) hypertension,Essential hypertension,ICD10,1647.0
1647,13355930663,114734863,2018-05-15 00:00:00.0000000,,,"Chronic kidney disease, stage III (moderate)",ICD10,1648.0
1648,13583720188,114734863,2022-05-10 00:00:00.0000000,,,Stage 3b chronic kidney disease,ICD10,1649.0
1649,13355916717,114734863,2018-10-30 00:00:00.0000000,I65.23,Occlusion and stenosis of bilateral carotid arteries,Bilateral carotid artery stenosis,ICD10,1650.0
1650,13535973488,114734863,2021-09-18 00:00:00.0000000,I12.9,"Hypertensive chronic kidney disease with stage 1 through stage 4 chronic kidney disease, or unspecified chronic kidney disease",Hypertension with renal disease,ICD10,1651.0
1651,13391380517,114734863,2019-06-19 00:00:00.0000000,R69,"Illness, unspecified",Diagnosis unknown,ICD10,1652.0
1652,13507213825,114734863,2021-04-13 00:00:00.0000000,I25.10,Atherosclerotic heart disease of native coronary artery without angina pectoris,Atherosclerosis of native coronary artery of native heart without angina pectoris,ICD10,1653.0
1653,13511686744,114734863,2021-05-08 00:00:00.0000000,R19.7,"Diarrhea, unspecified",Diarrhea,ICD10,1654.0
1654,13324732973,114734863,2017-08-13 00:00:00.0000000,E78.00,,Pure hypercholesterolemia,ICD10,1655.0
1655,13331080033,114734863,2017-12-23 00:00:00.0000000,I25.10,Atherosclerotic heart disease of native coronary artery without angina pectoris,"Coronary artery disease involving native coronary artery, angina presence unspecified, unspecified whether native or transplanted heart",ICD10,1656.0
1656,13648979254,114734863,2023-04-02 00:00:00.0000000,M17.12,"Unilateral primary osteoarthritis, left knee","Osteoarthritis of left knee, unspecified osteoarthritis type",ICD10,1657.0
1657,13661865777,114734863,2023-06-05 00:00:00.0000000,,,Health care maintenance,ICD10,1658.0
1658,13605088575,114734863,2022-09-13 00:00:00.0000000,,,Chronic systolic congestive heart failure,ICD10,1659.0
1659,13658366682,114734863,2023-05-16 00:00:00.0000000,Z93.59,Other cystostomy status,Suprapubic catheter,ICD10,1660.0
1660,13379353862,114734863,2018-11-12 00:00:00.0000000,Z91.81,History of falling,At risk for falls,ICD10,1661.0
1661,13507522963,114734863,2021-04-13 00:00:00.0000000,,,"Chronic kidney disease, stage III (moderate)",ICD10,1662.0
1662,13648626798,114734863,2023-03-29 00:00:00.0000000,A04.72,,Clostridioides difficile diarrhea,ICD10,1663.0
1663,13610082263,114734863,2022-09-21 00:00:00.0000000,A04.72,,Clostridioides difficile diarrhea,ICD10,1664.0
1664,13590432523,114734863,2022-06-13 00:00:00.0000000,R06.09,Other forms of dyspnea,Dyspnea on exertion,ICD10,1665.0
1665,13639689525,114734863,2023-02-13 00:00:00.0000000,A04.71,,Recurrent Clostridioides difficile diarrhea,ICD10,1666.0
1666,13334499889,114734863,2018-01-03 00:00:00.0000000,E66.01,Morbid (severe) obesity due to excess calories,Morbid obesity due to excess calories,ICD10,1667.0
1667,13540684535,114734863,2022-05-10 00:00:00.0000000,G89.29,Other chronic pain,Chronic pain of left knee,ICD10,1668.0
1668,13619002333,114734863,2022-11-06 00:00:00.0000000,R06.09,Other forms of dyspnea,Dyspnea on exertion,ICD10,1669.0
1669,13329276728,114734863,2017-09-18 00:00:00.0000000,,,Dyspnea,ICD10,1670.0
1670,13641438805,114734863,2023-02-21 00:00:00.0000000,I69.354,Hemiplegia and hemiparesis following cerebral infarction affecting left non-dominant side,Hemiplegia and hemiparesis following cerebral infarction affecting left non-dominant side,ICD10,1671.0
1671,13563731299,114734863,2022-03-29 00:00:00.0000000,,,Chronic systolic congestive heart failure,ICD10,1672.0
1672,13609581525,114734863,2022-09-19 00:00:00.0000000,K35.33,,Appendiceal abscess,ICD10,1673.0
1673,13465207021,114734863,2020-07-01 00:00:00.0000000,I25.10,Atherosclerotic heart disease of native coronary artery without angina pectoris,Chronic coronary artery disease,ICD10,1674.0
1674,13297942545,114734863,2016-11-26 00:00:00.0000000,,,Hyperlipidemia,ICD10,1675.0
1675,13599695903,114734863,2022-08-07 00:00:00.0000000,,,Stage 3b chronic kidney disease,ICD10,1676.0
1676,13296305671,114734863,2017-04-26 00:00:00.0000000,I10,Essential (primary) hypertension,Essential hypertension,ICD10,1677.0
1677,13386985406,114734863,2019-02-13 00:00:00.0000000,E78.2,Mixed hyperlipidemia,Mixed hyperlipidemia,ICD10,1678.0
1678,13306436556,114734863,2017-08-07 00:00:00.0000000,J98.6,Disorders of diaphragm,Hemidiaphragm paralysis,ICD10,1679.0
1679,13453838843,114734863,2020-10-20 00:00:00.0000000,E11.3592,,Proliferative diabetic retinopathy of left eye without macular edema associated with type 2 diabetes mellitus,ICD10,1680.0
1680,13507518489,114734863,2021-10-12 00:00:00.0000000,E66.01,Morbid (severe) obesity due to excess calories,Morbid obesity due to excess calories,ICD10,1681.0
1681,13530186202,114734863,2021-09-18 00:00:00.0000000,E11.3291,,"Type 2 diabetes mellitus with right eye affected by mild nonproliferative retinopathy without macular edema, with long-term current use of insulin",ICD10,1682.0
1682,13365977708,114734863,2018-11-14 00:00:00.0000000,,,(HFpEF) heart failure with preserved ejection fraction,ICD10,1683.0
1683,13296562611,114734863,2016-11-30 00:00:00.0000000,E66.9,"Obesity, unspecified",Obesity,ICD10,1684.0
1684,13306436556,114734863,2017-08-07 00:00:00.0000000,R06.02,Shortness of breath,Shortness of breath,ICD10,1685.0
1685,10529003506,114734863,2016-05-11 00:00:00.0000000,I77.9,"Disorder of arteries and arterioles, unspecified",,ICD10,1686.0
1686,13640677282,114734863,2023-02-19 00:00:00.0000000,A04.71,,Recurrent Clostridioides difficile diarrhea,ICD10,1687.0
1687,13482627158,114734863,2021-04-24 00:00:00.0000000,I12.9,"Hypertensive chronic kidney disease with stage 1 through stage 4 chronic kidney disease, or unspecified chronic kidney disease",Hypertension with renal disease,ICD10,1688.0
1688,13305500656,114734863,2017-05-23 00:00:00.0000000,I10,Essential (primary) hypertension,Essential hypertension,ICD10,1689.0
1689,13465207021,114734863,2020-07-01 00:00:00.0000000,I13.10,"Hypertensive heart and chronic kidney disease without heart failure, with stage 1 through stage 4 chronic kidney disease, or unspecified chronic kidney disease",Cardiorenal syndrome with renal failure,ICD10,1690.0
1690,13507522963,114734863,2021-04-13 00:00:00.0000000,,,Severe persistent asthma without complication,ICD10,1691.0
1691,13355925412,114734863,2018-05-07 00:00:00.0000000,I72.9,Aneurysm of unspecified site,Aneurysm,ICD10,1692.0
1692,13612254576,114734863,2022-10-10 00:00:00.0000000,B37.2,Candidiasis of skin and nail,Skin yeast infection,ICD10,1693.0
1693,13372264424,114734863,2018-09-18 00:00:00.0000000,,,Obstructive sleep apnea syndrome,ICD10,1694.0
1694,13615078801,114734863,2022-10-17 00:00:00.0000000,,,Rash,ICD10,1695.0
1695,13355916717,114734863,2018-10-30 00:00:00.0000000,,,Health care maintenance,ICD10,1696.0
1696,13465207021,114734863,2020-07-01 00:00:00.0000000,I34.2,Nonrheumatic mitral (valve) stenosis,Nonrheumatic mitral valve stenosis with insufficiency,ICD10,1697.0
1697,13355925412,114734863,2018-05-07 00:00:00.0000000,I13.10,"Hypertensive heart and chronic kidney disease without heart failure, with stage 1 through stage 4 chronic kidney disease, or unspecified chronic kidney disease",Cardiorenal syndrome with renal failure,ICD10,1698.0
1698,13379353862,114734863,2018-11-12 00:00:00.0000000,E66.01,Morbid (severe) obesity due to excess calories,Morbid obesity due to excess calories,ICD10,1699.0
1699,13400420676,114734863,2019-08-19 00:00:00.0000000,,,Hyperlipidemia LDL goal <70,ICD10,1700.0
1700,13639516308,114734863,2023-02-13 00:00:00.0000000,I50.32,Chronic diastolic (congestive) heart failure,Chronic heart failure with preserved ejection fraction,ICD10,1701.0
1701,13507213825,114734863,2021-04-13 00:00:00.0000000,E66.01,Morbid (severe) obesity due to excess calories,Morbid obesity due to excess calories,ICD10,1702.0
1702,13379353862,114734863,2018-11-12 00:00:00.0000000,I27.20,,Pulmonary hypertension,ICD10,1703.0
1703,13645528040,114734863,2023-03-14 00:00:00.0000000,S91.002A,"Unspecified open wound, left ankle, initial encounter",Wound of left ankle,ICD10,1704.0
1704,13377635945,114734863,2019-04-23 00:00:00.0000000,Z79.4,Long term (current) use of insulin,"Type 2 diabetes mellitus with other circulatory complication, with long-term current use of insulin",ICD10,1705.0
1705,13355930663,114734863,2018-05-15 00:00:00.0000000,I10,Essential (primary) hypertension,Essential hypertension,ICD10,1706.0
1706,13340015772,114734863,2017-12-23 00:00:00.0000000,Z79.4,Long term (current) use of insulin,"Type 2 diabetes mellitus with other circulatory complication, with long-term current use of insulin",ICD10,1707.0
1707,13379353862,114734863,2018-11-12 00:00:00.0000000,Z79.4,Long term (current) use of insulin,"Type 2 diabetes mellitus with other circulatory complication, with long-term current use of insulin",ICD10,1708.0
1708,13340015772,114734863,2017-12-23 00:00:00.0000000,E66.01,Morbid (severe) obesity due to excess calories,Morbid obesity due to excess calories,ICD10,1709.0
1709,13405204287,114734863,2019-10-07 00:00:00.0000000,E66.01,Morbid (severe) obesity due to excess calories,Morbid obesity due to excess calories,ICD10,1710.0
1710,13447958363,114734863,2020-04-28 00:00:00.0000000,,,Health care maintenance,ICD10,1711.0
1711,13453854995,114734863,2020-10-20 00:00:00.0000000,I13.10,"Hypertensive heart and chronic kidney disease without heart failure, with stage 1 through stage 4 chronic kidney disease, or unspecified chronic kidney disease",Cardiorenal syndrome with renal failure,ICD10,1712.0
1712,13620267968,114734863,2023-04-01 00:00:00.0000000,E11.3291,,"Type 2 diabetes mellitus with right eye affected by mild nonproliferative retinopathy without macular edema, with long-term current use of insulin",ICD10,1713.0
1713,13415795270,114734863,2020-02-24 00:00:00.0000000,I50.33,Acute on chronic diastolic (congestive) heart failure,Acute on chronic diastolic congestive heart failure,ICD10,1714.0
1714,13355925412,114734863,2018-05-07 00:00:00.0000000,E11.21,Type 2 diabetes mellitus with diabetic nephropathy,Diabetic nephropathy associated with type 2 diabetes mellitus,ICD10,1715.0
1715,13509051573,114734863,2021-10-26 00:00:00.0000000,,,Stage 3b chronic kidney disease,ICD10,1716.0
1716,13574735169,114734863,2022-03-26 00:00:00.0000000,I12.9,"Hypertensive chronic kidney disease with stage 1 through stage 4 chronic kidney disease, or unspecified chronic kidney disease",Hypertension with renal disease,ICD10,1717.0
1717,13314460199,114734863,2017-05-21 00:00:00.0000000,R06.09,Other forms of dyspnea,Dyspnea on exertion,ICD10,1718.0
1718,13400491185,114734863,2019-10-07 00:00:00.0000000,,,"Chronic kidney disease, stage III (moderate)",ICD10,1719.0
1719,13674003575,114734863,2023-07-31 00:00:00.0000000,,,"Heart failure with preserved ejection fraction, unspecified HF chronicity",ICD10,1720.0
1720,13623292239,114734863,2023-01-23 00:00:00.0000000,,,Skin erosion,ICD10,1721.0
1721,13372334663,114734863,2018-10-16 00:00:00.0000000,I13.10,"Hypertensive heart and chronic kidney disease without heart failure, with stage 1 through stage 4 chronic kidney disease, or unspecified chronic kidney disease",Cardiorenal syndrome with renal failure,ICD10,1722.0
1722,13465207021,114734863,2020-07-01 00:00:00.0000000,R06.09,Other forms of dyspnea,Dyspnea on exertion,ICD10,1723.0
1723,13332960889,114734863,2018-02-06 00:00:00.0000000,I10,Essential (primary) hypertension,Benign essential hypertension,ICD10,1724.0
1724,13602759294,114734863,2022-08-15 00:00:00.0000000,,,Known medical problems,ICD10,1725.0
1725,13465207021,114734863,2020-07-01 00:00:00.0000000,E66.01,Morbid (severe) obesity due to excess calories,Morbid obesity due to excess calories,ICD10,1726.0
1726,13443291951,114734863,2020-02-19 00:00:00.0000000,,,"CKD (chronic kidney disease) stage 3, GFR 30-59 ml/min",ICD10,1727.0
1727,13507518489,114734863,2021-10-12 00:00:00.0000000,,,Stage 3b chronic kidney disease,ICD10,1728.0
1728,13540686435,114734863,2021-10-12 00:00:00.0000000,,,Stage 3b chronic kidney disease,ICD10,1729.0
1729,13355930663,114734863,2018-05-15 00:00:00.0000000,E11.59,,"Type 2 diabetes mellitus with other circulatory complication, with long-term current use of insulin",ICD10,1730.0
1730,13380652491,114734863,2018-12-26 00:00:00.0000000,,,"Asymptomatic carotid artery stenosis, unspecified laterality",ICD10,1731.0
1731,13365136641,114734863,2018-07-20 00:00:00.0000000,,,"CKD (chronic kidney disease) stage 3, GFR 30-59 ml/min",ICD10,1732.0
1732,13543215458,114734863,2022-03-26 00:00:00.0000000,Z79.4,Long term (current) use of insulin,"Type 2 diabetes mellitus with right eye affected by mild nonproliferative retinopathy without macular edema, with long-term current use of insulin",ICD10,1733.0
1733,13563027403,114734863,2022-05-10 00:00:00.0000000,Z79.4,Long term (current) use of insulin,"Type 2 diabetes mellitus with right eye affected by mild nonproliferative retinopathy without macular edema, with long-term current use of insulin",ICD10,1734.0
1734,13447958363,114734863,2020-04-28 00:00:00.0000000,I27.20,,Pulmonary hypertension,ICD10,1735.0
1735,13324310124,114734863,2017-08-07 00:00:00.0000000,E11.59,,"Type 2 diabetes mellitus with other circulatory complication, with long-term current use of insulin",ICD10,1736.0
1736,13602759294,114734863,2022-08-15 00:00:00.0000000,R53.81,Other malaise,Physical deconditioning,ICD10,1737.0
1737,13510452174,114734863,2021-05-01 00:00:00.0000000,R19.7,"Diarrhea, unspecified",Diarrhea,ICD10,1738.0
1738,13453838843,114734863,2020-10-20 00:00:00.0000000,,,Health care maintenance,ICD10,1739.0
1739,13355925412,114734863,2018-05-07 00:00:00.0000000,J98.6,Disorders of diaphragm,Hemidiaphragm paralysis,ICD10,1740.0
1740,13666663225,114734863,2023-06-24 00:00:00.0000000,L98.499,Non-pressure chronic ulcer of skin of other sites with unspecified severity,Diabetic skin ulcer,ICD10,1741.0
1741,13332884236,114734863,2017-10-23 00:00:00.0000000,E78.00,,Pure hypercholesterolemia,ICD10,1742.0
1742,13415795270,114734863,2020-02-24 00:00:00.0000000,I27.20,,Pulmonary hypertension,ICD10,1743.0
1743,13392953340,114734863,2019-02-24 00:00:00.0000000,E11.21,Type 2 diabetes mellitus with diabetic nephropathy,Diabetic nephropathy associated with type 2 diabetes mellitus,ICD10,1744.0
1744,13593916108,114734863,2022-06-29 00:00:00.0000000,R33.9,"Retention of urine, unspecified",Urinary retention,ICD10,1745.0
1745,13352647594,114734863,2018-05-23 00:00:00.0000000,I65.22,Occlusion and stenosis of left carotid artery,Asymptomatic stenosis of left carotid artery,ICD10,1746.0
1746,13558375868,114734863,2022-01-01 00:00:00.0000000,I12.9,"Hypertensive chronic kidney disease with stage 1 through stage 4 chronic kidney disease, or unspecified chronic kidney disease",Hypertension with renal disease,ICD10,1747.0
1747,13447958363,114734863,2020-04-28 00:00:00.0000000,E11.3211,,Mild nonproliferative diabetic retinopathy of right eye with macular edema associated with type 2 diabetes mellitus,ICD10,1748.0
1748,13415795270,114734863,2020-02-24 00:00:00.0000000,K21.9,Gastro-esophageal reflux disease without esophagitis,"Gastroesophageal reflux disease, esophagitis presence not specified",ICD10,1749.0
1749,13675294643,114734863,2023-08-08 00:00:00.0000000,,,"Heart failure with preserved ejection fraction, unspecified HF chronicity",ICD10,1750.0
1750,13607188762,114734863,2022-09-10 00:00:00.0000000,F32.A,,"Depression, unspecified depression type",ICD10,1751.0
1751,13617700114,114734863,2022-11-06 00:00:00.0000000,R41.89,Other symptoms and signs involving cognitive functions and awareness,Cognitive impairment,ICD10,1752.0
1752,13499703358,114734863,2021-02-27 00:00:00.0000000,,,"CKD (chronic kidney disease) stage 3, GFR 30-59 ml/min",ICD10,1753.0
1753,13611977498,114734863,2022-10-02 00:00:00.0000000,K35.33,,Appendiceal abscess,ICD10,1754.0
1754,13540684535,114734863,2022-05-10 00:00:00.0000000,I65.23,Occlusion and stenosis of bilateral carotid arteries,Bilateral carotid artery stenosis,ICD10,1755.0
1755,13675294643,114734863,2023-08-08 00:00:00.0000000,Z93.59,Other cystostomy status,Chronic suprapubic catheter,ICD10,1756.0
1756,13668930046,114734863,2023-07-08 00:00:00.0000000,,,"Heart failure with preserved ejection fraction, unspecified HF chronicity",ICD10,1757.0
1757,13447958363,114734863,2020-04-28 00:00:00.0000000,I65.23,Occlusion and stenosis of bilateral carotid arteries,Bilateral carotid artery stenosis,ICD10,1758.0
1758,13610484612,114734863,2022-09-24 00:00:00.0000000,,,"Heart failure with preserved ejection fraction, unspecified HF chronicity",ICD10,1759.0
1759,13306436556,114734863,2017-08-07 00:00:00.0000000,E66.01,Morbid (severe) obesity due to excess calories,Morbid obesity due to excess calories,ICD10,1760.0
1760,13482708956,114734863,2020-10-20 00:00:00.0000000,,,Obstructive sleep apnea syndrome,ICD10,1761.0
1761,13465207021,114734863,2020-07-01 00:00:00.0000000,E11.21,Type 2 diabetes mellitus with diabetic nephropathy,Diabetic nephropathy associated with type 2 diabetes mellitus,ICD10,1762.0
1762,13379353862,114734863,2018-11-12 00:00:00.0000000,R06.02,Shortness of breath,Shortness of breath,ICD10,1763.0
1763,13482709793,114734863,2021-02-06 00:00:00.0000000,Z79.4,Long term (current) use of insulin,"Type 2 diabetes mellitus with both eyes affected by mild nonproliferative retinopathy without macular edema, with long-term current use of insulin",ICD10,1764.0
1764,13379353862,114734863,2018-11-12 00:00:00.0000000,I12.9,"Hypertensive chronic kidney disease with stage 1 through stage 4 chronic kidney disease, or unspecified chronic kidney disease",Hypertension with renal disease,ICD10,1765.0
1765,13346791472,114734863,2018-04-21 00:00:00.0000000,H40.1212,"Low-tension glaucoma, right eye, moderate stage","Low tension glaucoma of right eye, moderate stage",ICD10,1766.0
1766,13635736305,114734863,2023-02-08 00:00:00.0000000,R33.8,Other retention of urine,Urinary retention due to benign prostatic hyperplasia,ICD10,1767.0
1767,13530186202,114734863,2021-09-18 00:00:00.0000000,H40.1212,"Low-tension glaucoma, right eye, moderate stage","Low tension glaucoma of right eye, moderate stage",ICD10,1768.0
1768,13661865777,114734863,2023-06-05 00:00:00.0000000,I50.43,Acute on chronic combined systolic (congestive) and diastolic (congestive) heart failure,Acute on chronic combined systolic and diastolic congestive heart failure,ICD10,1769.0
1769,13611854936,114734863,2022-10-02 00:00:00.0000000,R53.81,Other malaise,Physical deconditioning,ICD10,1770.0
1770,13376715876,114734863,2019-04-23 00:00:00.0000000,J98.6,Disorders of diaphragm,Hemidiaphragm paralysis,ICD10,1771.0
1771,13379353862,114734863,2018-11-12 00:00:00.0000000,E78.2,Mixed hyperlipidemia,Mixed hyperlipidemia,ICD10,1772.0
1772,13425496519,114734863,2019-10-22 00:00:00.0000000,E11.21,Type 2 diabetes mellitus with diabetic nephropathy,Diabetic nephropathy associated with type 2 diabetes mellitus,ICD10,1773.0
1773,13507522963,114734863,2021-04-13 00:00:00.0000000,I27.20,,Pulmonary hypertension,ICD10,1774.0
1774,13453838843,114734863,2020-10-20 00:00:00.0000000,E66.01,Morbid (severe) obesity due to excess calories,Morbid obesity due to excess calories,ICD10,1775.0
1775,13583720188,114734863,2022-05-10 00:00:00.0000000,E66.01,Morbid (severe) obesity due to excess calories,Morbid obesity due to excess calories,ICD10,1776.0
1776,13644334588,114734863,2023-03-08 00:00:00.0000000,I50.32,Chronic diastolic (congestive) heart failure,Chronic heart failure with preserved ejection fraction,ICD10,1777.0
1777,13666663225,114734863,2023-06-24 00:00:00.0000000,R73.9,"Hyperglycemia, unspecified",Hyperglycemia,ICD10,1778.0
1778,13605088575,114734863,2022-09-13 00:00:00.0000000,R53.81,Other malaise,Physical deconditioning,ICD10,1779.0
1779,13355925412,114734863,2018-05-07 00:00:00.0000000,I65.23,Occlusion and stenosis of bilateral carotid arteries,Bilateral carotid artery stenosis,ICD10,1780.0
1780,13602759294,114734863,2022-08-15 00:00:00.0000000,R33.8,Other retention of urine,Urinary retention due to benign prostatic hyperplasia,ICD10,1781.0
1781,13327829854,114734863,2017-09-05 00:00:00.0000000,N18.9,"Chronic kidney disease, unspecified","CKD (chronic kidney disease), unspecified stage",ICD10,1782.0
1782,13601115702,114734863,2022-08-07 00:00:00.0000000,E11.3592,,Proliferative diabetic retinopathy of left eye without macular edema associated with type 2 diabetes mellitus,ICD10,1783.0
1783,13379546579,114734863,2018-12-16 00:00:00.0000000,,,Severe persistent asthma with acute exacerbation,ICD10,1784.0
1784,13372444041,114734863,2019-01-22 00:00:00.0000000,I10,Essential (primary) hypertension,Essential hypertension,ICD10,1785.0
1785,13619229344,114734863,2022-11-07 00:00:00.0000000,M25.542,,Arthralgia of both hands,ICD10,1786.0
1786,13406393594,114734863,2019-06-19 00:00:00.0000000,,,"Stenosis of carotid artery, unspecified laterality",ICD10,1787.0
1787,13405204287,114734863,2019-10-07 00:00:00.0000000,I10,Essential (primary) hypertension,Essential hypertension,ICD10,1788.0
1788,13507213825,114734863,2021-04-13 00:00:00.0000000,J98.6,Disorders of diaphragm,Hemidiaphragm paralysis,ICD10,1789.0
1789,13606581656,114734863,2022-09-04 00:00:00.0000000,R53.1,Weakness,Asthenia,ICD10,1790.0
1790,13345288319,114734863,2018-06-05 00:00:00.0000000,I12.9,"Hypertensive chronic kidney disease with stage 1 through stage 4 chronic kidney disease, or unspecified chronic kidney disease",Hypertension with renal disease,ICD10,1791.0
1791,13320942402,114734863,2017-07-02 00:00:00.0000000,E78.00,,Pure hypercholesterolemia,ICD10,1792.0
1792,13601395944,114734863,2022-08-08 00:00:00.0000000,R19.7,"Diarrhea, unspecified","Diarrhea, unspecified type",ICD10,1793.0
1793,10473160335,114734863,2016-10-09 17:30:00.0000000,Z91.81,History of falling,,ICD10,1794.0
1794,13400497660,114734863,2019-08-19 00:00:00.0000000,J98.6,Disorders of diaphragm,Hemidiaphragm paralysis,ICD10,1795.0
1795,13507213825,114734863,2021-04-13 00:00:00.0000000,I25.10,Atherosclerotic heart disease of native coronary artery without angina pectoris,Chronic coronary artery disease,ICD10,1796.0
1796,13599695903,114734863,2022-08-07 00:00:00.0000000,I27.20,,Pulmonary hypertension,ICD10,1797.0
1797,13364103008,114734863,2018-07-25 00:00:00.0000000,I27.20,,Pulmonary hypertension,ICD10,1798.0
1798,13602759294,114734863,2022-08-15 00:00:00.0000000,R42,Dizziness and giddiness,Orthostatic dizziness,ICD10,1799.0
1799,13379353862,114734863,2018-11-12 00:00:00.0000000,I25.10,Atherosclerotic heart disease of native coronary artery without angina pectoris,"Coronary artery disease involving native coronary artery, angina presence unspecified, unspecified whether native or transplanted heart",ICD10,1800.0
1800,13331080033,114734863,2017-12-23 00:00:00.0000000,I27.20,,Pulmonary hypertension,ICD10,1801.0
1801,13340015772,114734863,2017-12-23 00:00:00.0000000,,,Health care maintenance,ICD10,1802.0
1802,13355925412,114734863,2018-05-07 00:00:00.0000000,R06.09,Other forms of dyspnea,Dyspnea on exertion,ICD10,1803.0
1803,13465207021,114734863,2020-07-01 00:00:00.0000000,Z79.4,Long term (current) use of insulin,"Type 2 diabetes mellitus with both eyes affected by mild nonproliferative retinopathy without macular edema, with long-term current use of insulin",ICD10,1804.0
1804,13666167372,114734863,2023-07-11 00:00:00.0000000,M21.949,"Unspecified acquired deformity of hand, unspecified hand","Deformity of hand, unspecified laterality",ICD10,1805.0
1805,13612254576,114734863,2022-10-10 00:00:00.0000000,,,Skin erosion,ICD10,1806.0
1806,13507213825,114734863,2021-04-13 00:00:00.0000000,I10,Essential (primary) hypertension,Essential hypertension,ICD10,1807.0
1807,13381895360,114734863,2018-12-02 00:00:00.0000000,I13.10,"Hypertensive heart and chronic kidney disease without heart failure, with stage 1 through stage 4 chronic kidney disease, or unspecified chronic kidney disease",Cardiorenal syndrome with renal failure,ICD10,1808.0
1808,13590254371,114734863,2022-06-13 00:00:00.0000000,R06.09,Other forms of dyspnea,Dyspnea on exertion,ICD10,1809.0
1809,13376715876,114734863,2019-04-23 00:00:00.0000000,I72.9,Aneurysm of unspecified site,Aneurysm,ICD10,1810.0
1810,13509051573,114734863,2021-10-26 00:00:00.0000000,Z86.31,Personal history of diabetic foot ulcer,H/O diabetic foot ulcer,ICD10,1811.0
1811,13620267968,114734863,2023-04-01 00:00:00.0000000,Z79.4,Long term (current) use of insulin,"Type 2 diabetes mellitus with right eye affected by mild nonproliferative retinopathy without macular edema, with long-term current use of insulin",ICD10,1812.0
1812,13411809011,114734863,2019-07-17 00:00:00.0000000,E11.3293,,Nonproliferative diabetic retinopathy of both eyes,ICD10,1813.0
1813,10456957221,114734863,2016-11-02 00:00:00.0000000,I25.2,Old myocardial infarction,,ICD10,1814.0
1814,13453838843,114734863,2020-10-20 00:00:00.0000000,I34.0,Nonrheumatic mitral (valve) insufficiency,Nonrheumatic mitral valve stenosis with insufficiency,ICD10,1815.0
1815,13352603167,114734863,2018-04-17 00:00:00.0000000,,,"Chronic kidney disease, stage III (moderate)",ICD10,1816.0
1816,13417170986,114734863,2019-09-03 00:00:00.0000000,I50.9,"Heart failure, unspecified",Congestive heart failure,ICD10,1817.0
1817,13583693221,114734863,2022-11-12 00:00:00.0000000,Z79.4,Long term (current) use of insulin,"Type 2 diabetes mellitus with right eye affected by mild nonproliferative retinopathy without macular edema, with long-term current use of insulin",ICD10,1818.0
1818,13377635945,114734863,2019-04-23 00:00:00.0000000,I27.20,,Pulmonary hypertension,ICD10,1819.0
1819,13514019089,114734863,2021-06-01 00:00:00.0000000,Z79.4,Long term (current) use of insulin,"Type 2 diabetes mellitus with both eyes affected by mild nonproliferative retinopathy without macular edema, with long-term current use of insulin",ICD10,1820.0
1820,13360110721,114734863,2018-07-10 00:00:00.0000000,E78.2,Mixed hyperlipidemia,Mixed hyperlipidemia,ICD10,1821.0
1821,13586284997,114734863,2022-05-30 00:00:00.0000000,R06.09,Other forms of dyspnea,Dyspnea on exertion,ICD10,1822.0
1822,13670456408,114734863,2023-07-15 00:00:00.0000000,,,"Heart failure with preserved ejection fraction, unspecified HF chronicity",ICD10,1823.0
1823,13482708956,114734863,2020-10-20 00:00:00.0000000,I25.10,Atherosclerotic heart disease of native coronary artery without angina pectoris,Chronic coronary artery disease,ICD10,1824.0
1824,13408469069,114734863,2019-06-22 00:00:00.0000000,E11.21,Type 2 diabetes mellitus with diabetic nephropathy,Diabetic nephropathy associated with type 2 diabetes mellitus,ICD10,1825.0
1825,13447958363,114734863,2020-04-28 00:00:00.0000000,Z79.4,Long term (current) use of insulin,"Type 2 diabetes mellitus with both eyes affected by mild nonproliferative retinopathy without macular edema, with long-term current use of insulin",ICD10,1826.0
1826,13592832918,114734863,2022-07-03 00:00:00.0000000,R18.8,Other ascites,Abdominal fluid collection,ICD10,1827.0
1827,13454233610,114734863,2020-05-02 00:00:00.0000000,I25.10,Atherosclerotic heart disease of native coronary artery without angina pectoris,"Atherosclerosis of coronary artery of native heart, angina presence unspecified, unspecified vessel or lesion type",ICD10,1828.0
1828,13599695903,114734863,2022-08-07 00:00:00.0000000,A04.72,,Clostridioides difficile diarrhea,ICD10,1829.0
1829,13540686435,114734863,2021-10-12 00:00:00.0000000,I65.23,Occlusion and stenosis of bilateral carotid arteries,Bilateral carotid artery stenosis,ICD10,1830.0
1830,13540684535,114734863,2022-05-10 00:00:00.0000000,E11.3291,,"Type 2 diabetes mellitus with right eye affected by mild nonproliferative retinopathy without macular edema, with long-term current use of insulin",ICD10,1831.0
1831,13329907489,114734863,2017-10-07 00:00:00.0000000,I50.20,Unspecified systolic (congestive) heart failure,"Systolic congestive heart failure, unspecified congestive heart failure chronicity",ICD10,1832.0
1832,13355925412,114734863,2018-05-07 00:00:00.0000000,E11.59,,"Type 2 diabetes mellitus with other circulatory complication, with long-term current use of insulin",ICD10,1833.0
1833,13662091610,114734863,2023-06-04 00:00:00.0000000,A04.71,,Recurrent Clostridioides difficile diarrhea,ICD10,1834.0
1834,10387975477,114734863,2016-10-04 00:00:00.0000000,R06.02,Shortness of breath,,ICD10,1835.0
1835,13339987805,114734863,2018-05-07 00:00:00.0000000,E78.2,Mixed hyperlipidemia,Mixed hyperlipidemia,ICD10,1836.0
1836,13482627158,114734863,2021-04-24 00:00:00.0000000,,,"Chronic kidney disease, stage III (moderate)",ICD10,1837.0
1837,13372444041,114734863,2019-01-22 00:00:00.0000000,I50.33,Acute on chronic diastolic (congestive) heart failure,Acute on chronic diastolic congestive heart failure,ICD10,1838.0
1838,13331080033,114734863,2017-12-23 00:00:00.0000000,E78.2,Mixed hyperlipidemia,Mixed hyperlipidemia,ICD10,1839.0
1839,13355916717,114734863,2018-10-30 00:00:00.0000000,Z79.4,Long term (current) use of insulin,"Type 2 diabetes mellitus with other circulatory complication, with long-term current use of insulin",ICD10,1840.0
1840,13366104518,114734863,2018-07-28 00:00:00.0000000,R69,"Illness, unspecified",Diagnosis unknown,ICD10,1841.0
1841,13415795270,114734863,2020-02-24 00:00:00.0000000,J98.6,Disorders of diaphragm,Hemidiaphragm paralysis,ICD10,1842.0
1842,13425496519,114734863,2019-10-22 00:00:00.0000000,,,"CKD (chronic kidney disease) stage 3, GFR 30-59 ml/min",ICD10,1843.0
1843,13622254413,114734863,2022-11-21 00:00:00.0000000,Z01.812,Encounter for preprocedural laboratory examination,Pre-procedure lab exam,ICD10,1844.0
1844,13453838843,114734863,2020-10-20 00:00:00.0000000,I34.2,Nonrheumatic mitral (valve) stenosis,Nonrheumatic mitral valve stenosis with insufficiency,ICD10,1845.0
1845,13379856584,114734863,2018-11-17 00:00:00.0000000,I50.32,Chronic diastolic (congestive) heart failure,Chronic diastolic heart failure,ICD10,1846.0
1846,13400472441,114734863,2019-10-07 00:00:00.0000000,I27.20,,Pulmonary hypertension,ICD10,1847.0
1847,13577772663,114734863,2022-05-16 00:00:00.0000000,,,Chronic systolic heart failure,ICD10,1848.0
1848,13583720188,114734863,2022-05-10 00:00:00.0000000,,,Obstructive sleep apnea syndrome,ICD10,1849.0
1849,13339987805,114734863,2018-05-07 00:00:00.0000000,,,Routine general medical examination at a health care facility,ICD10,1850.0
1850,13353196772,114734863,2018-10-23 00:00:00.0000000,E78.2,Mixed hyperlipidemia,Mixed hyperlipidemia,ICD10,1851.0
1851,13400491185,114734863,2019-10-07 00:00:00.0000000,,,Obstructive sleep apnea syndrome,ICD10,1852.0
1852,13334499889,114734863,2018-01-03 00:00:00.0000000,I25.10,Atherosclerotic heart disease of native coronary artery without angina pectoris,"Coronary artery disease involving native coronary artery, angina presence unspecified, unspecified whether native or transplanted heart",ICD10,1853.0
1853,13507522963,114734863,2021-04-13 00:00:00.0000000,,,Health care maintenance,ICD10,1854.0
1854,13450895586,114734863,2020-05-05 00:00:00.0000000,I27.20,,Pulmonary hypertension,ICD10,1855.0
1855,13355930663,114734863,2018-05-15 00:00:00.0000000,I50.43,Acute on chronic combined systolic (congestive) and diastolic (congestive) heart failure,Acute on chronic combined systolic and diastolic congestive heart failure,ICD10,1856.0
1856,13379353862,114734863,2018-11-12 00:00:00.0000000,I05.2,Rheumatic mitral stenosis with insufficiency,"Mitral stenosis with insufficiency, unspecified etiology",ICD10,1857.0
1857,13574735169,114734863,2022-03-26 00:00:00.0000000,E11.3293,,"Type 2 diabetes mellitus with both eyes affected by mild nonproliferative retinopathy without macular edema, with long-term current use of insulin",ICD10,1858.0
1858,13605088575,114734863,2022-09-13 00:00:00.0000000,E11.3291,,"Type 2 diabetes mellitus with right eye affected by mild nonproliferative retinopathy without macular edema, with long-term current use of insulin",ICD10,1859.0
1859,13590315407,114734863,2022-06-13 00:00:00.0000000,R06.09,Other forms of dyspnea,Dyspnea on exertion,ICD10,1860.0
1860,13597901743,114734863,2022-07-24 00:00:00.0000000,R18.8,Other ascites,Abdominal fluid collection,ICD10,1861.0
1861,13675294643,114734863,2023-08-08 00:00:00.0000000,L89.521,"Pressure ulcer of left ankle, stage 1","Decubitus ulcer of left ankle, stage 1",ICD10,1862.0
1862,13364099521,114734863,2018-07-11 00:00:00.0000000,I10,Essential (primary) hypertension,Essential hypertension,ICD10,1863.0
1863,13660797935,114734863,2023-05-28 00:00:00.0000000,I63.9,"Cerebral infarction, unspecified",Cerebrovascular accident,ICD10,1864.0
1864,13355916717,114734863,2018-10-30 00:00:00.0000000,I27.20,,Pulmonary hypertension,ICD10,1865.0
1865,13660797935,114734863,2023-05-28 00:00:00.0000000,Z79.4,Long term (current) use of insulin,"Type 2 diabetes mellitus with right eye affected by mild nonproliferative retinopathy without macular edema, with long-term current use of insulin",ICD10,1866.0
1866,13296562611,114734863,2016-11-30 00:00:00.0000000,E11.8,,Type 2 diabetes mellitus with complication,ICD10,1867.0
1867,13353612994,114734863,2018-10-23 00:00:00.0000000,H40.1223,"Low-tension glaucoma, left eye, severe stage","Low tension glaucoma of left eye, severe stage",ICD10,1868.0
1868,13305500656,114734863,2017-05-23 00:00:00.0000000,I25.10,Atherosclerotic heart disease of native coronary artery without angina pectoris,Atherosclerosis of native coronary artery of native heart without angina pectoris,ICD10,1869.0
1869,13646946125,114734863,2023-03-21 00:00:00.0000000,M25.562,Pain in left knee,"Left knee pain, unspecified chronicity",ICD10,1870.0
1870,10387975477,114734863,2016-10-04 00:00:00.0000000,R06.02,Shortness of breath,,ICD10,1871.0
1871,13388585461,114734863,2019-05-28 00:00:00.0000000,I13.10,"Hypertensive heart and chronic kidney disease without heart failure, with stage 1 through stage 4 chronic kidney disease, or unspecified chronic kidney disease",Cardiorenal syndrome with renal failure,ICD10,1872.0
1872,13377635945,114734863,2019-04-23 00:00:00.0000000,E11.59,,"Type 2 diabetes mellitus with other circulatory complication, with long-term current use of insulin",ICD10,1873.0
1873,13435741017,114734863,2019-12-30 00:00:00.0000000,E11.59,,"Type 2 diabetes mellitus with other circulatory complication, with long-term current use of insulin",ICD10,1874.0
1874,13583693221,114734863,2022-11-12 00:00:00.0000000,R06.09,Other forms of dyspnea,Dyspnea on exertion,ICD10,1875.0
1875,13465207021,114734863,2020-07-01 00:00:00.0000000,E11.3293,,"Type 2 diabetes mellitus with both eyes affected by mild nonproliferative retinopathy without macular edema, with long-term current use of insulin",ICD10,1876.0
1876,13465207021,114734863,2020-07-01 00:00:00.0000000,I34.0,Nonrheumatic mitral (valve) insufficiency,Nonrheumatic mitral valve stenosis with insufficiency,ICD10,1877.0
1877,13507522963,114734863,2021-04-13 00:00:00.0000000,I34.2,Nonrheumatic mitral (valve) stenosis,Nonrheumatic mitral valve stenosis with insufficiency,ICD10,1878.0
1878,13340015772,114734863,2017-12-23 00:00:00.0000000,E78.2,Mixed hyperlipidemia,Mixed hyperlipidemia,ICD10,1879.0
1879,13314460199,114734863,2017-05-21 00:00:00.0000000,I27.20,,Pulmonary hypertension,ICD10,1880.0
1880,13465207021,114734863,2020-07-01 00:00:00.0000000,I27.20,,Pulmonary hypertension,ICD10,1881.0
1881,13507518489,114734863,2021-10-12 00:00:00.0000000,,,Health care maintenance,ICD10,1882.0
1882,13599695903,114734863,2022-08-07 00:00:00.0000000,R19.7,"Diarrhea, unspecified","Diarrhea, unspecified type",ICD10,1883.0
1883,13364103008,114734863,2018-07-25 00:00:00.0000000,Z95.1,Presence of aortocoronary bypass graft,History of coronary artery bypass graft,ICD10,1884.0
1884,13643238866,114734863,2023-03-04 00:00:00.0000000,I50.32,Chronic diastolic (congestive) heart failure,Chronic heart failure with preserved ejection fraction,ICD10,1885.0
1885,10456957221,114734863,2016-11-02 00:00:00.0000000,E11.9,Type 2 diabetes mellitus without complications,,ICD10,1886.0
1886,13669929030,114734863,2023-07-19 00:00:00.0000000,L98.491,Non-pressure chronic ulcer of skin of other sites limited to breakdown of skin,"Skin ulcer, limited to breakdown of skin",ICD10,1887.0
1887,13331080033,114734863,2017-12-23 00:00:00.0000000,Z79.4,Long term (current) use of insulin,"Type 2 diabetes mellitus with other circulatory complication, with long-term current use of insulin",ICD10,1888.0
1888,13606853883,114734863,2022-09-07 00:00:00.0000000,R33.8,Other retention of urine,Benign prostatic hyperplasia with urinary retention,ICD10,1889.0
1889,13355925412,114734863,2018-05-07 00:00:00.0000000,E66.01,Morbid (severe) obesity due to excess calories,Morbid obesity due to excess calories,ICD10,1890.0
1890,13619099224,114734863,2022-12-03 00:00:00.0000000,Z79.4,Long term (current) use of insulin,"Type 2 diabetes mellitus with right eye affected by mild nonproliferative retinopathy without macular edema, with long-term current use of insulin",ICD10,1891.0
1891,13327829854,114734863,2017-09-05 00:00:00.0000000,R06.09,Other forms of dyspnea,Dyspnea on exertion,ICD10,1892.0
1892,13353612319,114734863,2018-07-21 00:00:00.0000000,Z79.4,Long term (current) use of insulin,"Type 2 diabetes mellitus with both eyes affected by mild nonproliferative retinopathy without macular edema, with long-term current use of insulin",ICD10,1893.0
1893,13408469069,114734863,2019-06-22 00:00:00.0000000,I12.9,"Hypertensive chronic kidney disease with stage 1 through stage 4 chronic kidney disease, or unspecified chronic kidney disease",Hypertension with renal disease,ICD10,1894.0
1894,13296305671,114734863,2017-04-26 00:00:00.0000000,I34.2,Nonrheumatic mitral (valve) stenosis,Nonrheumatic mitral valve stenosis with insufficiency,ICD10,1895.0
1895,13583720188,114734863,2022-05-10 00:00:00.0000000,I27.20,,Pulmonary hypertension,ICD10,1896.0
1896,13422975627,114734863,2019-10-07 00:00:00.0000000,,,Healthcare maintenance,ICD10,1897.0
1897,13400491185,114734863,2019-10-07 00:00:00.0000000,,,Health care maintenance,ICD10,1898.0
1898,13427599859,114734863,2020-04-28 00:00:00.0000000,,,"CKD (chronic kidney disease) stage 3, GFR 30-59 ml/min",ICD10,1899.0
1899,13339987805,114734863,2018-05-07 00:00:00.0000000,J98.6,Disorders of diaphragm,Hemidiaphragm paralysis,ICD10,1900.0
1900,13326748878,114734863,2018-02-20 00:00:00.0000000,H40.1212,"Low-tension glaucoma, right eye, moderate stage","Low tension glaucoma of right eye, moderate stage",ICD10,1901.0
1901,13400491185,114734863,2019-10-07 00:00:00.0000000,Z79.4,Long term (current) use of insulin,"Type 2 diabetes mellitus with both eyes affected by mild nonproliferative retinopathy without macular edema, with long-term current use of insulin",ICD10,1902.0
1902,13408463535,114734863,2020-07-01 00:00:00.0000000,Z79.4,Long term (current) use of insulin,"Type 2 diabetes mellitus with right eye affected by mild nonproliferative retinopathy without macular edema, with long-term current use of insulin",ICD10,1903.0
1903,13329907489,114734863,2017-10-07 00:00:00.0000000,I10,Essential (primary) hypertension,Essential hypertension,ICD10,1904.0
1904,13341282309,114734863,2018-01-02 00:00:00.0000000,I65.23,Occlusion and stenosis of bilateral carotid arteries,Bilateral carotid artery stenosis,ICD10,1905.0
1905,13376715876,114734863,2019-04-23 00:00:00.0000000,,,"Chronic kidney disease, stage III (moderate)",ICD10,1906.0
1906,13540686435,114734863,2021-10-12 00:00:00.0000000,J98.6,Disorders of diaphragm,Hemidiaphragm paralysis,ICD10,1907.0
1907,10456957221,114734863,2016-11-02 00:00:00.0000000,R06.00,"Dyspnea, unspecified",,ICD10,1908.0
1908,13499701009,114734863,2021-06-08 00:00:00.0000000,H40.1223,"Low-tension glaucoma, left eye, severe stage","Low-tension glaucoma of left eye, severe stage",ICD10,1909.0
1909,13447958363,114734863,2020-04-28 00:00:00.0000000,E66.01,Morbid (severe) obesity due to excess calories,Morbid obesity due to excess calories,ICD10,1910.0
1910,13379353862,114734863,2018-11-12 00:00:00.0000000,,,Obstructive sleep apnea syndrome,ICD10,1911.0
1911,13583727216,114734863,2022-05-10 00:00:00.0000000,M25.562,Pain in left knee,Chronic pain of left knee,ICD10,1912.0
1912,13543215458,114734863,2022-03-26 00:00:00.0000000,E11.3592,,Proliferative diabetic retinopathy of left eye without macular edema associated with type 2 diabetes mellitus,ICD10,1913.0
1913,13376715876,114734863,2019-04-23 00:00:00.0000000,,,Hyperlipidemia LDL goal <70,ICD10,1914.0
1914,13405204287,114734863,2019-10-07 00:00:00.0000000,I25.10,Atherosclerotic heart disease of native coronary artery without angina pectoris,Coronary artery disease involving native coronary artery of native heart without angina pectoris,ICD10,1915.0
1915,13601115702,114734863,2022-08-07 00:00:00.0000000,I50.32,Chronic diastolic (congestive) heart failure,Chronic diastolic (congestive) heart failure,ICD10,1916.0
1916,13586284997,114734863,2022-05-30 00:00:00.0000000,,,Obstructive sleep apnea syndrome,ICD10,1917.0
1917,13564275114,114734863,2022-01-30 00:00:00.0000000,E78.00,,Pure hypercholesterolemia,ICD10,1918.0
1918,13482708956,114734863,2020-10-20 00:00:00.0000000,Z91.81,History of falling,At risk for falls,ICD10,1919.0
1919,13400420676,114734863,2019-08-19 00:00:00.0000000,E78.2,Mixed hyperlipidemia,Mixed hyperlipidemia,ICD10,1920.0
1920,13365860561,114734863,2018-07-25 00:00:00.0000000,R69,"Illness, unspecified",Diagnosis unknown,ICD10,1921.0
1921,13391206830,114734863,2019-02-12 00:00:00.0000000,,,"CKD (chronic kidney disease) stage 3, GFR 30-59 ml/min",ICD10,1922.0
1922,13621126298,114734863,2022-11-16 00:00:00.0000000,L89.520,"Pressure ulcer of left ankle, unstageable","Pressure injury of left ankle, unstageable",ICD10,1923.0
1923,13450895586,114734863,2020-05-05 00:00:00.0000000,I50.32,Chronic diastolic (congestive) heart failure,Chronic diastolic congestive heart failure,ICD10,1924.0
1924,13355925412,114734863,2018-05-07 00:00:00.0000000,,,Health care maintenance,ICD10,1925.0
1925,13447958363,114734863,2020-04-28 00:00:00.0000000,I10,Essential (primary) hypertension,Essential hypertension,ICD10,1926.0
1926,13331080033,114734863,2017-12-23 00:00:00.0000000,,,Health care maintenance,ICD10,1927.0
1927,13563731299,114734863,2022-03-29 00:00:00.0000000,I25.10,Atherosclerotic heart disease of native coronary artery without angina pectoris,Coronary artery disease involving native coronary artery of native heart without angina pectoris,ICD10,1928.0
1928,13372264424,114734863,2018-09-18 00:00:00.0000000,Z79.4,Long term (current) use of insulin,"Type 2 diabetes mellitus with other circulatory complication, with long-term current use of insulin",ICD10,1929.0
1929,13509051573,114734863,2021-10-26 00:00:00.0000000,I13.10,"Hypertensive heart and chronic kidney disease without heart failure, with stage 1 through stage 4 chronic kidney disease, or unspecified chronic kidney disease",Cardiorenal syndrome with renal failure,ICD10,1930.0
1930,13495736886,114734863,2021-02-01 00:00:00.0000000,H40.1212,"Low-tension glaucoma, right eye, moderate stage","Low tension glaucoma of right eye, moderate stage",ICD10,1931.0
1931,13400472441,114734863,2019-10-07 00:00:00.0000000,I50.33,Acute on chronic diastolic (congestive) heart failure,Acute on chronic diastolic congestive heart failure,ICD10,1932.0
1932,13584532980,114734863,2022-05-29 00:00:00.0000000,M17.12,"Unilateral primary osteoarthritis, left knee","Osteoarthritis of left knee, unspecified osteoarthritis type",ICD10,1933.0
1933,13383750510,114734863,2018-12-16 00:00:00.0000000,R05.9,,Cough,ICD10,1934.0
1934,13379546579,114734863,2018-12-16 00:00:00.0000000,R05.9,,Cough,ICD10,1935.0
1935,10631760838,114734863,2016-07-11 00:00:00.0000000,E11.42,Type 2 diabetes mellitus with diabetic polyneuropathy,,ICD10,1936.0
1936,13558375868,114734863,2022-01-01 00:00:00.0000000,E11.21,Type 2 diabetes mellitus with diabetic nephropathy,Diabetic nephropathy associated with type 2 diabetes mellitus,ICD10,1937.0
1937,13405204287,114734863,2019-10-07 00:00:00.0000000,E11.3293,,"Type 2 diabetes mellitus with both eyes affected by mild nonproliferative retinopathy without macular edema, with long-term current use of insulin",ICD10,1938.0
1938,13601115702,114734863,2022-08-07 00:00:00.0000000,I65.23,Occlusion and stenosis of bilateral carotid arteries,Bilateral carotid artery stenosis,ICD10,1939.0
1939,10529003506,114734863,2016-05-11 00:00:00.0000000,E11.9,Type 2 diabetes mellitus without complications,,ICD10,1940.0
1940,13336325700,114734863,2017-11-21 00:00:00.0000000,E11.59,,Type 2 diabetes mellitus with other circulatory complications,ICD10,1941.0
1941,13643238866,114734863,2023-03-04 00:00:00.0000000,M25.462,"Effusion, left knee","Knee effusion, left",ICD10,1942.0
1942,13391380517,114734863,2019-06-19 00:00:00.0000000,,,(HFpEF) heart failure with preserved ejection fraction,ICD10,1943.0
1943,13599695903,114734863,2022-08-07 00:00:00.0000000,N17.9,"Acute kidney failure, unspecified",AKI (acute kidney injury),ICD10,1944.0
1944,13400472441,114734863,2019-10-07 00:00:00.0000000,I65.23,Occlusion and stenosis of bilateral carotid arteries,Bilateral carotid artery stenosis,ICD10,1945.0
1945,13549947745,114734863,2021-11-23 00:00:00.0000000,E78.00,,Pure hypercholesterolemia,ICD10,1946.0
1946,10529003506,114734863,2016-05-11 00:00:00.0000000,I10,Essential (primary) hypertension,,ICD10,1947.0
1947,13599695903,114734863,2022-08-07 00:00:00.0000000,I65.23,Occlusion and stenosis of bilateral carotid arteries,Bilateral carotid artery stenosis,ICD10,1948.0
1948,13465207021,114734863,2020-07-01 00:00:00.0000000,I65.23,Occlusion and stenosis of bilateral carotid arteries,Bilateral carotid artery stenosis,ICD10,1949.0
1949,13400497660,114734863,2019-08-19 00:00:00.0000000,E66.01,Morbid (severe) obesity due to excess calories,Morbid obesity due to excess calories,ICD10,1950.0
1950,13618572381,114734863,2022-11-05 00:00:00.0000000,,,"Lower limb ulcer, ankle, left, with unspecified severity",ICD10,1951.0
1951,13355925412,114734863,2018-05-07 00:00:00.0000000,I34.2,Nonrheumatic mitral (valve) stenosis,Nonrheumatic mitral valve stenosis with insufficiency,ICD10,1952.0
1952,13663559574,114734863,2023-06-11 00:00:00.0000000,,,"Heart failure with preserved ejection fraction, unspecified HF chronicity",ICD10,1953.0
1953,13429192248,114734863,2019-11-16 00:00:00.0000000,,,"CKD (chronic kidney disease) stage 3, GFR 30-59 ml/min",ICD10,1954.0
1954,13616611912,114734863,2022-10-25 00:00:00.0000000,K35.33,,Appendiceal abscess,ICD10,1955.0
1955,13534292389,114734863,2021-09-10 00:00:00.0000000,,,Encounter for immunization,ICD10,1956.0
1956,13641872269,114734863,2023-02-25 00:00:00.0000000,Z43.5,Encounter for attention to cystostomy,Encounter for care or replacement of suprapubic tube,ICD10,1957.0
1957,13352603167,114734863,2018-04-17 00:00:00.0000000,,,Chronic systolic congestive heart failure,ICD10,1958.0
1958,13674003575,114734863,2023-07-31 00:00:00.0000000,Z89.022,Acquired absence of left finger(s),History of surgical amputation of finger of left hand,ICD10,1959.0
1959,13616507083,114734863,2022-11-01 00:00:00.0000000,I34.0,Nonrheumatic mitral (valve) insufficiency,Nonrheumatic mitral valve stenosis with insufficiency,ICD10,1960.0
1960,13610502819,114734863,2022-09-24 00:00:00.0000000,A04.72,,Clostridioides difficile diarrhea,ICD10,1961.0
1961,13603558111,114734863,2022-09-13 00:00:00.0000000,K35.33,,Appendiceal abscess,ICD10,1962.0
1962,13447958363,114734863,2020-04-28 00:00:00.0000000,I34.0,Nonrheumatic mitral (valve) insufficiency,Nonrheumatic mitral valve stenosis with insufficiency,ICD10,1963.0
1963,13601115702,114734863,2022-08-07 00:00:00.0000000,Z79.4,Long term (current) use of insulin,"Type 2 diabetes mellitus with right eye affected by mild nonproliferative retinopathy without macular edema, with long-term current use of insulin",ICD10,1964.0
1964,13615078801,114734863,2022-10-17 00:00:00.0000000,W19.XXXA,"Unspecified fall, initial encounter",Fall,ICD10,1965.0
1965,13465207021,114734863,2020-07-01 00:00:00.0000000,,,"CKD (chronic kidney disease) stage 3, GFR 30-59 ml/min",ICD10,1966.0
1966,13355916717,114734863,2018-10-30 00:00:00.0000000,I05.2,Rheumatic mitral stenosis with insufficiency,"Mitral stenosis with insufficiency, unspecified etiology",ICD10,1967.0
1967,13615443994,114734863,2022-10-19 00:00:00.0000000,Z71.89,Other specified counseling,"Goals of care, counseling/discussion",ICD10,1968.0
1968,13415795270,114734863,2020-02-24 00:00:00.0000000,,,Obstructive sleep apnea syndrome,ICD10,1969.0
1969,13648979254,114734863,2023-04-02 00:00:00.0000000,I50.32,Chronic diastolic (congestive) heart failure,Chronic heart failure with preserved ejection fraction,ICD10,1970.0
1970,13661865777,114734863,2023-06-05 00:00:00.0000000,I27.20,,Pulmonary hypertension,ICD10,1971.0
1971,13352603167,114734863,2018-04-17 00:00:00.0000000,I25.10,Atherosclerotic heart disease of native coronary artery without angina pectoris,"Coronary artery disease involving native coronary artery, angina presence unspecified, unspecified whether native or transplanted heart",ICD10,1972.0
1972,13441266872,114734863,2020-06-09 00:00:00.0000000,,,"Chronic kidney disease, stage III (moderate)",ICD10,1973.0
1973,13332960889,114734863,2018-02-06 00:00:00.0000000,,,"Chronic kidney disease, stage III (moderate)",ICD10,1974.0
1974,13661557041,114734863,2023-06-07 00:00:00.0000000,,,Diarrhea of infectious origin,ICD10,1975.0
1975,13634914353,114734863,2023-01-21 00:00:00.0000000,A04.72,,C. difficile diarrhea,ICD10,1976.0
1976,13666663225,114734863,2023-06-24 00:00:00.0000000,R79.82,Elevated C-reactive protein (CRP),CRP elevated,ICD10,1977.0
1977,13408106002,114734863,2019-06-18 00:00:00.0000000,H40.1212,"Low-tension glaucoma, right eye, moderate stage","Low tension glaucoma of right eye, moderate stage",ICD10,1978.0
1978,13355916717,114734863,2018-10-30 00:00:00.0000000,Z91.81,History of falling,At risk for falls,ICD10,1979.0
1979,13379353862,114734863,2018-11-12 00:00:00.0000000,,,Health care maintenance,ICD10,1980.0
1980,13354090874,114734863,2018-05-28 00:00:00.0000000,J98.6,Disorders of diaphragm,Hemidiaphragm paralysis,ICD10,1981.0
1981,13590233460,114734863,2022-06-12 00:00:00.0000000,R06.02,Shortness of breath,SOB (shortness of breath),ICD10,1982.0
1982,13507522963,114734863,2021-04-13 00:00:00.0000000,I13.10,"Hypertensive heart and chronic kidney disease without heart failure, with stage 1 through stage 4 chronic kidney disease, or unspecified chronic kidney disease",Cardiorenal syndrome with renal failure,ICD10,1983.0
1983,13606325309,114734863,2022-09-04 00:00:00.0000000,K35.33,,Appendiceal abscess,ICD10,1984.0
1984,13388585461,114734863,2019-05-28 00:00:00.0000000,I50.33,Acute on chronic diastolic (congestive) heart failure,Acute on chronic diastolic congestive heart failure,ICD10,1985.0
1985,13666918245,114734863,2023-06-25 00:00:00.0000000,I50.43,Acute on chronic combined systolic (congestive) and diastolic (congestive) heart failure,Acute on chronic combined systolic and diastolic congestive heart failure,ICD10,1986.0
1986,13563027403,114734863,2022-05-10 00:00:00.0000000,E11.3291,,"Type 2 diabetes mellitus with right eye affected by mild nonproliferative retinopathy without macular edema, with long-term current use of insulin",ICD10,1987.0
1987,13540684535,114734863,2022-05-10 00:00:00.0000000,R06.09,Other forms of dyspnea,Dyspnea on exertion,ICD10,1988.0
1988,13381895360,114734863,2018-12-02 00:00:00.0000000,E11.21,Type 2 diabetes mellitus with diabetic nephropathy,Diabetic nephropathy associated with type 2 diabetes mellitus,ICD10,1989.0
1989,13574735169,114734863,2022-03-26 00:00:00.0000000,,,"Chronic kidney disease, stage III (moderate)",ICD10,1990.0
1990,13617700114,114734863,2022-11-06 00:00:00.0000000,,,"Shoulder tendinitis, right",ICD10,1991.0
1991,13540686435,114734863,2021-10-12 00:00:00.0000000,I72.9,Aneurysm of unspecified site,Aneurysm,ICD10,1992.0
1992,13605800017,114734863,2022-08-31 00:00:00.0000000,,,Medication management,ICD10,1993.0
1993,13607188762,114734863,2022-09-10 00:00:00.0000000,M24.542,"Contracture, left hand",Contracture of joint of left hand,ICD10,1994.0
1994,13391206830,114734863,2019-02-12 00:00:00.0000000,E11.21,Type 2 diabetes mellitus with diabetic nephropathy,Diabetic nephropathy associated with type 2 diabetes mellitus,ICD10,1995.0
1995,13400494805,114734863,2019-04-23 00:00:00.0000000,I50.33,Acute on chronic diastolic (congestive) heart failure,Acute on chronic diastolic congestive heart failure,ICD10,1996.0
1996,13482708956,114734863,2020-10-20 00:00:00.0000000,,,"Chronic kidney disease, stage III (moderate)",ICD10,1997.0
1997,13599695903,114734863,2022-08-07 00:00:00.0000000,I50.32,Chronic diastolic (congestive) heart failure,Chronic diastolic (congestive) heart failure,ICD10,1998.0
1998,10456957221,114734863,2016-11-02 00:00:00.0000000,J98.6,Disorders of diaphragm,,ICD10,1999.0
1999,13539207159,114734863,2022-01-25 00:00:00.0000000,Z79.4,Long term (current) use of insulin,"Type 2 diabetes mellitus with both eyes affected by mild nonproliferative retinopathy without macular edema, with long-term current use of insulin",ICD10,2000.0
2000,13408469069,114734863,2019-06-22 00:00:00.0000000,,,"CKD (chronic kidney disease) stage 3, GFR 30-59 ml/min",ICD10,2001.0
2001,13616507083,114734863,2022-11-01 00:00:00.0000000,I25.10,Atherosclerotic heart disease of native coronary artery without angina pectoris,Coronary artery disease involving native coronary artery of native heart without angina pectoris,ICD10,2002.0
2002,13597901743,114734863,2022-07-24 00:00:00.0000000,K35.32,,Perforated appendicitis,ICD10,2003.0
2003,13612254576,114734863,2022-10-10 00:00:00.0000000,R53.81,Other malaise,Physical deconditioning,ICD10,2004.0
2004,13579282929,114734863,2022-10-18 00:00:00.0000000,I13.10,"Hypertensive heart and chronic kidney disease without heart failure, with stage 1 through stage 4 chronic kidney disease, or unspecified chronic kidney disease",Cardiorenal syndrome with renal failure,ICD10,2005.0
2005,13605057036,114734863,2022-08-28 00:00:00.0000000,R18.8,Other ascites,Abdominal fluid collection,ICD10,2006.0
2006,13670277472,114734863,2023-07-12 00:00:00.0000000,M79.631,Pain in right forearm,Pain of right forearm,ICD10,2007.0
2007,13329907489,114734863,2017-10-07 00:00:00.0000000,J98.6,Disorders of diaphragm,Hemidiaphragm paralysis,ICD10,2008.0
2008,13305500656,114734863,2017-05-23 00:00:00.0000000,I27.20,,Pulmonary hypertension,ICD10,2009.0
2009,13540686435,114734863,2021-10-12 00:00:00.0000000,I25.10,Atherosclerotic heart disease of native coronary artery without angina pectoris,Atherosclerosis of native coronary artery of native heart without angina pectoris,ICD10,2010.0
2010,13400494805,114734863,2019-04-23 00:00:00.0000000,E66.01,Morbid (severe) obesity due to excess calories,Morbid obesity due to excess calories,ICD10,2011.0
2011,13616507083,114734863,2022-11-01 00:00:00.0000000,I65.23,Occlusion and stenosis of bilateral carotid arteries,Bilateral carotid artery stenosis,ICD10,2012.0
2012,13355930663,114734863,2018-05-15 00:00:00.0000000,E66.01,Morbid (severe) obesity due to excess calories,Morbid obesity due to excess calories,ICD10,2013.0
2013,13445808437,114734863,2020-03-09 00:00:00.0000000,J98.6,Disorders of diaphragm,Hemidiaphragm paralysis,ICD10,2014.0
2014,13401808896,114734863,2019-11-05 00:00:00.0000000,,,"CKD (chronic kidney disease) stage 3, GFR 30-59 ml/min",ICD10,2015.0
2015,13303030414,114734863,2017-01-04 00:00:00.0000000,,,"Carotid stenosis, unspecified laterality",ICD10,2016.0
2016,13388585461,114734863,2019-05-28 00:00:00.0000000,I10,Essential (primary) hypertension,Essential hypertension,ICD10,2017.0
2017,13666169148,114734863,2023-07-01 00:00:00.0000000,Z01.812,Encounter for preprocedural laboratory examination,Encounter for preoperative screening laboratory testing for COVID-19 virus,ICD10,2018.0
2018,10555429103,114734863,2016-09-26 00:00:00.0000000,I25.10,Atherosclerotic heart disease of native coronary artery without angina pectoris,,ICD10,2019.0
2019,13594935397,114734863,2022-07-05 00:00:00.0000000,K35.32,,Appendicitis with perforation,ICD10,2020.0
2020,13392953340,114734863,2019-02-24 00:00:00.0000000,I12.9,"Hypertensive chronic kidney disease with stage 1 through stage 4 chronic kidney disease, or unspecified chronic kidney disease",Hypertension with renal disease,ICD10,2021.0
2021,13586284997,114734863,2022-05-30 00:00:00.0000000,,,Chronic systolic congestive heart failure,ICD10,2022.0
2022,13409073438,114734863,2019-06-25 00:00:00.0000000,,,Intolerance of continuous positive airway pressure (CPAP) ventilation,ICD10,2023.0
2023,13608170420,114734863,2022-09-13 00:00:00.0000000,R18.8,Other ascites,Abdominal fluid collection,ICD10,2024.0
2024,13498409450,114734863,2021-02-20 00:00:00.0000000,R19.7,"Diarrhea, unspecified",Diarrhea,ICD10,2025.0
2025,13543676751,114734863,2022-04-19 00:00:00.0000000,,,Stage 3b chronic kidney disease,ICD10,2026.0
2026,13671328616,114734863,2023-08-01 00:00:00.0000000,M25.642,"Stiffness of left hand, not elsewhere classified","Stiffness of joint, hand, left",ICD10,2027.0
2027,10456957221,114734863,2016-11-02 00:00:00.0000000,E78.5,"Hyperlipidemia, unspecified",,ICD10,2028.0
2028,13661865777,114734863,2023-06-05 00:00:00.0000000,I65.23,Occlusion and stenosis of bilateral carotid arteries,Bilateral carotid artery stenosis,ICD10,2029.0
2029,13623292239,114734863,2023-01-23 00:00:00.0000000,R33.9,"Retention of urine, unspecified",Urinary retention,ICD10,2030.0
2030,13443990280,114734863,2020-02-24 00:00:00.0000000,R05.9,,Cough,ICD10,2031.0
2031,13482708956,114734863,2020-10-20 00:00:00.0000000,,,Health care maintenance,ICD10,2032.0
2032,10529003506,114734863,2016-05-11 00:00:00.0000000,I25.10,Atherosclerotic heart disease of native coronary artery without angina pectoris,,ICD10,2033.0
2033,13583693221,114734863,2022-11-12 00:00:00.0000000,I50.32,Chronic diastolic (congestive) heart failure,Chronic diastolic (congestive) heart failure,ICD10,2034.0
2034,13482280239,114734863,2020-10-18 00:00:00.0000000,E11.21,Type 2 diabetes mellitus with diabetic nephropathy,Diabetic nephropathy associated with type 2 diabetes mellitus,ICD10,2035.0
2035,13482709793,114734863,2021-02-06 00:00:00.0000000,,,Obstructive sleep apnea syndrome,ICD10,2036.0
2036,13660797935,114734863,2023-05-28 00:00:00.0000000,L60.9,"Nail disorder, unspecified",Fingernail problem,ICD10,2037.0
2037,13543676751,114734863,2022-04-19 00:00:00.0000000,I13.10,"Hypertensive heart and chronic kidney disease without heart failure, with stage 1 through stage 4 chronic kidney disease, or unspecified chronic kidney disease",Cardiorenal syndrome with renal failure,ICD10,2038.0
2038,13599695903,114734863,2022-08-07 00:00:00.0000000,,,Health care maintenance,ICD10,2039.0
2039,13327829854,114734863,2017-09-05 00:00:00.0000000,I25.10,Atherosclerotic heart disease of native coronary artery without angina pectoris,Atherosclerosis of native coronary artery of native heart without angina pectoris,ICD10,2040.0
2040,13507518489,114734863,2021-10-12 00:00:00.0000000,E11.3293,,"Type 2 diabetes mellitus with both eyes affected by mild nonproliferative retinopathy without macular edema, with long-term current use of insulin",ICD10,2041.0
2041,13610191355,114734863,2022-09-24 00:00:00.0000000,,,"Heart failure with preserved ejection fraction, unspecified HF chronicity",ICD10,2042.0
2042,13507522963,114734863,2021-04-13 00:00:00.0000000,,,"CKD (chronic kidney disease) stage 3, GFR 30-59 ml/min",ICD10,2043.0
2043,13599724377,114734863,2022-07-30 00:00:00.0000000,R06.09,Other forms of dyspnea,Dyspnea on exertion,ICD10,2044.0
2044,13583720188,114734863,2022-05-10 00:00:00.0000000,M25.562,Pain in left knee,Chronic pain of left knee,ICD10,2045.0
2045,13540686435,114734863,2021-10-12 00:00:00.0000000,I27.20,,Pulmonary hypertension,ICD10,2046.0
2046,13666012987,114734863,2023-06-20 00:00:00.0000000,Z01.818,Encounter for other preprocedural examination,Preop testing,ICD10,2047.0
2047,13583720188,114734863,2022-05-10 00:00:00.0000000,I65.23,Occlusion and stenosis of bilateral carotid arteries,Bilateral carotid artery stenosis,ICD10,2048.0
2048,13574735169,114734863,2022-03-26 00:00:00.0000000,Z79.4,Long term (current) use of insulin,"Type 2 diabetes mellitus with both eyes affected by mild nonproliferative retinopathy without macular edema, with long-term current use of insulin",ICD10,2049.0
2049,13354090874,114734863,2018-05-28 00:00:00.0000000,I50.43,Acute on chronic combined systolic (congestive) and diastolic (congestive) heart failure,Acute on chronic combined systolic and diastolic congestive heart failure,ICD10,2050.0
2050,13674003575,114734863,2023-07-31 00:00:00.0000000,L89.521,"Pressure ulcer of left ankle, stage 1","Decubitus ulcer of left ankle, stage 1",ICD10,2051.0
2051,13618723902,114734863,2022-11-05 00:00:00.0000000,Z01.812,Encounter for preprocedural laboratory examination,Encounter for preoperative screening laboratory testing for COVID-19 virus,ICD10,2052.0
2052,13306420186,114734863,2017-02-05 00:00:00.0000000,R05.9,,Cough,ICD10,2053.0
2053,13334499889,114734863,2018-01-03 00:00:00.0000000,,,"Chronic kidney disease, stage III (moderate)",ICD10,2054.0
2054,13635129594,114734863,2023-01-21 00:00:00.0000000,A04.72,,C. difficile diarrhea,ICD10,2055.0
2055,13482708956,114734863,2020-10-20 00:00:00.0000000,E66.01,Morbid (severe) obesity due to excess calories,Morbid obesity due to excess calories,ICD10,2056.0
2056,13379353862,114734863,2018-11-12 00:00:00.0000000,,,"CKD (chronic kidney disease) stage 3, GFR 30-59 ml/min",ICD10,2057.0
2057,10703215084,114734863,2016-07-11 00:00:00.0000000,E66.9,"Obesity, unspecified",,ICD10,2058.0
2058,13530186202,114734863,2021-09-18 00:00:00.0000000,Z79.4,Long term (current) use of insulin,"Type 2 diabetes mellitus with right eye affected by mild nonproliferative retinopathy without macular edema, with long-term current use of insulin",ICD10,2059.0
2059,13612254576,114734863,2022-10-10 00:00:00.0000000,R33.8,Other retention of urine,Benign prostatic hyperplasia with urinary retention,ICD10,2060.0
2060,13340015772,114734863,2017-12-23 00:00:00.0000000,I34.0,Nonrheumatic mitral (valve) insufficiency,Nonrheumatic mitral valve stenosis with insufficiency,ICD10,2061.0
2061,13507518489,114734863,2021-10-12 00:00:00.0000000,,,Obstructive sleep apnea syndrome,ICD10,2062.0
2062,13355925412,114734863,2018-05-07 00:00:00.0000000,I10,Essential (primary) hypertension,Essential hypertension,ICD10,2063.0
2063,13453838843,114734863,2020-10-20 00:00:00.0000000,Z79.4,Long term (current) use of insulin,"Type 2 diabetes mellitus with both eyes affected by mild nonproliferative retinopathy without macular edema, with long-term current use of insulin",ICD10,2064.0
2064,13316836868,114734863,2017-05-23 00:00:00.0000000,R06.02,Shortness of breath,Shortness of breath,ICD10,2065.0
2065,13618723902,114734863,2022-11-05 00:00:00.0000000,Z20.822,,Encounter for preoperative screening laboratory testing for COVID-19 virus,ICD10,2066.0
2066,13606853883,114734863,2022-09-07 00:00:00.0000000,,,Skin erosion,ICD10,2067.0
2067,13602280279,114734863,2022-08-14 00:00:00.0000000,R10.31,Right lower quadrant pain,Right lower quadrant pain,ICD10,2068.0
2068,13387123432,114734863,2019-01-12 00:00:00.0000000,I10,Essential (primary) hypertension,High blood pressure,ICD10,2069.0
2069,13377635945,114734863,2019-04-23 00:00:00.0000000,,,"Chronic kidney disease, stage III (moderate)",ICD10,2070.0
2070,13401808896,114734863,2019-11-05 00:00:00.0000000,I13.10,"Hypertensive heart and chronic kidney disease without heart failure, with stage 1 through stage 4 chronic kidney disease, or unspecified chronic kidney disease",Cardiorenal syndrome with renal failure,ICD10,2071.0
2071,13400472441,114734863,2019-10-07 00:00:00.0000000,I25.10,Atherosclerotic heart disease of native coronary artery without angina pectoris,Coronary artery disease involving native coronary artery of native heart without angina pectoris,ICD10,2072.0
2072,13507518489,114734863,2021-10-12 00:00:00.0000000,I65.23,Occlusion and stenosis of bilateral carotid arteries,Bilateral carotid artery stenosis,ICD10,2073.0
2073,13353612319,114734863,2018-07-21 00:00:00.0000000,H35.363,"Drusen (degenerative) of macula, bilateral",Drusen of macula of both eyes,ICD10,2074.0
2074,13339987805,114734863,2018-05-07 00:00:00.0000000,I34.2,Nonrheumatic mitral (valve) stenosis,Nonrheumatic mitral valve stenosis with insufficiency,ICD10,2075.0
2075,13355930663,114734863,2018-05-15 00:00:00.0000000,Z79.4,Long term (current) use of insulin,"Type 2 diabetes mellitus with other circulatory complication, with long-term current use of insulin",ICD10,2076.0
2076,13643373783,114734863,2023-03-04 00:00:00.0000000,R06.09,Other forms of dyspnea,Other forms of dyspnea,ICD10,2077.0
2077,13301231024,114734863,2016-12-18 00:00:00.0000000,,,"Carotid stenosis, unspecified laterality",ICD10,2078.0
2078,13661865777,114734863,2023-06-05 00:00:00.0000000,,,Obstructive sleep apnea syndrome,ICD10,2079.0
2079,13454933652,114734863,2020-07-18 00:00:00.0000000,I50.32,Chronic diastolic (congestive) heart failure,Chronic diastolic congestive heart failure,ICD10,2080.0
2080,13408469069,114734863,2019-06-22 00:00:00.0000000,I13.10,"Hypertensive heart and chronic kidney disease without heart failure, with stage 1 through stage 4 chronic kidney disease, or unspecified chronic kidney disease",Cardiorenal syndrome with renal failure,ICD10,2081.0
2081,13507522963,114734863,2021-04-13 00:00:00.0000000,I69.354,Hemiplegia and hemiparesis following cerebral infarction affecting left non-dominant side,Hemiplegia and hemiparesis following cerebral infarction affecting left non-dominant side,ICD10,2082.0
2082,13540686435,114734863,2021-10-12 00:00:00.0000000,R41.89,Other symptoms and signs involving cognitive functions and awareness,Cognitive decline,ICD10,2083.0
2083,13401808896,114734863,2019-11-05 00:00:00.0000000,I12.9,"Hypertensive chronic kidney disease with stage 1 through stage 4 chronic kidney disease, or unspecified chronic kidney disease",Hypertension with renal disease,ICD10,2084.0
2084,13339987805,114734863,2018-05-07 00:00:00.0000000,E11.59,,"Type 2 diabetes mellitus with other circulatory complication, with long-term current use of insulin",ICD10,2085.0
2085,10730326581,114734863,2016-09-26 00:00:00.0000000,I25.10,Atherosclerotic heart disease of native coronary artery without angina pectoris,,ICD10,2086.0
2086,13574735169,114734863,2022-03-26 00:00:00.0000000,I13.10,"Hypertensive heart and chronic kidney disease without heart failure, with stage 1 through stage 4 chronic kidney disease, or unspecified chronic kidney disease",Cardiorenal syndrome with renal failure,ICD10,2087.0
2087,13609655284,114734863,2022-09-19 00:00:00.0000000,K35.33,,Appendiceal abscess,ICD10,2088.0
2088,13339987805,114734863,2018-05-07 00:00:00.0000000,I27.20,,Pulmonary hypertension,ICD10,2089.0
2089,13605088575,114734863,2022-09-13 00:00:00.0000000,R33.8,Other retention of urine,Urinary retention due to benign prostatic hyperplasia,ICD10,2090.0
2090,13453838843,114734863,2020-10-20 00:00:00.0000000,I65.23,Occlusion and stenosis of bilateral carotid arteries,Bilateral carotid artery stenosis,ICD10,2091.0
2091,13599695903,114734863,2022-08-07 00:00:00.0000000,K35.33,,Appendiceal abscess,ICD10,2092.0
2092,13329907489,114734863,2017-10-07 00:00:00.0000000,,,"Stenosis of carotid artery, unspecified laterality",ICD10,2093.0
2093,13311946658,114734863,2017-06-07 00:00:00.0000000,R06.02,Shortness of breath,SOB (shortness of breath),ICD10,2094.0
2094,10456957221,114734863,2016-11-02 00:00:00.0000000,G47.33,Obstructive sleep apnea (adult) (pediatric),,ICD10,2095.0
2095,13612072049,114734863,2022-10-02 00:00:00.0000000,M24.542,"Contracture, left hand",Contracture of left hand,ICD10,2096.0
2096,13423146398,114734863,2019-10-08 00:00:00.0000000,I50.32,Chronic diastolic (congestive) heart failure,Chronic diastolic congestive heart failure,ICD10,2097.0
2097,13641986581,114734863,2023-02-25 00:00:00.0000000,A04.71,,Recurrent Clostridioides difficile diarrhea,ICD10,2098.0
2098,13379353862,114734863,2018-11-12 00:00:00.0000000,I65.23,Occlusion and stenosis of bilateral carotid arteries,Bilateral carotid artery stenosis,ICD10,2099.0
2099,13379856584,114734863,2018-11-17 00:00:00.0000000,,,(HFpEF) heart failure with preserved ejection fraction,ICD10,2100.0
2100,13616507083,114734863,2022-11-01 00:00:00.0000000,I48.0,Paroxysmal atrial fibrillation,Paroxysmal atrial fibrillation,ICD10,2101.0
2101,13352603167,114734863,2018-04-17 00:00:00.0000000,I27.20,,Pulmonary hypertension,ICD10,2102.0
2102,13482280239,114734863,2020-10-18 00:00:00.0000000,I13.10,"Hypertensive heart and chronic kidney disease without heart failure, with stage 1 through stage 4 chronic kidney disease, or unspecified chronic kidney disease",Cardiorenal syndrome with renal failure,ICD10,2103.0
2103,13666663225,114734863,2023-06-24 00:00:00.0000000,S61.402A,"Unspecified open wound of left hand, initial encounter","Open wound of left hand without foreign body, unspecified wound type, initial encounter",ICD10,2104.0
2104,13675294643,114734863,2023-08-08 00:00:00.0000000,R19.7,"Diarrhea, unspecified","Diarrhea, unspecified type",ICD10,2105.0
2105,10387975477,114734863,2016-10-04 00:00:00.0000000,I25.10,Atherosclerotic heart disease of native coronary artery without angina pectoris,,ICD10,2106.0
2106,13390663358,114734863,2019-05-04 00:00:00.0000000,,,"CKD (chronic kidney disease) stage 3, GFR 30-59 ml/min",ICD10,2107.0
2107,13482708956,114734863,2020-10-20 00:00:00.0000000,I72.9,Aneurysm of unspecified site,Aneurysm,ICD10,2108.0
2108,13633223615,114734863,2023-01-11 00:00:00.0000000,H40.1223,"Low-tension glaucoma, left eye, severe stage","Low-tension glaucoma of left eye, severe stage",ICD10,2109.0
2109,13621309373,114734863,2022-11-16 00:00:00.0000000,R33.9,"Retention of urine, unspecified",Urinary retention,ICD10,2110.0
2110,13667235864,114734863,2023-06-27 00:00:00.0000000,Z71.89,Other specified counseling,"Goals of care, counseling/discussion",ICD10,2111.0
2111,13507213825,114734863,2021-04-13 00:00:00.0000000,I69.354,Hemiplegia and hemiparesis following cerebral infarction affecting left non-dominant side,Hemiplegia and hemiparesis following cerebral infarction affecting left non-dominant side,ICD10,2112.0
2112,13377635945,114734863,2019-04-23 00:00:00.0000000,E78.2,Mixed hyperlipidemia,Mixed hyperlipidemia,ICD10,2113.0
2113,13445808437,114734863,2020-03-09 00:00:00.0000000,R06.09,Other forms of dyspnea,Dyspnea on exertion,ICD10,2114.0
2114,13376715876,114734863,2019-04-23 00:00:00.0000000,I34.0,Nonrheumatic mitral (valve) insufficiency,Nonrheumatic mitral valve stenosis with insufficiency,ICD10,2115.0
2115,13415795270,114734863,2020-02-24 00:00:00.0000000,R06.09,Other forms of dyspnea,Dyspnea on exertion,ICD10,2116.0
2116,13388023851,114734863,2019-04-09 00:00:00.0000000,H40.1223,"Low-tension glaucoma, left eye, severe stage","Low-tension glaucoma of left eye, severe stage",ICD10,2117.0
2117,13499703358,114734863,2021-02-27 00:00:00.0000000,E11.21,Type 2 diabetes mellitus with diabetic nephropathy,Diabetic nephropathy associated with type 2 diabetes mellitus,ICD10,2118.0
2118,13450895586,114734863,2020-05-05 00:00:00.0000000,,,Hyperlipidemia LDL goal <70,ICD10,2119.0
2119,13400494805,114734863,2019-04-23 00:00:00.0000000,E78.2,Mixed hyperlipidemia,Mixed hyperlipidemia,ICD10,2120.0
2120,13507522963,114734863,2021-04-13 00:00:00.0000000,I25.10,Atherosclerotic heart disease of native coronary artery without angina pectoris,Atherosclerosis of native coronary artery of native heart without angina pectoris,ICD10,2121.0
2121,13608167276,114734863,2022-09-13 00:00:00.0000000,R18.8,Other ascites,Abdominal fluid collection,ICD10,2122.0
2122,13292421749,114734863,2016-10-09 00:00:00.0000000,Z91.81,History of falling,At risk for falls,ICD10,2123.0
2123,13639131793,114734863,2023-02-08 00:00:00.0000000,G62.9,"Polyneuropathy, unspecified",Neuropathy,ICD10,2124.0
2124,13586284997,114734863,2022-05-30 00:00:00.0000000,E66.01,Morbid (severe) obesity due to excess calories,Morbid obesity due to excess calories,ICD10,2125.0
2125,13482709793,114734863,2021-02-06 00:00:00.0000000,I27.20,,Pulmonary hypertension,ICD10,2126.0
2126,13361535956,114734863,2018-06-19 00:00:00.0000000,E78.2,Mixed hyperlipidemia,Mixed hyperlipidemia,ICD10,2127.0
2127,13482709793,114734863,2021-02-06 00:00:00.0000000,,,Severe persistent asthma without complication,ICD10,2128.0
2128,13490836211,114734863,2020-12-29 00:00:00.0000000,E11.3293,,"Type 2 diabetes mellitus with both eyes affected by mild nonproliferative retinopathy without macular edema, with long-term current use of insulin",ICD10,2129.0
2129,13365977708,114734863,2018-11-14 00:00:00.0000000,R69,"Illness, unspecified",Diagnosis unknown,ICD10,2130.0
2130,13613676742,114734863,2022-11-14 00:00:00.0000000,R33.8,Other retention of urine,Benign prostatic hyperplasia with urinary retention,ICD10,2131.0
2131,13427600070,114734863,2019-11-05 00:00:00.0000000,I50.9,"Heart failure, unspecified",Congestive heart failure,ICD10,2132.0
2132,13450895586,114734863,2020-05-05 00:00:00.0000000,I25.10,Atherosclerotic heart disease of native coronary artery without angina pectoris,"Atherosclerosis of coronary artery of native heart, angina presence unspecified, unspecified vessel or lesion type",ICD10,2133.0
2133,13606325309,114734863,2022-09-04 00:00:00.0000000,S46.911A,"Strain of unspecified muscle, fascia and tendon at shoulder and upper arm level, right arm, initial encounter","Strain of right elbow, initial encounter",ICD10,2134.0
2134,13392953340,114734863,2019-02-24 00:00:00.0000000,I13.10,"Hypertensive heart and chronic kidney disease without heart failure, with stage 1 through stage 4 chronic kidney disease, or unspecified chronic kidney disease",Cardiorenal syndrome with renal failure,ICD10,2135.0
2135,13377635945,114734863,2019-04-23 00:00:00.0000000,E66.01,Morbid (severe) obesity due to excess calories,Morbid obesity due to excess calories,ICD10,2136.0
2136,13615078801,114734863,2022-10-17 00:00:00.0000000,S91.002A,"Unspecified open wound, left ankle, initial encounter",Wound of left ankle,ICD10,2137.0
2137,13599695903,114734863,2022-08-07 00:00:00.0000000,Z79.4,Long term (current) use of insulin,"Type 2 diabetes mellitus with right eye affected by mild nonproliferative retinopathy without macular edema, with long-term current use of insulin",ICD10,2138.0
2138,13401808896,114734863,2019-11-05 00:00:00.0000000,I27.20,,Pulmonary hypertension,ICD10,2139.0
2139,13496339658,114734863,2021-02-06 00:00:00.0000000,R19.7,"Diarrhea, unspecified",Diarrhea,ICD10,2140.0
2140,13667235864,114734863,2023-06-27 00:00:00.0000000,L08.9,"Local infection of the skin and subcutaneous tissue, unspecified",Finger infection,ICD10,2141.0
2141,13376715876,114734863,2019-04-23 00:00:00.0000000,,,Obstructive sleep apnea syndrome,ICD10,2142.0
2142,13613676742,114734863,2022-11-14 00:00:00.0000000,R53.81,Other malaise,Physical deconditioning,ICD10,2143.0
2143,13388585461,114734863,2019-05-28 00:00:00.0000000,Z79.4,Long term (current) use of insulin,"Type 2 diabetes mellitus with other circulatory complication, with long-term current use of insulin",ICD10,2144.0
2144,13368694769,114734863,2018-08-20 00:00:00.0000000,,,"CKD (chronic kidney disease) stage 3, GFR 30-59 ml/min",ICD10,2145.0
2145,13379353862,114734863,2018-11-12 00:00:00.0000000,I13.10,"Hypertensive heart and chronic kidney disease without heart failure, with stage 1 through stage 4 chronic kidney disease, or unspecified chronic kidney disease",Cardiorenal syndrome with renal failure,ICD10,2146.0
2146,13661557041,114734863,2023-06-07 00:00:00.0000000,Z71.89,Other specified counseling,"Goals of care, counseling/discussion",ICD10,2147.0
2147,13443291951,114734863,2020-02-19 00:00:00.0000000,I13.10,"Hypertensive heart and chronic kidney disease without heart failure, with stage 1 through stage 4 chronic kidney disease, or unspecified chronic kidney disease",Cardiorenal syndrome with renal failure,ICD10,2148.0
2148,13601115702,114734863,2022-08-07 00:00:00.0000000,I27.20,,Pulmonary hypertension,ICD10,2149.0
2149,13397709508,114734863,2019-04-01 00:00:00.0000000,,,"CKD (chronic kidney disease) stage 3, GFR 30-59 ml/min",ICD10,2150.0
2150,10555429103,114734863,2016-09-26 00:00:00.0000000,I25.10,Atherosclerotic heart disease of native coronary artery without angina pectoris,,ICD10,2151.0
2151,13453838843,114734863,2020-10-20 00:00:00.0000000,I27.20,,Pulmonary hypertension,ICD10,2152.0
2152,10387975477,114734863,2016-10-04 00:00:00.0000000,R06.00,"Dyspnea, unspecified",,ICD10,2153.0
2153,13329236305,114734863,2017-10-17 00:00:00.0000000,I50.20,Unspecified systolic (congestive) heart failure,"Systolic congestive heart failure, unspecified congestive heart failure chronicity",ICD10,2154.0
2154,13453854995,114734863,2020-10-20 00:00:00.0000000,E11.21,Type 2 diabetes mellitus with diabetic nephropathy,Diabetic nephropathy associated with type 2 diabetes mellitus,ICD10,2155.0
2155,13324325320,114734863,2017-08-08 00:00:00.0000000,J98.6,Disorders of diaphragm,Hemidiaphragm paralysis,ICD10,2156.0
2156,13618572381,114734863,2022-11-05 00:00:00.0000000,R19.7,"Diarrhea, unspecified","Diarrhea, unspecified type",ICD10,2157.0
2157,13583693221,114734863,2022-11-12 00:00:00.0000000,I48.0,Paroxysmal atrial fibrillation,Paroxysmal atrial fibrillation,ICD10,2158.0
2158,13592811351,114734863,2022-07-03 00:00:00.0000000,K35.32,,Perforated appendicitis,ICD10,2159.0
2159,13384440072,114734863,2019-12-18 00:00:00.0000000,I65.23,Occlusion and stenosis of bilateral carotid arteries,Bilateral carotid artery stenosis,ICD10,2160.0
2160,13507522963,114734863,2021-04-13 00:00:00.0000000,Z79.4,Long term (current) use of insulin,"Type 2 diabetes mellitus with both eyes affected by mild nonproliferative retinopathy without macular edema, with long-term current use of insulin",ICD10,2161.0
2161,13615443994,114734863,2022-10-19 00:00:00.0000000,L89.151,,"Decubitus ulcer of sacral region, stage 1",ICD10,2162.0
2162,13583720188,114734863,2022-05-10 00:00:00.0000000,G89.29,Other chronic pain,Chronic pain of left knee,ICD10,2163.0
2163,13507213825,114734863,2021-04-13 00:00:00.0000000,I34.0,Nonrheumatic mitral (valve) insufficiency,Nonrheumatic mitral valve stenosis with insufficiency,ICD10,2164.0
2164,13641872269,114734863,2023-02-25 00:00:00.0000000,L89.522,"Pressure ulcer of left ankle, stage 2","Pressure injury of left ankle, stage 2",ICD10,2165.0
2165,13340015772,114734863,2017-12-23 00:00:00.0000000,I50.20,Unspecified systolic (congestive) heart failure,"Systolic congestive heart failure, unspecified congestive heart failure chronicity",ICD10,2166.0
2166,13331080033,114734863,2017-12-23 00:00:00.0000000,I34.0,Nonrheumatic mitral (valve) insufficiency,Nonrheumatic mitral valve stenosis with insufficiency,ICD10,2167.0
2167,13331080033,114734863,2017-12-23 00:00:00.0000000,,,"Chronic kidney disease, stage III (moderate)",ICD10,2168.0
2168,13648979254,114734863,2023-04-02 00:00:00.0000000,A04.71,,Recurrent Clostridioides difficile diarrhea,ICD10,2169.0
2169,13306137772,114734863,2017-02-05 00:00:00.0000000,,,Dyspnea,ICD10,2170.0
2170,13447958363,114734863,2020-04-28 00:00:00.0000000,R06.09,Other forms of dyspnea,Dyspnea on exertion,ICD10,2171.0
2171,13352726125,114734863,2018-04-12 00:00:00.0000000,I48.91,Unspecified atrial fibrillation,"Atrial fibrillation, unspecified type",ICD10,2172.0
2172,13339987805,114734863,2018-05-07 00:00:00.0000000,I25.10,Atherosclerotic heart disease of native coronary artery without angina pectoris,"Coronary artery disease involving native coronary artery, angina presence unspecified, unspecified whether native or transplanted heart",ICD10,2173.0
2173,13354403321,114734863,2018-04-28 00:00:00.0000000,I48.91,Unspecified atrial fibrillation,"Atrial fibrillation, unspecified type",ICD10,2174.0
2174,13379669753,114734863,2018-11-14 00:00:00.0000000,R69,"Illness, unspecified",Diagnosis unknown,ICD10,2175.0
2175,13605088575,114734863,2022-09-13 00:00:00.0000000,Z86.16,,History of COVID-19,ICD10,2176.0
2176,13607704457,114734863,2022-09-10 00:00:00.0000000,,,"Heart failure with preserved ejection fraction, unspecified HF chronicity",ICD10,2177.0
2177,13661865777,114734863,2023-06-05 00:00:00.0000000,E11.51,,"Type 2 diabetes mellitus with diabetic peripheral angiopathy without gangrene, with long-term current use of insulin",ICD10,2178.0
2178,13590480422,114734863,2022-06-13 00:00:00.0000000,R18.8,Other ascites,Abdominal fluid collection,ICD10,2179.0
2179,13601115702,114734863,2022-08-07 00:00:00.0000000,U07.1,,COVID-19,ICD10,2180.0
2180,10675610442,114734863,2016-05-11 00:00:00.0000000,E11.9,Type 2 diabetes mellitus without complications,,ICD10,2181.0
2181,13639468538,114734863,2023-03-13 00:00:00.0000000,I34.0,Nonrheumatic mitral (valve) insufficiency,Nonrheumatic mitral valve stenosis with insufficiency,ICD10,2182.0
2182,13632256866,114734863,2023-01-17 00:00:00.0000000,M25.642,"Stiffness of left hand, not elsewhere classified","Stiffness of joint, hand, left",ICD10,2183.0
2183,13540684535,114734863,2022-05-10 00:00:00.0000000,M25.562,Pain in left knee,Chronic pain of left knee,ICD10,2184.0
2184,13376715876,114734863,2019-04-23 00:00:00.0000000,I34.2,Nonrheumatic mitral (valve) stenosis,Nonrheumatic mitral valve stenosis with insufficiency,ICD10,2185.0
2185,13382347130,114734863,2018-12-05 00:00:00.0000000,R05.9,,Cough,ICD10,2186.0
2186,13445808437,114734863,2020-03-09 00:00:00.0000000,,,"Chronic kidney disease, stage III (moderate)",ICD10,2187.0
2187,10703215084,114734863,2016-07-11 00:00:00.0000000,I25.10,Atherosclerotic heart disease of native coronary artery without angina pectoris,,ICD10,2188.0
2188,13482709793,114734863,2021-02-06 00:00:00.0000000,J98.6,Disorders of diaphragm,Hemidiaphragm paralysis,ICD10,2189.0
2189,13622188547,114734863,2022-11-21 00:00:00.0000000,R33.9,"Retention of urine, unspecified",Urinary retention,ICD10,2190.0
2190,13482709793,114734863,2021-02-06 00:00:00.0000000,I50.32,Chronic diastolic (congestive) heart failure,Chronic diastolic (congestive) heart failure,ICD10,2191.0
2191,13355916717,114734863,2018-10-30 00:00:00.0000000,,,Obstructive sleep apnea syndrome,ICD10,2192.0
2192,13391206830,114734863,2019-02-12 00:00:00.0000000,I13.10,"Hypertensive heart and chronic kidney disease without heart failure, with stage 1 through stage 4 chronic kidney disease, or unspecified chronic kidney disease",Cardiorenal syndrome with renal failure,ICD10,2193.0
2193,10703215084,114734863,2016-07-11 00:00:00.0000000,F32.9,"Major depressive disorder, single episode, unspecified",,ICD10,2194.0
2194,13583727216,114734863,2022-05-10 00:00:00.0000000,G89.29,Other chronic pain,Chronic pain of left knee,ICD10,2195.0
2195,13507518489,114734863,2021-10-12 00:00:00.0000000,I50.32,Chronic diastolic (congestive) heart failure,Chronic diastolic (congestive) heart failure,ICD10,2196.0
2196,13662091610,114734863,2023-06-04 00:00:00.0000000,L89.522,"Pressure ulcer of left ankle, stage 2","Decubitus ulcer of left ankle, stage 2",ICD10,2197.0
2197,13658468540,114734863,2023-05-21 00:00:00.0000000,E11.3291,,"Type 2 diabetes mellitus with right eye affected by mild nonproliferative retinopathy without macular edema, with long-term current use of insulin",ICD10,2198.0
2198,13507518489,114734863,2021-10-12 00:00:00.0000000,I25.10,Atherosclerotic heart disease of native coronary artery without angina pectoris,Atherosclerosis of native coronary artery of native heart without angina pectoris,ICD10,2199.0
2199,13327829854,114734863,2017-09-05 00:00:00.0000000,R06.02,Shortness of breath,Shortness of breath,ICD10,2200.0
2200,13590254371,114734863,2022-06-13 00:00:00.0000000,R32,Unspecified urinary incontinence,"Urinary incontinence, unspecified type",ICD10,2201.0
2201,13340015772,114734863,2017-12-23 00:00:00.0000000,E11.59,,"Type 2 diabetes mellitus with other circulatory complication, with long-term current use of insulin",ICD10,2202.0
2202,13340015772,114734863,2017-12-23 00:00:00.0000000,I25.10,Atherosclerotic heart disease of native coronary artery without angina pectoris,"Coronary artery disease involving native coronary artery, angina presence unspecified, unspecified whether native or transplanted heart",ICD10,2203.0
2203,13445808437,114734863,2020-03-09 00:00:00.0000000,I10,Essential (primary) hypertension,Essential hypertension,ICD10,2204.0
2204,13507522963,114734863,2021-04-13 00:00:00.0000000,E11.3293,,"Type 2 diabetes mellitus with both eyes affected by mild nonproliferative retinopathy without macular edema, with long-term current use of insulin",ICD10,2205.0
2205,13306436556,114734863,2017-08-07 00:00:00.0000000,E11.59,,"Type 2 diabetes mellitus with other circulatory complication, with long-term current use of insulin",ICD10,2206.0
2206,13611977498,114734863,2022-10-02 00:00:00.0000000,I50.32,Chronic diastolic (congestive) heart failure,Chronic diastolic (congestive) heart failure,ICD10,2207.0
2207,13376715876,114734863,2019-04-23 00:00:00.0000000,R69,"Illness, unspecified",Diagnosis unknown,ICD10,2208.0
2208,13650461818,114734863,2023-04-09 00:00:00.0000000,Z01.812,Encounter for preprocedural laboratory examination,Pre-procedure lab exam,ICD10,2209.0
2209,13400494805,114734863,2019-04-23 00:00:00.0000000,I05.2,Rheumatic mitral stenosis with insufficiency,"Mitral stenosis with insufficiency, unspecified etiology",ICD10,2210.0
2210,13400494805,114734863,2019-04-23 00:00:00.0000000,R06.09,Other forms of dyspnea,Dyspnea on exertion,ICD10,2211.0
2211,10530828409,114734863,2016-10-04 00:00:00.0000000,E10.9,Type 1 diabetes mellitus without complications,,ICD10,2212.0
2212,13331080033,114734863,2017-12-23 00:00:00.0000000,I10,Essential (primary) hypertension,Essential hypertension,ICD10,2213.0
2213,13365977708,114734863,2018-11-14 00:00:00.0000000,Z95.1,Presence of aortocoronary bypass graft,History of coronary artery bypass graft,ICD10,2214.0
2214,10703215084,114734863,2016-07-11 00:00:00.0000000,E11.9,Type 2 diabetes mellitus without complications,,ICD10,2215.0
2215,13353612994,114734863,2018-10-23 00:00:00.0000000,H40.1212,"Low-tension glaucoma, right eye, moderate stage","Low tension glaucoma of right eye, moderate stage",ICD10,2216.0
2216,13339987805,114734863,2018-05-07 00:00:00.0000000,I50.43,Acute on chronic combined systolic (congestive) and diastolic (congestive) heart failure,Acute on chronic combined systolic and diastolic congestive heart failure,ICD10,2217.0
2217,13334499889,114734863,2018-01-03 00:00:00.0000000,Z79.4,Long term (current) use of insulin,"Type 2 diabetes mellitus with other circulatory complication, with long-term current use of insulin",ICD10,2218.0
2218,13482709793,114734863,2021-02-06 00:00:00.0000000,K21.9,Gastro-esophageal reflux disease without esophagitis,"Gastroesophageal reflux disease, esophagitis presence not specified",ICD10,2219.0
2219,13477014087,114734863,2020-09-15 00:00:00.0000000,E78.00,,Pure hypercholesterolemia,ICD10,2220.0
2220,13447958363,114734863,2020-04-28 00:00:00.0000000,I25.10,Atherosclerotic heart disease of native coronary artery without angina pectoris,Chronic coronary artery disease,ICD10,2221.0
2221,13603558111,114734863,2022-09-13 00:00:00.0000000,A04.72,,Clostridioides difficile diarrhea,ICD10,2222.0
2222,13331080033,114734863,2017-12-23 00:00:00.0000000,E66.01,Morbid (severe) obesity due to excess calories,Morbid obesity due to excess calories,ICD10,2223.0
2223,13377635945,114734863,2019-04-23 00:00:00.0000000,R06.09,Other forms of dyspnea,Dyspnea on exertion,ICD10,2224.0
2224,10555429103,114734863,2016-09-26 00:00:00.0000000,I25.10,Atherosclerotic heart disease of native coronary artery without angina pectoris,,ICD10,2225.0
2225,13535973488,114734863,2021-09-18 00:00:00.0000000,E11.21,Type 2 diabetes mellitus with diabetic nephropathy,Diabetic nephropathy associated with type 2 diabetes mellitus,ICD10,2226.0
2226,13377635945,114734863,2019-04-23 00:00:00.0000000,I50.33,Acute on chronic diastolic (congestive) heart failure,Acute on chronic diastolic congestive heart failure,ICD10,2227.0
2227,13339987805,114734863,2018-05-07 00:00:00.0000000,I72.9,Aneurysm of unspecified site,Aneurysm,ICD10,2228.0
2228,13507522963,114734863,2021-04-13 00:00:00.0000000,I25.10,Atherosclerotic heart disease of native coronary artery without angina pectoris,Chronic coronary artery disease,ICD10,2229.0
2229,13605088575,114734863,2022-09-13 00:00:00.0000000,Z79.4,Long term (current) use of insulin,"Type 2 diabetes mellitus with right eye affected by mild nonproliferative retinopathy without macular edema, with long-term current use of insulin",ICD10,2230.0
2230,10473160335,114734863,2016-10-09 00:00:00.0000000,Z91.81,History of falling,,ICD10,2231.0
2231,13507518489,114734863,2021-10-12 00:00:00.0000000,R41.89,Other symptoms and signs involving cognitive functions and awareness,Cognitive decline,ICD10,2232.0
2232,13540684535,114734863,2022-05-10 00:00:00.0000000,,,Obstructive sleep apnea syndrome,ICD10,2233.0
2233,13445808437,114734863,2020-03-09 00:00:00.0000000,E11.3293,,"Type 2 diabetes mellitus with both eyes affected by mild nonproliferative retinopathy without macular edema, with long-term current use of insulin",ICD10,2234.0
2234,13371771292,114734863,2018-12-19 00:00:00.0000000,I65.23,Occlusion and stenosis of bilateral carotid arteries,Bilateral carotid artery stenosis,ICD10,2235.0
2235,13329907489,114734863,2017-10-07 00:00:00.0000000,I25.10,Atherosclerotic heart disease of native coronary artery without angina pectoris,Chronic coronary artery disease,ICD10,2236.0
2236,13443291951,114734863,2020-02-19 00:00:00.0000000,I50.32,Chronic diastolic (congestive) heart failure,Chronic diastolic congestive heart failure,ICD10,2237.0
2237,13669929030,114734863,2023-07-19 00:00:00.0000000,R41.3,Other amnesia,Memory impairment,ICD10,2238.0
2238,13461438872,114734863,2020-12-08 00:00:00.0000000,Z79.4,Long term (current) use of insulin,"Type 2 diabetes mellitus with both eyes affected by mild nonproliferative retinopathy without macular edema, with long-term current use of insulin",ICD10,2239.0
2239,13579282929,114734863,2022-10-18 00:00:00.0000000,,,Stage 3a chronic kidney disease,ICD10,2240.0
2240,13674003575,114734863,2023-07-31 00:00:00.0000000,R19.7,"Diarrhea, unspecified","Diarrhea, unspecified type",ICD10,2241.0
2241,13372264424,114734863,2018-09-18 00:00:00.0000000,E11.59,,"Type 2 diabetes mellitus with other circulatory complication, with long-term current use of insulin",ICD10,2242.0
2242,13482627158,114734863,2021-04-24 00:00:00.0000000,I13.10,"Hypertensive heart and chronic kidney disease without heart failure, with stage 1 through stage 4 chronic kidney disease, or unspecified chronic kidney disease",Cardiorenal syndrome with renal failure,ICD10,2243.0
2243,13540686435,114734863,2021-10-12 00:00:00.0000000,Z79.4,Long term (current) use of insulin,"Type 2 diabetes mellitus with both eyes affected by mild nonproliferative retinopathy without macular edema, with long-term current use of insulin",ICD10,2244.0
2244,13299706553,114734863,2016-12-03 00:00:00.0000000,I65.23,Occlusion and stenosis of bilateral carotid arteries,"Carotid artery stenosis, bilateral",ICD10,2245.0
2245,13661865777,114734863,2023-06-05 00:00:00.0000000,Z79.4,Long term (current) use of insulin,"Type 2 diabetes mellitus with diabetic peripheral angiopathy without gangrene, with long-term current use of insulin",ICD10,2246.0
2246,13607416327,114734863,2022-09-07 00:00:00.0000000,R33.8,Other retention of urine,Benign prostatic hyperplasia with urinary retention,ICD10,2247.0
2247,13601115702,114734863,2022-08-07 00:00:00.0000000,,,Health care maintenance,ICD10,2248.0
2248,13355916717,114734863,2018-10-30 00:00:00.0000000,E11.59,,"Type 2 diabetes mellitus with other circulatory complication, with long-term current use of insulin",ICD10,2249.0
2249,13540686435,114734863,2021-10-12 00:00:00.0000000,E66.01,Morbid (severe) obesity due to excess calories,Morbid obesity due to excess calories,ICD10,2250.0
2250,13664880276,114734863,2023-06-17 00:00:00.0000000,L89.522,"Pressure ulcer of left ankle, stage 2","Decubitus ulcer of left ankle, stage 2",ICD10,2251.0
2251,13540684535,114734863,2022-05-10 00:00:00.0000000,,,Health care maintenance,ICD10,2252.0
2252,13516566349,114734863,2021-10-05 00:00:00.0000000,E11.3293,,"Type 2 diabetes mellitus with both eyes affected by mild nonproliferative retinopathy without macular edema, with long-term current use of insulin",ICD10,2253.0
2253,13434107763,114734863,2019-12-18 00:00:00.0000000,I50.32,Chronic diastolic (congestive) heart failure,Chronic diastolic congestive heart failure,ICD10,2254.0
2254,13563731299,114734863,2022-03-29 00:00:00.0000000,,,Obstructive sleep apnea syndrome,ICD10,2255.0
2255,13583720188,114734863,2022-05-10 00:00:00.0000000,,,Health care maintenance,ICD10,2256.0
2256,13594935397,114734863,2022-07-05 00:00:00.0000000,R06.09,Other forms of dyspnea,Dyspnea on exertion,ICD10,2257.0
2257,13608043913,114734863,2022-09-14 00:00:00.0000000,,,"Heart failure with preserved ejection fraction, unspecified HF chronicity",ICD10,2258.0
2258,13612654406,114734863,2022-10-16 00:00:00.0000000,M25.541,,Arthralgia of both hands,ICD10,2259.0
2259,13339987805,114734863,2018-05-07 00:00:00.0000000,E66.01,Morbid (severe) obesity due to excess calories,Morbid obesity due to excess calories,ICD10,2260.0
2260,13649708537,114734863,2023-04-04 00:00:00.0000000,R33.9,"Retention of urine, unspecified",Urine retention,ICD10,2261.0
2261,13372264424,114734863,2018-09-18 00:00:00.0000000,E66.01,Morbid (severe) obesity due to excess calories,Morbid obesity due to excess calories,ICD10,2262.0
2262,13661865777,114734863,2023-06-05 00:00:00.0000000,J98.6,Disorders of diaphragm,Hemidiaphragm paralysis,ICD10,2263.0
2263,13507213825,114734863,2021-04-13 00:00:00.0000000,I27.20,,Pulmonary hypertension,ICD10,2264.0
2264,13610082263,114734863,2022-09-21 00:00:00.0000000,K35.33,,Appendiceal abscess,ICD10,2265.0
2265,13372264424,114734863,2018-09-18 00:00:00.0000000,I50.42,Chronic combined systolic (congestive) and diastolic (congestive) heart failure,Chronic combined systolic and diastolic congestive heart failure,ICD10,2266.0
2266,13507518489,114734863,2021-10-12 00:00:00.0000000,I27.20,,Pulmonary hypertension,ICD10,2267.0
2267,13329236305,114734863,2017-10-17 00:00:00.0000000,E78.2,Mixed hyperlipidemia,Mixed hyperlipidemia,ICD10,2268.0
2268,13613916046,114734863,2022-10-11 00:00:00.0000000,R19.7,"Diarrhea, unspecified",Diarrhea,ICD10,2269.0
2269,13658468540,114734863,2023-05-21 00:00:00.0000000,Z79.4,Long term (current) use of insulin,"Type 2 diabetes mellitus with right eye affected by mild nonproliferative retinopathy without macular edema, with long-term current use of insulin",ICD10,2270.0
2270,10529003506,114734863,2016-05-11 00:00:00.0000000,Z95.1,Presence of aortocoronary bypass graft,,ICD10,2271.0
2271,10703215084,114734863,2016-07-11 00:00:00.0000000,Z79.4,Long term (current) use of insulin,,ICD10,2272.0
2272,13339987805,114734863,2018-05-07 00:00:00.0000000,,,Health care maintenance,ICD10,2273.0
2273,13355925412,114734863,2018-05-07 00:00:00.0000000,,,"Chronic kidney disease, stage III (moderate)",ICD10,2274.0
2274,13608774295,114734863,2022-09-19 00:00:00.0000000,K35.33,,Appendiceal abscess,ICD10,2275.0
2275,13676060266,114734863,2023-08-13 00:00:00.0000000,U07.1,,COVID-19,ICD10,2276.0
2276,13639468538,114734863,2023-03-13 00:00:00.0000000,I34.2,Nonrheumatic mitral (valve) stenosis,Nonrheumatic mitral valve stenosis with insufficiency,ICD10,2277.0
2277,13391380517,114734863,2019-06-19 00:00:00.0000000,,,OSA (obstructive sleep apnea),ICD10,2278.0
2278,13453838843,114734863,2020-10-20 00:00:00.0000000,I10,Essential (primary) hypertension,Essential hypertension,ICD10,2279.0
2279,13429184713,114734863,2020-04-21 00:00:00.0000000,H40.1223,"Low-tension glaucoma, left eye, severe stage","Low-tension glaucoma of left eye, severe stage",ICD10,2280.0
2280,13327829854,114734863,2017-09-05 00:00:00.0000000,I51.89,Other ill-defined heart diseases,Other ill-defined heart diseases,ICD10,2281.0
2281,13603440000,114734863,2022-09-12 00:00:00.0000000,K35.32,,Perforated appendicitis,ICD10,2282.0
2282,10456957221,114734863,2016-11-02 00:00:00.0000000,Z95.1,Presence of aortocoronary bypass graft,,ICD10,2283.0
2283,13296562611,114734863,2016-11-30 00:00:00.0000000,I10,Essential (primary) hypertension,Essential hypertension,ICD10,2284.0
2284,13482627158,114734863,2021-04-24 00:00:00.0000000,E11.21,Type 2 diabetes mellitus with diabetic nephropathy,Diabetic nephropathy associated with type 2 diabetes mellitus,ICD10,2285.0
2285,13606325309,114734863,2022-09-04 00:00:00.0000000,R53.1,Weakness,Asthenia,ICD10,2286.0
2286,13676064215,114734863,2023-08-13 00:00:00.0000000,U07.1,,COVID-19,ICD10,2287.0
2287,13482708956,114734863,2020-10-20 00:00:00.0000000,R06.09,Other forms of dyspnea,Dyspnea on exertion,ICD10,2288.0
2288,10529003506,114734863,2016-05-11 00:00:00.0000000,E78.5,"Hyperlipidemia, unspecified",,ICD10,2289.0
2289,13357853226,114734863,2018-05-29 00:00:00.0000000,I65.22,Occlusion and stenosis of left carotid artery,Asymptomatic stenosis of left carotid artery,ICD10,2290.0
2290,13640677282,114734863,2023-02-19 00:00:00.0000000,Z93.59,Other cystostomy status,Chronic suprapubic catheter,ICD10,2291.0
2291,13620265240,114734863,2023-02-18 00:00:00.0000000,,,Health care maintenance,ICD10,2292.0
2292,13619610936,114734863,2022-11-12 00:00:00.0000000,K35.32,,Perforated appendicitis,ICD10,2293.0
2293,13461438872,114734863,2020-12-08 00:00:00.0000000,Z79.4,Long term (current) use of insulin,"Type 2 diabetes mellitus with other circulatory complication, with long-term current use of insulin",ICD10,2294.0
2294,13445808437,114734863,2020-03-09 00:00:00.0000000,Z91.81,History of falling,At risk for falls,ICD10,2295.0
2295,13499703358,114734863,2021-02-27 00:00:00.0000000,R19.7,"Diarrhea, unspecified","Diarrhea, unspecified type",ICD10,2296.0
2296,13601115702,114734863,2022-08-07 00:00:00.0000000,I25.10,Atherosclerotic heart disease of native coronary artery without angina pectoris,Coronary artery disease involving native coronary artery of native heart without angina pectoris,ICD10,2297.0
2297,13353196772,114734863,2018-10-23 00:00:00.0000000,I27.20,,Pulmonary hypertension,ICD10,2298.0
2298,13602759294,114734863,2022-08-15 00:00:00.0000000,K35.33,,Appendiceal abscess,ICD10,2299.0
2299,13599229554,114734863,2022-07-27 00:00:00.0000000,R18.8,Other ascites,Abdominal fluid collection,ICD10,2300.0
2300,13611854936,114734863,2022-10-02 00:00:00.0000000,B35.6,Tinea cruris,Tinea cruris,ICD10,2301.0
2301,13507213825,114734863,2021-04-13 00:00:00.0000000,,,"Chronic kidney disease, stage III (moderate)",ICD10,2302.0
2302,13619099224,114734863,2022-12-03 00:00:00.0000000,H35.361,"Drusen (degenerative) of macula, right eye",Drusen of right macula,ICD10,2303.0
2303,13594935397,114734863,2022-07-05 00:00:00.0000000,N17.9,"Acute kidney failure, unspecified","Acute renal failure, unspecified acute renal failure type",ICD10,2304.0
2304,13379700774,114734863,2019-02-13 00:00:00.0000000,I27.20,,Pulmonary hypertension,ICD10,2305.0
2305,13318023550,114734863,2017-12-23 00:00:00.0000000,,,Carotid artery stenosis,ICD10,2306.0
2306,13355925412,114734863,2018-05-07 00:00:00.0000000,Z79.4,Long term (current) use of insulin,"Type 2 diabetes mellitus with other circulatory complication, with long-term current use of insulin",ICD10,2307.0
2307,13612654406,114734863,2022-10-16 00:00:00.0000000,M25.542,,Arthralgia of both hands,ICD10,2308.0
2308,13666663225,114734863,2023-06-24 00:00:00.0000000,E11.622,,Diabetic skin ulcer,ICD10,2309.0
2309,13379353862,114734863,2018-11-12 00:00:00.0000000,I50.33,Acute on chronic diastolic (congestive) heart failure,Acute on chronic diastolic congestive heart failure,ICD10,2310.0
2310,13619099224,114734863,2022-12-03 00:00:00.0000000,E11.3291,,"Type 2 diabetes mellitus with right eye affected by mild nonproliferative retinopathy without macular edema, with long-term current use of insulin",ICD10,2311.0
2311,13453838843,114734863,2020-10-20 00:00:00.0000000,,,"Chronic kidney disease, stage III (moderate)",ICD10,2312.0
2312,13408065123,114734863,2019-06-18 00:00:00.0000000,H40.1212,"Low-tension glaucoma, right eye, moderate stage","Low tension glaucoma of right eye, moderate stage",ICD10,2313.0
2313,13422734563,114734863,2019-10-07 00:00:00.0000000,,,(HFpEF) heart failure with preserved ejection fraction,ICD10,2314.0
2314,13609581525,114734863,2022-09-19 00:00:00.0000000,,,Chronic systolic congestive heart failure,ICD10,2315.0
2315,13401808896,114734863,2019-11-05 00:00:00.0000000,E11.21,Type 2 diabetes mellitus with diabetic nephropathy,Diabetic nephropathy associated with type 2 diabetes mellitus,ICD10,2316.0
2316,13507213825,114734863,2021-04-13 00:00:00.0000000,,,Severe persistent asthma without complication,ICD10,2317.0
2317,13372444041,114734863,2019-01-22 00:00:00.0000000,Z79.4,Long term (current) use of insulin,"Type 2 diabetes mellitus with other circulatory complication, with long-term current use of insulin",ICD10,2318.0
2318,13355925412,114734863,2018-05-07 00:00:00.0000000,I34.0,Nonrheumatic mitral (valve) insufficiency,Nonrheumatic mitral valve stenosis with insufficiency,ICD10,2319.0
2319,13579282929,114734863,2022-10-18 00:00:00.0000000,I27.20,,Pulmonary hypertension,ICD10,2320.0
2320,13638217844,114734863,2023-02-05 00:00:00.0000000,E78.00,,Pure hypercholesterolemia,ICD10,2321.0
2321,13355916717,114734863,2018-10-30 00:00:00.0000000,,,"Chronic kidney disease, stage III (moderate)",ICD10,2322.0
2322,13339987805,114734863,2018-05-07 00:00:00.0000000,Z79.4,Long term (current) use of insulin,"Type 2 diabetes mellitus with other circulatory complication, with long-term current use of insulin",ICD10,2323.0
2323,13583693221,114734863,2022-11-12 00:00:00.0000000,Z71.89,Other specified counseling,Advance care planning,ICD10,2324.0
2324,13608544370,114734863,2022-10-16 00:00:00.0000000,K35.33,,"Abscess, periappendiceal",ICD10,2325.0
2325,13325132911,114734863,2017-08-16 00:00:00.0000000,E78.00,,Pure hypercholesterolemia,ICD10,2326.0
2326,13451321501,114734863,2020-04-14 00:00:00.0000000,I50.32,Chronic diastolic (congestive) heart failure,Chronic diastolic congestive heart failure,ICD10,2327.0
2327,13296305671,114734863,2017-04-26 00:00:00.0000000,E66.01,Morbid (severe) obesity due to excess calories,Morbid obesity due to excess calories,ICD10,2328.0
2328,13606325309,114734863,2022-09-04 00:00:00.0000000,F32.A,,Depressive disorder,ICD10,2329.0
2329,13482708956,114734863,2020-10-20 00:00:00.0000000,I50.32,Chronic diastolic (congestive) heart failure,Chronic diastolic congestive heart failure,ICD10,2330.0
2330,13507213825,114734863,2021-04-13 00:00:00.0000000,Z79.4,Long term (current) use of insulin,"Type 2 diabetes mellitus with both eyes affected by mild nonproliferative retinopathy without macular edema, with long-term current use of insulin",ICD10,2331.0
2331,13296305671,114734863,2017-04-26 00:00:00.0000000,R06.09,Other forms of dyspnea,Dyspnea on exertion,ICD10,2332.0
2332,13611854936,114734863,2022-10-02 00:00:00.0000000,I50.32,Chronic diastolic (congestive) heart failure,Chronic heart failure with preserved ejection fraction,ICD10,2333.0
2333,13482708956,114734863,2020-10-20 00:00:00.0000000,I50.32,Chronic diastolic (congestive) heart failure,Chronic diastolic (congestive) heart failure,ICD10,2334.0
2334,13422991045,114734863,2020-02-04 00:00:00.0000000,E66.01,Morbid (severe) obesity due to excess calories,Morbid obesity due to excess calories,ICD10,2335.0
2335,13667235864,114734863,2023-06-27 00:00:00.0000000,L89.523,"Pressure ulcer of left ankle, stage 3","Decubitus ulcer of left ankle, stage 3",ICD10,2336.0
2336,13409073438,114734863,2019-06-25 00:00:00.0000000,,,Obstructive sleep apnea of adult,ICD10,2337.0
2337,10456957221,114734863,2016-11-02 00:00:00.0000000,K21.9,Gastro-esophageal reflux disease without esophagitis,,ICD10,2338.0
2338,13558375868,114734863,2022-01-01 00:00:00.0000000,I13.10,"Hypertensive heart and chronic kidney disease without heart failure, with stage 1 through stage 4 chronic kidney disease, or unspecified chronic kidney disease",Cardiorenal syndrome with renal failure,ICD10,2339.0
2339,13669929030,114734863,2023-07-19 00:00:00.0000000,,,Diarrhea of infectious origin,ICD10,2340.0
2340,13445808437,114734863,2020-03-09 00:00:00.0000000,E66.01,Morbid (severe) obesity due to excess calories,Morbid obesity due to excess calories,ICD10,2341.0
2341,13332219064,114734863,2017-10-16 00:00:00.0000000,I25.10,Atherosclerotic heart disease of native coronary artery without angina pectoris,Atherosclerosis of native coronary artery of native heart without angina pectoris,ICD10,2342.0
2342,13372444041,114734863,2019-01-22 00:00:00.0000000,,,"Chronic kidney disease, stage III (moderate)",ICD10,2343.0
2343,13453838843,114734863,2020-10-20 00:00:00.0000000,Z91.81,History of falling,At risk for falls,ICD10,2344.0
2344,13364176388,114734863,2018-07-11 00:00:00.0000000,,,"CKD (chronic kidney disease) stage 3, GFR 30-59 ml/min",ICD10,2345.0
2345,13488500048,114734863,2020-12-09 00:00:00.0000000,E11.59,,"Type 2 diabetes mellitus with other circulatory complication, with long-term current use of insulin",ICD10,2346.0
2346,13583711040,114734863,2022-11-12 00:00:00.0000000,Z79.4,Long term (current) use of insulin,"Type 2 diabetes mellitus with right eye affected by mild nonproliferative retinopathy without macular edema, with long-term current use of insulin",ICD10,2347.0
2347,13316838612,114734863,2017-05-23 00:00:00.0000000,R06.02,Shortness of breath,Shortness of breath,ICD10,2348.0
2348,13507213825,114734863,2021-04-13 00:00:00.0000000,I65.23,Occlusion and stenosis of bilateral carotid arteries,Bilateral carotid artery stenosis,ICD10,2349.0
2349,13482708956,114734863,2020-10-20 00:00:00.0000000,I34.0,Nonrheumatic mitral (valve) insufficiency,Nonrheumatic mitral valve stenosis with insufficiency,ICD10,2350.0
2350,13465207021,114734863,2020-07-01 00:00:00.0000000,,,"Chronic kidney disease, stage III (moderate)",ICD10,2351.0
2351,13453838843,114734863,2020-10-20 00:00:00.0000000,R06.09,Other forms of dyspnea,Dyspnea on exertion,ICD10,2352.0
2352,13417959250,114734863,2019-09-02 00:00:00.0000000,I50.32,Chronic diastolic (congestive) heart failure,Chronic diastolic congestive heart failure,ICD10,2353.0
2353,13400491185,114734863,2019-10-07 00:00:00.0000000,I50.33,Acute on chronic diastolic (congestive) heart failure,Acute on chronic diastolic congestive heart failure,ICD10,2354.0
2354,13662091610,114734863,2023-06-04 00:00:00.0000000,S61.209A,"Unspecified open wound of unspecified finger without damage to nail, initial encounter","Avulsion of finger tip, initial encounter",ICD10,2355.0
2355,13509051573,114734863,2021-10-26 00:00:00.0000000,I44.2,"Atrioventricular block, complete","Atrioventricular block, complete",ICD10,2356.0
2356,13334499889,114734863,2018-01-03 00:00:00.0000000,I50.20,Unspecified systolic (congestive) heart failure,"Systolic congestive heart failure, unspecified congestive heart failure chronicity",ICD10,2357.0
2357,13388585461,114734863,2019-05-28 00:00:00.0000000,E66.01,Morbid (severe) obesity due to excess calories,Morbid obesity due to excess calories,ICD10,2358.0
2358,13658468540,114734863,2023-05-21 00:00:00.0000000,,,Diarrhea of infectious origin,ICD10,2359.0
2359,13507213825,114734863,2021-04-13 00:00:00.0000000,I50.32,Chronic diastolic (congestive) heart failure,Chronic diastolic (congestive) heart failure,ICD10,2360.0
2360,13507213825,114734863,2021-04-13 00:00:00.0000000,E11.3293,,"Type 2 diabetes mellitus with both eyes affected by mild nonproliferative retinopathy without macular edema, with long-term current use of insulin",ICD10,2361.0
2361,13415755996,114734863,2019-08-19 00:00:00.0000000,E78.2,Mixed hyperlipidemia,Mixed hyperlipidemia,ICD10,2362.0
2362,13602759294,114734863,2022-08-15 00:00:00.0000000,R05.9,,Cough,ICD10,2363.0
2363,13465207021,114734863,2020-07-01 00:00:00.0000000,,,Hyperlipidemia LDL goal <70,ICD10,2364.0
2364,13552068499,114734863,2021-12-04 00:00:00.0000000,E11.59,,"Type 2 diabetes mellitus with other circulatory complication, with long-term current use of insulin",ICD10,2365.0
2365,13355916717,114734863,2018-10-30 00:00:00.0000000,I10,Essential (primary) hypertension,Essential hypertension,ICD10,2366.0
2366,13355925412,114734863,2018-05-07 00:00:00.0000000,I25.10,Atherosclerotic heart disease of native coronary artery without angina pectoris,"Coronary artery disease involving native coronary artery, angina presence unspecified, unspecified whether native or transplanted heart",ICD10,2367.0
2367,13661557041,114734863,2023-06-07 00:00:00.0000000,R54,Age-related physical debility,Frailty,ICD10,2368.0
2368,13557327200,114734863,2021-12-26 00:00:00.0000000,E11.3293,,"Type 2 diabetes mellitus with both eyes affected by mild nonproliferative retinopathy without macular edema, with long-term current use of insulin",ICD10,2369.0
2369,13355916717,114734863,2018-10-30 00:00:00.0000000,I50.33,Acute on chronic diastolic (congestive) heart failure,Acute on chronic diastolic congestive heart failure,ICD10,2370.0
2370,13465207021,114734863,2020-07-01 00:00:00.0000000,I50.33,Acute on chronic diastolic (congestive) heart failure,Acute on chronic diastolic congestive heart failure,ICD10,2371.0
2371,13299965978,114734863,2016-12-05 00:00:00.0000000,,,"Carotid stenosis, unspecified laterality",ICD10,2372.0
2372,13450895586,114734863,2020-05-05 00:00:00.0000000,I50.32,Chronic diastolic (congestive) heart failure,Chronic diastolic (congestive) heart failure,ICD10,2373.0
2373,13453838843,114734863,2020-10-20 00:00:00.0000000,E11.3293,,"Type 2 diabetes mellitus with both eyes affected by mild nonproliferative retinopathy without macular edema, with long-term current use of insulin",ICD10,2374.0
2374,13432238679,114734863,2019-12-07 00:00:00.0000000,I50.32,Chronic diastolic (congestive) heart failure,Chronic diastolic congestive heart failure,ICD10,2375.0
2375,13445872317,114734863,2020-03-08 00:00:00.0000000,,,Severe persistent asthma without complication,ICD10,2376.0
2376,13357369396,114734863,2018-05-20 00:00:00.0000000,R69,"Illness, unspecified",Diagnosis unknown,ICD10,2377.0
2377,13590254371,114734863,2022-06-13 00:00:00.0000000,R53.1,Weakness,Weakness,ICD10,2378.0
2378,13400494805,114734863,2019-04-23 00:00:00.0000000,I72.9,Aneurysm of unspecified site,Aneurysm,ICD10,2379.0
2379,13453838843,114734863,2020-10-20 00:00:00.0000000,,,Obstructive sleep apnea syndrome,ICD10,2380.0
2380,13601115702,114734863,2022-08-07 00:00:00.0000000,Z91.81,History of falling,At risk for falls,ICD10,2381.0
2381,13380620059,114734863,2018-11-21 00:00:00.0000000,,,"Asymptomatic carotid artery stenosis, unspecified laterality",ICD10,2382.0
2382,13664880276,114734863,2023-06-17 00:00:00.0000000,,,"Heart failure with preserved ejection fraction, unspecified HF chronicity",ICD10,2383.0
2383,13292421749,114734863,2016-10-09 00:00:00.0000000,,,Chronic disease education,ICD10,2384.0
2384,13644334588,114734863,2023-03-08 00:00:00.0000000,M25.562,Pain in left knee,"Left knee pain, unspecified chronicity",ICD10,2385.0
2385,13667235864,114734863,2023-06-27 00:00:00.0000000,A04.71,,Recurrent Clostridioides difficile diarrhea,ICD10,2386.0
2386,13672506085,114734863,2023-07-23 00:00:00.0000000,M25.642,"Stiffness of left hand, not elsewhere classified","Stiffness of joint, hand, left",ICD10,2387.0
2387,13574735169,114734863,2022-03-26 00:00:00.0000000,E11.21,Type 2 diabetes mellitus with diabetic nephropathy,Diabetic nephropathy associated with type 2 diabetes mellitus,ICD10,2388.0
2388,13583711040,114734863,2022-11-12 00:00:00.0000000,E11.3291,,"Type 2 diabetes mellitus with right eye affected by mild nonproliferative retinopathy without macular edema, with long-term current use of insulin",ICD10,2389.0
2389,13605627709,114734863,2022-08-30 00:00:00.0000000,,,Medication management,ICD10,2390.0
2390,13639468538,114734863,2023-03-13 00:00:00.0000000,I25.10,Atherosclerotic heart disease of native coronary artery without angina pectoris,Coronary artery disease involving native coronary artery of native heart without angina pectoris,ICD10,2391.0
2391,13609581525,114734863,2022-09-19 00:00:00.0000000,Z79.4,Long term (current) use of insulin,"Type 2 diabetes mellitus with right eye affected by mild nonproliferative retinopathy without macular edema, with long-term current use of insulin",ICD10,2392.0
2392,13516566349,114734863,2021-10-05 00:00:00.0000000,Z79.4,Long term (current) use of insulin,"Type 2 diabetes mellitus with both eyes affected by mild nonproliferative retinopathy without macular edema, with long-term current use of insulin",ICD10,2393.0
2393,13340015772,114734863,2017-12-23 00:00:00.0000000,I34.2,Nonrheumatic mitral (valve) stenosis,Nonrheumatic mitral valve stenosis with insufficiency,ICD10,2394.0
2394,13400494805,114734863,2019-04-23 00:00:00.0000000,,,Health care maintenance,ICD10,2395.0
2395,13642454435,114734863,2023-02-27 00:00:00.0000000,D50.9,"Iron deficiency anemia, unspecified","Iron deficiency anemia, unspecified iron deficiency anemia type",ICD10,2396.0
2396,13305500656,114734863,2017-05-23 00:00:00.0000000,I25.10,Atherosclerotic heart disease of native coronary artery without angina pectoris,Chronic coronary artery disease,ICD10,2397.0
2397,13661557041,114734863,2023-06-07 00:00:00.0000000,L98.491,Non-pressure chronic ulcer of skin of other sites limited to breakdown of skin,"Skin ulcer, limited to breakdown of skin",ICD10,2398.0
2398,13346620868,114734863,2018-02-19 00:00:00.0000000,H40.1232,"Low-tension glaucoma, bilateral, moderate stage","Low-tension glaucoma of both eyes, moderate stage",ICD10,2399.0
2399,13670708949,114734863,2023-07-23 00:00:00.0000000,M79.602,Pain in left arm,Left arm pain,ICD10,2400.0
2400,13453854995,114734863,2020-10-20 00:00:00.0000000,,,"Chronic kidney disease, stage III (moderate)",ICD10,2401.0
2401,13375397253,114734863,2018-10-13 00:00:00.0000000,,,"CKD (chronic kidney disease) stage 3, GFR 30-59 ml/min",ICD10,2402.0
2402,10530828409,114734863,2016-10-04 00:00:00.0000000,R06.02,Shortness of breath,,ICD10,2403.0
2403,13450895586,114734863,2020-05-05 00:00:00.0000000,I34.2,Nonrheumatic mitral (valve) stenosis,Nonrheumatic mitral valve stenosis with insufficiency,ICD10,2404.0
2404,13639672768,114734863,2023-02-13 00:00:00.0000000,A04.72,,Clostridioides difficile diarrhea,ICD10,2405.0
2405,13327805306,114734863,2017-09-05 00:00:00.0000000,R06.09,Other forms of dyspnea,Dyspnea on exertion,ICD10,2406.0
2406,13616507083,114734863,2022-11-01 00:00:00.0000000,Z01.810,Encounter for preprocedural cardiovascular examination,Preoperative cardiovascular examination,ICD10,2407.0
2407,13379700774,114734863,2019-02-13 00:00:00.0000000,R69,"Illness, unspecified",Diagnosis unknown,ICD10,2408.0
2408,13661865777,114734863,2023-06-05 00:00:00.0000000,R53.81,Other malaise,Physical deconditioning,ICD10,2409.0
2409,13400491185,114734863,2019-10-07 00:00:00.0000000,E11.3293,,"Type 2 diabetes mellitus with both eyes affected by mild nonproliferative retinopathy without macular edema, with long-term current use of insulin",ICD10,2410.0
2410,13408880612,114734863,2019-06-24 00:00:00.0000000,E11.3211,,Mild nonproliferative diabetic retinopathy of right eye with macular edema associated with type 2 diabetes mellitus,ICD10,2411.0
2411,13668930046,114734863,2023-07-08 00:00:00.0000000,L89.521,"Pressure ulcer of left ankle, stage 1","Decubitus ulcer of left ankle, stage 1",ICD10,2412.0
2412,13400472441,114734863,2019-10-07 00:00:00.0000000,I50.33,Acute on chronic diastolic (congestive) heart failure,Acute on chronic diastolic (congestive) heart failure,ICD10,2413.0
2413,13608167276,114734863,2022-09-13 00:00:00.0000000,K35.33,,Appendiceal abscess,ICD10,2414.0
2414,13450895586,114734863,2020-05-05 00:00:00.0000000,I34.0,Nonrheumatic mitral (valve) insufficiency,Nonrheumatic mitral valve stenosis with insufficiency,ICD10,2415.0
2415,13312301914,114734863,2017-06-24 00:00:00.0000000,E11.59,,"Type 2 diabetes mellitus with other circulatory complication, with long-term current use of insulin",ICD10,2416.0
2416,13296305671,114734863,2017-04-26 00:00:00.0000000,I34.0,Nonrheumatic mitral (valve) insufficiency,Nonrheumatic mitral valve stenosis with insufficiency,ICD10,2417.0
2417,13666169148,114734863,2023-07-01 00:00:00.0000000,Z20.822,,Encounter for preoperative screening laboratory testing for COVID-19 virus,ICD10,2418.0
2418,13306436556,114734863,2017-08-07 00:00:00.0000000,Z79.4,Long term (current) use of insulin,"Type 2 diabetes mellitus with other circulatory complication, with long-term current use of insulin",ICD10,2419.0
2419,13641872269,114734863,2023-02-25 00:00:00.0000000,I50.32,Chronic diastolic (congestive) heart failure,Chronic heart failure with preserved ejection fraction,ICD10,2420.0
2420,13482708956,114734863,2020-10-20 00:00:00.0000000,Z79.4,Long term (current) use of insulin,"Type 2 diabetes mellitus with both eyes affected by mild nonproliferative retinopathy without macular edema, with long-term current use of insulin",ICD10,2421.0
2421,13329201477,114734863,2017-10-23 00:00:00.0000000,,,"Chronic kidney disease, stage III (moderate)",ICD10,2422.0
2422,13400494805,114734863,2019-04-23 00:00:00.0000000,I65.23,Occlusion and stenosis of bilateral carotid arteries,Bilateral carotid artery stenosis,ICD10,2423.0
2423,13563731299,114734863,2022-03-29 00:00:00.0000000,,,Chronic systolic heart failure,ICD10,2424.0
2424,10530828409,114734863,2016-10-04 00:00:00.0000000,I25.10,Atherosclerotic heart disease of native coronary artery without angina pectoris,,ICD10,2425.0
2425,13364574745,114734863,2018-07-15 00:00:00.0000000,I10,Essential (primary) hypertension,Essential hypertension,ICD10,2426.0
2426,13599695903,114734863,2022-08-07 00:00:00.0000000,R33.8,Other retention of urine,Urinary retention due to benign prostatic hyperplasia,ICD10,2427.0
2427,13608043913,114734863,2022-09-14 00:00:00.0000000,K35.33,,Appendiceal abscess,ICD10,2428.0
2428,13306436556,114734863,2017-08-07 00:00:00.0000000,I50.42,Chronic combined systolic (congestive) and diastolic (congestive) heart failure,Chronic combined systolic and diastolic congestive heart failure,ICD10,2429.0
2429,13388585461,114734863,2019-05-28 00:00:00.0000000,I25.10,Atherosclerotic heart disease of native coronary artery without angina pectoris,Coronary artery disease involving native coronary artery of native heart without angina pectoris,ICD10,2430.0
2430,13666026219,114734863,2023-06-20 00:00:00.0000000,Z01.818,Encounter for other preprocedural examination,Preop testing,ICD10,2431.0
2431,13461438872,114734863,2020-12-08 00:00:00.0000000,E11.3293,,"Type 2 diabetes mellitus with both eyes affected by mild nonproliferative retinopathy without macular edema, with long-term current use of insulin",ICD10,2432.0
2432,13299966193,114734863,2016-12-17 00:00:00.0000000,I65.22,Occlusion and stenosis of left carotid artery,"Carotid stenosis, left",ICD10,2433.0
2433,13602280279,114734863,2022-08-14 00:00:00.0000000,T50.8X5D,"Adverse effect of diagnostic agents, subsequent encounter","Allergic reaction to contrast material, subsequent encounter",ICD10,2434.0
2434,13599695903,114734863,2022-08-07 00:00:00.0000000,I25.10,Atherosclerotic heart disease of native coronary artery without angina pectoris,Coronary artery disease involving native coronary artery of native heart without angina pectoris,ICD10,2435.0
2435,13392953340,114734863,2019-02-24 00:00:00.0000000,,,"CKD (chronic kidney disease) stage 3, GFR 30-59 ml/min",ICD10,2436.0
2436,13601115702,114734863,2022-08-07 00:00:00.0000000,R06.09,Other forms of dyspnea,Dyspnea on exertion,ICD10,2437.0
2437,13376768412,114734863,2019-06-22 00:00:00.0000000,H35.363,"Drusen (degenerative) of macula, bilateral",Drusen of macula of both eyes,ICD10,2438.0
2438,13540686435,114734863,2021-10-12 00:00:00.0000000,,,Obstructive sleep apnea syndrome,ICD10,2439.0
2439,13487705092,114734863,2020-12-02 00:00:00.0000000,K21.9,Gastro-esophageal reflux disease without esophagitis,Gastroesophageal reflux disease,ICD10,2440.0
2440,13406393044,114734863,2019-06-19 00:00:00.0000000,,,"Asymptomatic carotid artery stenosis, unspecified laterality",ICD10,2441.0
2441,13341280546,114734863,2018-01-02 00:00:00.0000000,I65.23,Occlusion and stenosis of bilateral carotid arteries,Bilateral carotid artery stenosis,ICD10,2442.0
2442,13353196772,114734863,2018-10-23 00:00:00.0000000,,,"Diastolic congestive heart failure, unspecified congestive heart failure chronicity",ICD10,2443.0
2443,13616507083,114734863,2022-11-01 00:00:00.0000000,I34.2,Nonrheumatic mitral (valve) stenosis,Nonrheumatic mitral valve stenosis with insufficiency,ICD10,2444.0
2444,13445808437,114734863,2020-03-09 00:00:00.0000000,Z79.4,Long term (current) use of insulin,"Type 2 diabetes mellitus with both eyes affected by mild nonproliferative retinopathy without macular edema, with long-term current use of insulin",ICD10,2445.0
2445,13660797935,114734863,2023-05-28 00:00:00.0000000,T59.811A,"Toxic effect of smoke, accidental (unintentional), initial encounter",Smoke inhalation,ICD10,2446.0
2446,13453854995,114734863,2020-10-20 00:00:00.0000000,I12.9,"Hypertensive chronic kidney disease with stage 1 through stage 4 chronic kidney disease, or unspecified chronic kidney disease",Hypertension with renal disease,ICD10,2447.0
2447,13364099521,114734863,2018-07-11 00:00:00.0000000,I50.9,"Heart failure, unspecified",Congestive heart failure,ICD10,2448.0
2448,13345288319,114734863,2018-06-05 00:00:00.0000000,,,"Chronic kidney disease, stage III (moderate)",ICD10,2449.0
2449,13482708956,114734863,2020-10-20 00:00:00.0000000,E11.3592,,Proliferative diabetic retinopathy of left eye without macular edema associated with type 2 diabetes mellitus,ICD10,2450.0
2450,13618730605,114734863,2022-11-05 00:00:00.0000000,R19.7,"Diarrhea, unspecified","Diarrhea, unspecified type",ICD10,2451.0
2451,13540686435,114734863,2021-10-12 00:00:00.0000000,E11.3293,,"Type 2 diabetes mellitus with both eyes affected by mild nonproliferative retinopathy without macular edema, with long-term current use of insulin",ICD10,2452.0
2452,13355916717,114734863,2018-10-30 00:00:00.0000000,R06.02,Shortness of breath,Shortness of breath,ICD10,2453.0
2453,13540684535,114734863,2022-05-10 00:00:00.0000000,I27.20,,Pulmonary hypertension,ICD10,2454.0
2454,13618212139,114734863,2022-11-01 00:00:00.0000000,R06.02,Shortness of breath,Shortness of breath,ICD10,2455.0
2455,13355925412,114734863,2018-05-07 00:00:00.0000000,I27.20,,Pulmonary hypertension,ICD10,2456.0
2456,13390663358,114734863,2019-05-04 00:00:00.0000000,I13.10,"Hypertensive heart and chronic kidney disease without heart failure, with stage 1 through stage 4 chronic kidney disease, or unspecified chronic kidney disease",Cardiorenal syndrome with renal failure,ICD10,2457.0
2457,13661865777,114734863,2023-06-05 00:00:00.0000000,I48.0,Paroxysmal atrial fibrillation,Paroxysmal atrial fibrillation,ICD10,2458.0
2458,13379353862,114734863,2018-11-12 00:00:00.0000000,E11.21,Type 2 diabetes mellitus with diabetic nephropathy,Diabetic nephropathy associated with type 2 diabetes mellitus,ICD10,2459.0
2459,10387975477,114734863,2016-10-04 00:00:00.0000000,R06.02,Shortness of breath,,ICD10,2460.0
2460,13465207021,114734863,2020-07-01 00:00:00.0000000,I10,Essential (primary) hypertension,Essential hypertension,ICD10,2461.0
2461,13644478892,114734863,2023-03-21 00:00:00.0000000,M17.9,"Osteoarthritis of knee, unspecified","Osteoarthritis of knee, unspecified",ICD10,2462.0
2462,13509051573,114734863,2021-10-26 00:00:00.0000000,I27.20,,Pulmonary hypertension,ICD10,2463.0
2463,13345924977,114734863,2018-02-13 00:00:00.0000000,E78.00,,Pure hypercholesterolemia,ICD10,2464.0
2464,13670456408,114734863,2023-07-15 00:00:00.0000000,L89.521,"Pressure ulcer of left ankle, stage 1","Decubitus ulcer of left ankle, stage 1",ICD10,2465.0
2465,13450895586,114734863,2020-05-05 00:00:00.0000000,I65.23,Occlusion and stenosis of bilateral carotid arteries,Bilateral carotid artery stenosis,ICD10,2466.0
2466,13607188762,114734863,2022-09-10 00:00:00.0000000,K35.33,,Appendiceal abscess,ICD10,2467.0
2467,13639689525,114734863,2023-02-13 00:00:00.0000000,R06.09,Other forms of dyspnea,Other forms of dyspnea,ICD10,2468.0
2468,13584326893,114734863,2022-05-14 00:00:00.0000000,M25.569,Pain in unspecified knee,Knee pain,ICD10,2469.0
2469,13353196528,114734863,2018-04-24 00:00:00.0000000,I34.2,Nonrheumatic mitral (valve) stenosis,Non-rheumatic mitral valve stenosis,ICD10,2470.0
2470,13372444041,114734863,2019-01-22 00:00:00.0000000,I25.10,Atherosclerotic heart disease of native coronary artery without angina pectoris,"Coronary artery disease involving native coronary artery, angina presence unspecified, unspecified whether native or transplanted heart",ICD10,2471.0
2471,13346791472,114734863,2018-04-21 00:00:00.0000000,H40.1293,"Low-tension glaucoma, unspecified eye, severe stage","Low tension glaucoma, severe stage, unspecified laterality",ICD10,2472.0
2472,13563731299,114734863,2022-03-29 00:00:00.0000000,I34.0,Nonrheumatic mitral (valve) insufficiency,Nonrheumatic mitral valve stenosis with insufficiency,ICD10,2473.0
