Unnamed: 0.1,Unnamed: 0,bdspencounterid,bdsp_patient_id,date_med_start,date_med_end,med
0,1.0,13590480422,114734863,2022-06-17 00:00:00,2022-06-24 00:00:00,INSULIN LISPRO (U-100) 100 UNIT/ML SUBCUTANEOUS SOLUTION
1,2.0,13602759294,114734863,2022-08-16 00:00:00,2022-08-27 00:00:00,FAMOTIDINE 20 MG TABLET
2,3.0,13298898112,114734863,2008-06-18 00:00:00,2017-06-24 00:00:00,CLARITIN ORAL
3,4.0,13645647523,114734863,2023-04-04 00:00:00,2023-04-04 00:00:00,IOPAMIDOL 61 % INTRAVENOUS SOLUTION
4,5.0,13634322350,114734863,2023-01-17 00:00:00,2023-01-17 00:00:00,ACETAMINOPHEN 500 MG TABLET
5,6.0,13602759294,114734863,2022-08-22 00:00:00,2022-08-22 00:00:00,DIPHENHYDRAMINE 25 MG TABLET
6,7.0,13594935397,114734863,2022-07-09 00:00:00,2022-07-10 00:00:00,INSULIN NPH ISOPHANE U-100 HUMAN 100 UNIT/ML SUBCUTANEOUS SUSPENSION
7,8.0,13590480422,114734863,2022-06-14 00:00:00,2022-06-18 00:00:00,ALBUTEROL SULFATE HFA 90 MCG/ACTUATION AEROSOL INHALER
8,9.0,13622256715,114734863,2022-12-17 00:00:00,2022-12-18 00:00:00,VANCOMYCIN 2 GRAM/500 ML IN 0.9 % SODIUM CHLORIDE INTRAVENOUS
9,10.0,13602759294,114734863,2022-08-16 00:00:00,2022-08-27 00:00:00,BRIMONIDINE 0.15 % EYE DROPS
10,11.0,13594935397,114734863,2022-07-06 00:00:00,2022-07-15 00:00:00,ATENOLOL 25 MG TABLET
11,12.0,13602759294,114734863,2022-08-16 00:00:00,2022-08-27 00:00:00,APIXABAN 2.5 MG TABLET
12,13.0,13597901743,114734863,2022-07-24 00:00:00,2022-07-24 00:00:00,IODIXANOL 270 MG IODINE/ML INTRAVENOUS SOLUTION
13,14.0,13555831866,114734863,2021-12-19 00:00:00,2021-12-21 00:00:00,REPATHA SURECLICK 140 MG/ML SUBCUTANEOUS PEN INJECTOR
14,15.0,13590480422,114734863,2022-06-26 00:00:00,2022-07-16 00:00:00,INSULIN NPH ISOPHANE U-100 HUMAN 100 UNIT/ML SUBCUTANEOUS SUSPENSION
15,16.0,13602759294,114734863,2022-08-16 00:00:00,2022-08-19 00:00:00,INSULIN LISPRO (U-100) 100 UNIT/ML SUBCUTANEOUS SOLUTION
16,17.0,13645647523,114734863,2023-04-04 00:00:00,2023-04-04 00:00:00,CIPROFLOXACIN 400 MG/200 ML IN 5 % DEXTROSE INTRAVENOUS PIGGYBACK
17,18.0,13635736305,114734863,2023-02-08 00:00:00,2023-02-08 00:00:00,LIDOCAINE HCL 10 MG/ML (1 %) INJECTION SOLUTION
18,19.0,13602759294,114734863,2022-08-16 00:00:00,2022-08-27 00:00:00,MELATONIN 5 MG TABLET
19,20.0,13590480422,114734863,2022-06-14 00:00:00,2022-06-19 00:00:00,LOSARTAN 25 MG TABLET
20,21.0,13602759294,114734863,2022-08-16 00:00:00,2022-08-18 00:00:00,CIPROFLOXACIN 400 MG/200 ML IN 5 % DEXTROSE INTRAVENOUS PIGGYBACK
21,22.0,13602759294,114734863,2022-08-16 00:00:00,2022-08-27 00:00:00,LATANOPROST 0.005 % EYE DROPS
22,23.0,13296650228,114734863,2016-11-29 00:00:00,2016-11-30 00:00:00,SODIUM CHLORIDE 0.9 % INTRAVENOUS SOLUTION
23,24.0,13602759294,114734863,2022-08-20 00:00:00,2022-08-27 00:00:00,METRONIDAZOLE 250 MG TABLET
24,25.0,13602759294,114734863,2022-08-16 00:00:00,2022-08-27 00:00:00,ACETAMINOPHEN 650 MG/20.3 ML ORAL SOLUTION
25,26.0,13602759294,114734863,2022-08-16 00:00:00,2022-08-27 00:00:00,"CHOLECALCIFEROL (VITAMIN D3) 25 MCG (1,000 UNIT) TABLET"
26,27.0,13301243717,114734863,2016-12-27 00:00:00,2016-12-27 00:00:00,IOPAMIDOL 76 % INTRAVENOUS SOLUTION
27,28.0,13650132427,114734863,2023-04-01 00:00:00,2023-04-01 00:00:00,NOVOLOG MIX 70-30 U-100 INSULN SUBQ
28,29.0,13602759294,114734863,2022-08-16 00:00:00,2022-08-16 00:00:00,ALBUTEROL SULFATE HFA 90 MCG/ACTUATION AEROSOL INHALER
29,30.0,10271225614,114734863,2009-12-29 00:00:00,2013-09-04 00:00:00,Zocor-oncall
30,31.0,10626158382,114734863,2008-01-14 00:00:00,2008-01-27 04:06:48,Rosuvastatin (crestor) - LMR 4372
31,32.0,10585240209,114734863,2008-11-19 00:00:00,2009-07-15 00:00:00,Lisinopril-oncall
32,33.0,10666598469,114734863,2014-07-15 00:00:00,2017-07-25 00:00:00,Furosemide 40 mg Tablet
33,34.0,10626158382,114734863,2008-01-25 00:00:00,2013-03-07 00:59:35,Insulin 70/30 (human) - LMR 950
34,35.0,10626158382,114734863,2008-01-14 00:00:00,2013-03-07 00:59:35,Fluticasone propionate/salmeterol 250/50 (advair diskus 250/50)- lmr 3623
35,36.0,10524065196,114734863,2010-03-05 00:00:00,2015-06-21 00:00:00,Glucophage-oncall
36,37.0,10626158382,114734863,2008-01-25 00:00:00,2013-03-07 00:59:35,Levofloxacin (levaquin) - LMR 2455
37,38.0,10503188363,114734863,2008-01-13 15:36:22,2008-01-13 15:36:22,Ramipril (altace) - LMR 970
38,39.0,10626158382,114734863,2008-01-14 00:00:00,2013-03-07 00:59:35,Fluticasone propionate/salmeterol 250/50 (advair diskus 250/50)- lmr 3623
39,40.0,10447305188,114734863,2002-01-09 00:00:00,2004-01-18 00:00:00,Actos-oncall
40,41.0,10666598469,114734863,2011-07-26 00:00:00,2017-04-11 00:00:00,Albuterol Sulfate Hfa 90 mcg/Actuation Aerosol Inhaler
41,42.0,10687684772,114734863,2006-12-18 00:00:00,2011-03-02 00:00:00,Nystatin powder-oncall
42,43.0,10523877062,114734863,2011-07-26 00:00:00,2011-07-26 00:00:00,Simvastatin (zocor) - LMR 916
43,44.0,10244172254,114734863,2008-01-19 00:00:00,2008-01-19 00:00:00,Vecuronium br 10mg 10 vl ohm
44,45.0,10244172254,114734863,2008-01-14 00:00:00,2008-01-25 00:00:00,Potassium chlor 10 meg tab
45,46.0,10666598469,114734863,2014-04-26 00:00:00,2016-12-05 00:00:00,Ezetimibe 10 mg Tablet
46,47.0,10212360996,114734863,2008-03-19 00:00:00,2008-03-19 00:00:00,"Supply Of Radiopharmaceutical Diagnostic Imaging Agent, Technetium Tc 99M Sestamibi, Per Dose"
47,48.0,10412507941,114734863,2008-04-22 00:00:00,2008-01-04 00:00:00,Insulin nph human (humulin n) - LMR 384
48,49.0,13386903076,114734863,2019-01-09 00:00:00,2020-02-03 00:00:00,BUMETANIDE 1 MG TABLET
49,50.0,13408065123,114734863,2019-06-18 00:00:00,2019-06-18 00:00:00,LATANOPROST 0.005 % EYE DROPS
50,51.0,10279443851,114734863,2009-12-08 00:00:00,2007-11-10 00:00:00,Insulin syringes
51,52.0,10541158444,114734863,2016-02-02 00:00:00,2013-09-30 00:00:00,Loratadine (claritin) - LMR 1019
52,53.0,10591759565,114734863,2014-04-07 00:00:00,2014-09-20 00:00:00,Insulin 70/30 (human) - LMR 950
53,54.0,10626158382,114734863,2008-01-25 00:00:00,2013-03-07 00:59:35,Levofloxacin (levaquin) - LMR 2455
54,55.0,10244172254,114734863,2008-01-16 00:00:00,2008-01-22 00:00:00,Ventolin 90 mcg/inh aerosol with adapter
55,56.0,10453003853,114734863,2016-02-02 00:00:00,2011-07-26 00:00:00,Atenolol (tenormin) - LMR 61
56,57.0,10687020770,114734863,2015-06-02 00:00:00,2015-06-02 00:00:00,Isosorbide mononitrate sr (imdur) - LMR 1016
57,58.0,10271225614,114734863,2011-06-18 00:00:00,2013-09-04 00:00:00,Vitamin d 3 -oncall
58,59.0,10602699444,114734863,2008-06-18 00:00:00,2016-11-09 00:00:00,Claritin-oncall
59,60.0,10503188363,114734863,2008-01-13 15:36:24,2008-01-13 15:36:24,Metformin extended release (glucophagexr) - LMR 3502
60,61.0,10626158382,114734863,2008-01-14 00:00:00,2013-03-07 00:59:35,Furosemide (lasix) - LMR 323
61,62.0,10749953210,114734863,2006-05-07 00:00:00,2006-12-18 00:00:00,Zetia-oncall
62,63.0,10271225614,114734863,2012-05-07 00:00:00,2013-09-04 00:00:00,Vitamin b 12 -oncall
63,64.0,10690031999,114734863,2013-06-10 00:00:00,2011-07-26 00:00:00,Simvastatin (zocor) - LMR 916
64,65.0,10244172254,114734863,2008-01-19 00:00:00,2008-01-19 00:00:00,Pot. chloride syr. 20 meq
65,66.0,10244172254,114734863,2008-01-19 00:00:00,2008-01-19 00:00:00,Diprivan 10 mg/ml suspension
66,67.0,10666598469,114734863,2009-10-14 00:00:00,2009-10-14 00:00:00,Multivitamin Tablet
67,68.0,10626158382,114734863,2008-01-14 00:00:00,2008-01-27 04:06:48,Furosemide (lasix) - LMR 323
68,69.0,10754387489,114734863,2013-09-25 00:00:00,2013-09-25 00:00:00,Insulin syringes
69,70.0,10503188363,114734863,2008-01-13 15:36:23,2008-01-13 15:36:23,Metformin extended release (glucophagexr) - LMR 3502
70,71.0,10184071658,114734863,2012-10-23 00:00:00,2012-10-23 00:00:00,"Low osmolar contrast material, 300-399 mg/ml iodine concentration, per ml"
71,72.0,10626158382,114734863,2008-01-14 00:00:00,2013-03-07 00:59:35,Aspirin enteric coated (ecotrin) - LMR 59
72,73.0,10244172254,114734863,2008-01-18 00:00:00,2008-01-19 00:00:00,Isdn 20mg tablet
73,74.0,10626158382,114734863,2008-01-25 00:00:00,2013-03-07 00:59:35,Insulin 70/30 (human) - LMR 950
74,75.0,10626158382,114734863,2008-01-14 00:00:00,2013-03-07 00:59:35,Fexofenadine hcl (allegra) - LMR 2387
75,76.0,10374050352,114734863,2011-07-26 00:00:00,2011-07-26 00:00:00,Hydrochlorothiazide (hctz) - LMR 353
76,77.0,13379856584,114734863,2018-12-03 00:00:00,2018-12-03 00:00:00,DEXTROSE 5 % AND 0.9 % SODIUM CHLORIDE INTRAVENOUS SOLUTION
77,78.0,10626158382,114734863,2008-01-14 00:00:00,2013-03-07 00:59:35,Rosuvastatin (crestor) - LMR 4372
78,79.0,10543546283,114734863,2006-10-17 00:00:00,2006-10-17 00:00:00,Irbesartan (avapro) - LMR 2934
79,80.0,10688838378,114734863,2014-06-08 00:00:00,2014-06-13 00:00:00,Azithromycin 250mg pack (z-pak) - LMR 4494
80,81.0,13498424316,114734863,2021-02-27 00:00:00,2021-07-31 00:00:00,BRIMONIDINE 0.1 % EYE DROPS
81,82.0,10590068624,114734863,2015-07-29 00:00:00,2014-06-24 00:00:00,Fluticasone propionate/salmeterol 250/50 (advair diskus 250/50)- lmr 3623
82,83.0,10244172254,114734863,2008-01-20 00:00:00,2008-01-25 00:00:00,Furosemide 20mg tablet
83,84.0,10244172254,114734863,2008-01-20 00:00:00,2008-01-22 00:00:00,Metoprolol 25mg tablet
84,85.0,10400214245,114734863,2015-07-29 00:00:00,2013-09-30 00:00:00,Loratadine (claritin) - LMR 1019
85,86.0,10240040391,114734863,2012-01-09 00:00:00,2012-01-09 00:00:00,Hydroxyzine hcl (atarax) - LMR 368
86,87.0,10387975477,114734863,2016-10-04 00:00:00,2016-10-04 00:00:00,"Supply Of Radiopharmaceutical Diagnostic Imaging Agent, Technetium Tc 99M Sestamibi, Per Dose"
87,88.0,10666598469,114734863,2011-07-26 00:00:00,2017-04-11 00:00:00,Albuterol Sulfate Hfa 90 mcg/Actuation Aerosol Inhaler
88,89.0,10666598469,114734863,2009-07-18 00:00:00,2017-10-23 00:00:00,Losartan 100 mg Tablet
89,90.0,10584175285,114734863,2014-08-25 00:00:00,2014-06-24 00:00:00,Fluticasone propionate/salmeterol 250/50 (advair diskus 250/50)- lmr 3623
90,91.0,10271225614,114734863,2009-10-14 00:00:00,2013-09-04 00:00:00,Fish oil-oncall
91,92.0,10711795464,114734863,2014-01-05 00:00:00,2014-03-31 00:00:00,Pravastatin-oncall
92,93.0,10691189869,114734863,2012-01-09 00:00:00,2012-09-05 00:00:00,Insulin 70/30 (human) - LMR 950
93,94.0,10438071765,114734863,2015-07-29 00:00:00,2011-07-26 00:00:00,Atenolol (tenormin) - LMR 61
94,95.0,10589446270,114734863,2012-01-09 00:00:00,2012-01-09 00:00:00,Maxitrol - LMR 2294
95,96.0,10244172254,114734863,2008-01-15 00:00:00,2008-01-25 00:00:00,Rosuvastatin 10mg tablet
96,97.0,10696160839,114734863,2013-09-30 00:00:00,2011-07-26 00:00:00,Felodipine - LMR 1212
97,98.0,13372444041,114734863,2019-01-22 00:00:00,2020-03-08 00:00:00,TIOTROPIUM BROMIDE 2.5 MCG/ACTUATION MIST FOR INHALATION
98,99.0,10503188363,114734863,2008-01-13 15:36:23,2008-01-13 15:36:23,Multivitamins (mvi centrum) - LMR 510
99,100.0,10681888326,114734863,2014-08-25 00:00:00,2011-07-26 00:00:00,Hydrochlorothiazide (hctz) - LMR 353
100,101.0,10244172254,114734863,2008-01-15 00:00:00,2008-01-19 00:00:00,Norvasc 5mg tablet
101,102.0,10271225614,114734863,2012-05-07 00:00:00,2013-09-04 00:00:00,Vitamin b 12 -oncall
102,103.0,10687958923,114734863,2012-01-09 00:00:00,2012-01-09 00:00:00,Byetta (exenatide) - LMR 5176
103,104.0,10626158382,114734863,2008-01-25 00:00:00,2013-03-07 00:59:35,Levofloxacin (levaquin) - LMR 2455
104,105.0,10307586902,114734863,2013-09-30 00:00:00,2008-04-22 00:00:00,Metformin (glucophage) - LMR 1084
105,106.0,10503188363,114734863,2008-01-13 15:36:23,2008-01-13 15:36:23,Loratadine (claritin) - LMR 1019
106,107.0,10666598469,114734863,2009-07-18 00:00:00,2017-10-23 00:00:00,Losartan 100 mg Tablet
107,108.0,13487679021,114734863,2020-12-02 00:00:00,2020-12-02 00:00:00,FAMOTIDINE 20 MG TABLET
108,109.0,10362729425,114734863,2010-03-02 00:00:00,2010-03-02 00:00:00,Pneumovax-oncall
109,110.0,10626158382,114734863,2008-01-25 00:00:00,2008-01-27 04:06:48,Levofloxacin (levaquin) - LMR 2455
110,111.0,10463682719,114734863,2014-07-14 00:00:00,2014-07-14 00:00:00,"Catheter, infusion, inserted peripherally, centrally or midline (other than hemodialysis)"
111,112.0,10626158382,114734863,2008-01-14 00:00:00,2008-01-27 04:06:48,Atenolol (tenormin) - LMR 61
112,113.0,10480200839,114734863,2014-09-03 00:00:00,2011-06-15 00:00:00,Aspirin enteric coated (ecotrin) - LMR 59
113,114.0,10503188363,114734863,2008-01-13 15:36:22,2008-01-13 15:36:22,Irbesartan (avapro) - LMR 2934
114,115.0,10626158382,114734863,2008-01-14 00:00:00,2008-01-27 04:06:48,Atenolol (tenormin) - LMR 61
115,116.0,13427371945,114734863,2019-11-05 00:00:00,2020-01-14 00:00:00,ID-MACITENTAN OR PLACEBO (2017P001298) TABLET 10 MG
116,117.0,10263111219,114734863,2014-04-07 00:00:00,2011-07-26 00:00:00,Atenolol (tenormin) - LMR 61
117,118.0,10503188363,114734863,2008-01-13 15:36:22,2008-01-13 15:36:22,Ramipril (altace) - LMR 970
118,119.0,10771386477,114734863,2008-01-13 00:00:00,2008-03-17 00:00:00,Toprolxl-oncall
119,120.0,10241430930,114734863,2014-09-22 00:00:00,2011-07-26 00:00:00,Felodipine - LMR 1212
120,121.0,10688237472,114734863,2009-07-26 00:00:00,2009-07-26 00:00:00,Adenosine injection
121,122.0,10218656419,114734863,2014-07-23 00:00:00,2015-01-06 00:00:00,Vitamin d-oncall
122,123.0,10626158382,114734863,2008-01-14 00:00:00,2013-03-07 00:59:35,Furosemide (lasix) - LMR 323
123,124.0,10663487201,114734863,2013-09-04 00:00:00,2013-10-21 00:00:00,Atorvastatin-oncall
124,125.0,10213036843,114734863,2014-09-22 00:00:00,2014-09-20 00:00:00,Insulin 70/30 (human) - LMR 950
125,126.0,10503188363,114734863,2008-01-13 15:36:23,2008-01-13 15:36:23,Metoprolol succinate extended release (toprolxl) - LMR 964
126,127.0,10244172254,114734863,2008-01-19 00:00:00,2008-01-19 00:00:00,Aspirin 300mg suppository
127,128.0,13507213825,114734863,2021-04-13 00:00:00,2022-05-10 00:00:00,ATENOLOL 50 MG TABLET
128,129.0,13408065123,114734863,2019-06-18 00:00:00,2019-06-18 00:00:00,BRIMONIDINE 0.1 % EYE DROPS
129,130.0,13432238679,114734863,2019-12-07 00:00:00,2020-01-14 00:00:00,ID-MACITENTAN OR PLACEBO (2017P001298) TABLET 10 MG
130,131.0,13408106002,114734863,2019-06-18 00:00:00,2019-11-16 00:00:00,BRIMONIDINE 0.1 % EYE DROPS
131,132.0,13400491185,114734863,2019-10-07 00:00:00,2020-06-09 00:00:00,LORATADINE 10 MG TABLET
132,133.0,10591624222,114734863,2016-02-02 00:00:00,2014-08-25 00:00:00,Citalopram (celexa) - LMR 3115
133,134.0,10666598469,114734863,2014-07-15 00:00:00,2017-07-25 00:00:00,Furosemide 40 mg Tablet
134,135.0,10626158382,114734863,2008-01-25 00:00:00,2013-03-07 00:59:35,Levofloxacin (levaquin) - LMR 2455
135,136.0,10598260940,114734863,2014-09-22 00:00:00,2013-09-24 00:00:00,Atorvastatin(- lmr 2027
136,137.0,10306718013,114734863,2012-05-07 00:00:00,2012-05-07 00:00:00,"Influenza virus vaccine, split virus, when administered to individuals 3 years of age and older, for intramuscular use (not otherwise specified)"
137,138.0,13422263086,114734863,2019-10-05 00:00:00,2020-01-14 00:00:00,ID-MACITENTAN OR PLACEBO (2017P001298) TABLET 10 MG
138,139.0,13391380517,114734863,2019-06-19 00:00:00,2019-06-19 00:00:00,ASPIRIN 81 MG CHEWABLE TABLET
139,140.0,13482642644,114734863,2020-10-20 00:00:00,2020-10-20 00:00:00,LANCETS 28 GAUGE
140,141.0,13417959250,114734863,2019-09-03 00:00:00,2019-10-07 00:00:00,ID-MACITENTAN OR PLACEBO (2017P001298) TABLET 10 MG
141,142.0,10503188363,114734863,2008-01-13 15:36:22,2008-01-13 15:36:22,Irbesartan (avapro) - LMR 2934
142,143.0,10424715375,114734863,2013-11-26 00:00:00,2014-01-05 00:00:00,Red yeast rice-oncall
143,144.0,10666598469,114734863,2008-02-13 00:00:00,2017-06-24 00:00:00,Atenolol 50 mg Tablet
144,145.0,10704872764,114734863,2006-12-18 00:00:00,2007-12-23 00:00:00,Byetta-oncall
145,146.0,10626158382,114734863,2008-01-14 00:00:00,2013-03-07 00:59:35,Aspirin enteric coated (ecotrin) - LMR 59
146,147.0,10244172254,114734863,2008-01-15 00:00:00,2008-01-18 00:00:00,Multi vit ud 100 s 1204 -11 rowl
147,148.0,10338865927,114734863,2013-07-08 00:00:00,2013-07-08 00:00:00,Citalopram (celexa) - LMR 3115
148,149.0,10244172254,114734863,2008-01-15 00:00:00,2008-01-18 00:00:00,Prinivil 10mg tablet
149,150.0,10796129538,114734863,2010-10-24 00:00:00,2010-10-29 00:00:00,Meclizine hcl (antivert) - LMR 450
150,151.0,10422812503,114734863,2014-09-22 00:00:00,2008-04-22 00:00:00,Metformin (glucophage) - LMR 1084
151,152.0,10521717788,114734863,2016-02-02 00:00:00,2014-09-20 00:00:00,Insulin 70/30 (human) - LMR 950
152,153.0,13372334663,114734863,2018-10-16 00:00:00,2019-10-07 00:00:00,LORATADINE 10 MG TABLET
153,154.0,13372444041,114734863,2019-01-22 00:00:00,2019-09-11 00:00:00,LOSARTAN 50 MG TABLET
154,155.0,13408077474,114734863,2019-06-18 00:00:00,2019-06-18 00:00:00,BRIMONIDINE 0.1 % EYE DROPS
155,156.0,13372334663,114734863,2018-10-16 00:00:00,2019-09-11 00:00:00,CITALOPRAM 40 MG TABLET
156,157.0,13324325320,114734863,2017-08-08 00:00:00,2017-08-08 00:00:00,IOPAMIDOL 76 % INTRAVENOUS SOLUTION
157,159.0,10626158382,114734863,2008-01-25 00:00:00,2013-03-07 00:59:35,Insulin 70/30 (human) - LMR 950
158,160.0,10244172254,114734863,2008-01-15 00:00:00,2008-01-18 00:00:00,Celexa 20mg tablet
159,161.0,10749953210,114734863,2002-01-09 00:00:00,2006-12-18 00:00:00,Vitamin e-oncall
160,162.0,10503188363,114734863,2008-01-13 15:36:23,2008-01-13 15:36:23,Insulin 70/30 (human) - LMR 950
161,163.0,13454284544,114734863,2020-05-02 00:00:00,2022-05-10 00:00:00,TAMSULOSIN 0.4 MG CAPSULE
162,164.0,13443990280,114734863,2020-02-24 00:00:00,1841-08-10 00:00:00,ALBUTEROL SULFATE 2.5 MG/3 ML (0.083 %) SOLUTION FOR NEBULIZATION
163,165.0,10603579972,114734863,2013-09-30 00:00:00,2012-01-09 00:00:00,Losartan (cozaar) - LMR 1971
164,166.0,10503188363,114734863,2008-01-13 15:36:24,2008-01-13 15:36:24,Metformin extended release (glucophagexr) - LMR 3502
165,167.0,10503188363,114734863,2008-01-13 15:36:23,2008-01-13 15:36:23,Citalopram (celexa) - LMR 3115
166,168.0,10666598469,114734863,2008-02-13 00:00:00,2017-06-24 00:00:00,Atenolol 50 mg Tablet
167,169.0,13327829854,114734863,2017-09-11 00:00:00,2017-09-18 00:00:00,AMLODIPINE 5 MG TABLET
168,170.0,13327829854,114734863,2017-09-06 00:00:00,2017-09-18 00:00:00,ALBUTEROL SULFATE HFA 90 MCG/ACTUATION AEROSOL INHALER
169,171.0,13327829854,114734863,2017-09-07 00:00:00,2017-09-18 00:00:00,CITALOPRAM 20 MG TABLET
170,172.0,13327829854,114734863,2017-09-07 00:00:00,2017-09-18 00:00:00,FAMOTIDINE 20 MG TABLET
171,173.0,13327829854,114734863,2017-09-09 00:00:00,2017-09-18 00:00:00,EVOLOCUMAB 140 MG/ML SUBCUTANEOUS PEN INJECTOR
172,174.0,13326748878,114734863,2017-11-20 00:00:00,2018-02-20 00:00:00,LATANOPROST 0.005 % EYE DROPS
173,175.0,13327829854,114734863,2017-09-08 00:00:00,2017-09-13 00:00:00,ISOSORBIDE DINITRATE 20 MG TABLET
174,176.0,13327829854,114734863,2017-09-08 00:00:00,2017-09-08 00:00:00,FUROSEMIDE 10 MG/ML INJECTION SOLUTION
175,177.0,10602699444,114734863,2014-04-26 00:00:00,2016-11-09 00:00:00,Zetia-oncall
176,178.0,10541782500,114734863,2006-10-17 00:00:00,2006-10-17 00:00:00,Novofine disposable needles 30 gauge
177,179.0,13507213825,114734863,2021-04-13 00:00:00,2022-05-10 00:00:00,CITALOPRAM 40 MG TABLET
178,180.0,10503188363,114734863,2008-01-13 15:36:23,2008-01-13 15:36:23,Metoprolol succinate extended release (toprolxl) - LMR 964
179,181.0,10503188363,114734863,2008-01-13 15:36:24,2008-01-13 15:36:24,Metformin extended release (glucophagexr) - LMR 3502
180,182.0,10792568352,114734863,2013-06-10 00:00:00,2011-07-26 00:00:00,Felodipine - LMR 1212
181,183.0,13327829854,114734863,2017-09-07 00:00:00,2017-09-18 00:00:00,MULTIVITAMIN TAB/CAP SUPER ORDERABLE
182,184.0,13329201477,114734863,2017-10-23 00:00:00,2017-10-25 00:00:00,METOLAZONE 2.5 MG TABLET
183,185.0,13327829854,114734863,2017-09-08 00:00:00,2017-09-13 00:00:00,ISOSORBIDE DINITRATE 20 MG TABLET
184,186.0,13326748878,114734863,2018-02-20 00:00:00,2018-04-21 00:00:00,ALPHAGAN P 0.15 % EYE DROPS
185,187.0,13327829854,114734863,2017-09-13 00:00:00,2017-09-18 00:00:00,ISOSORBIDE DINITRATE 20 MG TABLET
186,188.0,13330849033,114734863,2017-10-04 00:00:00,2018-10-05 00:00:00,TORSEMIDE 20 MG TABLET
187,189.0,13327829854,114734863,2017-09-06 00:00:00,2017-09-13 00:00:00,INSULIN NPH HUMAN RECOMB 100 UNIT/ML SUBCUTANEOUS SUSPENSION
188,190.0,13418496728,114734863,2019-09-07 00:00:00,2020-09-15 00:00:00,EVOLOCUMAB 140 MG/ML SUBCUTANEOUS PEN INJECTOR
189,191.0,13441266872,114734863,2020-06-09 00:00:00,2021-04-13 00:00:00,ATENOLOL 50 MG TABLET
190,192.0,13391380517,114734863,2019-06-19 00:00:00,2019-06-25 00:00:00,"BD INSULIN SYRINGE ULTRA-FINE 1 ML 29 GAUGE X 1/2"""
191,193.0,13527048173,114734863,2021-07-31 00:00:00,2021-10-12 00:00:00,BRIMONIDINE 0.1 % EYE DROPS
192,194.0,13327829854,114734863,2017-09-08 00:00:00,2017-09-13 00:00:00,ISOSORBIDE DINITRATE 20 MG TABLET
193,195.0,13327829854,114734863,2017-09-07 00:00:00,2017-09-18 00:00:00,"CHOLECALCIFEROL (VITAMIN D3) 1,000 UNIT TABLET"
194,196.0,13327829854,114734863,2017-09-13 00:00:00,2017-09-18 00:00:00,ISOSORBIDE DINITRATE 20 MG TABLET
195,197.0,13327829854,114734863,2017-09-07 00:00:00,2017-09-18 00:00:00,INSULIN LISPRO 100 UNIT/ML SUBCUTANEOUS SOLUTION
196,198.0,13327829854,114734863,2017-09-07 00:00:00,2017-09-18 00:00:00,INSULIN LISPRO 100 UNIT/ML SUBCUTANEOUS SOLUTION
197,199.0,13298898112,114734863,2010-10-30 00:00:00,2017-11-20 00:00:00,"FELODIPINE ER 5 MG TABLET,EXTENDED RELEASE 24 HR"
198,200.0,13327829854,114734863,2017-09-07 00:00:00,2017-09-18 00:00:00,INSULIN LISPRO 100 UNIT/ML SUBCUTANEOUS SOLUTION
199,201.0,13327829854,114734863,2017-09-07 00:00:00,2017-09-18 00:00:00,MULTIVITAMIN TAB/CAP SUPER ORDERABLE
200,202.0,13327829854,114734863,2017-09-07 00:00:00,2017-09-18 00:00:00,CITALOPRAM 20 MG TABLET
201,203.0,13327829854,114734863,2017-09-05 00:00:00,2017-09-05 00:00:00,FUROSEMIDE 10 MG/ML INJECTION SOLUTION
202,204.0,13327829854,114734863,2017-09-07 00:00:00,2017-09-13 00:00:00,ASPIRIN 325 MG TABLET
203,205.0,13327829854,114734863,2017-09-06 00:00:00,2017-09-18 00:00:00,FLUTICASONE 250 MCG-SALMETEROL 50 MCG/DOSE BLISTR POWDR FOR INHALATION
204,206.0,13327829854,114734863,2017-09-16 00:00:00,2017-09-18 00:00:00,INSULIN NPH HUMAN RECOMB 100 UNIT/ML SUBCUTANEOUS SUSPENSION
205,207.0,13355930663,114734863,2018-05-15 00:00:00,2019-04-23 00:00:00,RANITIDINE 150 MG TABLET
206,208.0,10401572248,114734863,2010-10-24 00:00:00,2010-10-24 00:00:00,Meclizine hydrochloride 12.5mg tablet
207,209.0,10244172254,114734863,2008-01-24 00:00:00,2008-01-24 00:00:00,Zaroxolyn 2.5mg tablet
208,210.0,10503188363,114734863,2008-01-13 15:36:22,2008-01-13 15:36:22,Ramipril (altace) - LMR 970
209,211.0,10687684772,114734863,2006-12-18 00:00:00,2011-03-02 00:00:00,Nystatin powder-oncall
210,212.0,13668231746,114734863,2023-07-03 00:00:00,2023-07-03 00:00:00,PHENYLEPHRINE 20 MG/250 ML (80 MCG/ML) IN 0.9 % SODIUM CHLORIDE IV
211,213.0,13602759294,114734863,2022-08-16 00:00:00,2022-08-27 00:00:00,ASPIRIN 81 MG CHEWABLE TABLET
212,214.0,13649533700,114734863,2023-04-04 00:00:00,2023-04-04 00:00:00,SODIUM CHLORIDE 0.9 % INTRAVENOUS SOLUTION
213,215.0,13602759294,114734863,2022-08-16 00:00:00,2022-08-27 00:00:00,TIOTROPIUM BROMIDE 18 MCG CAPSULE WITH INHALATION DEVICE
214,216.0,13602759294,114734863,2022-08-22 00:00:00,2022-08-27 00:00:00,INSULIN NPH ISOPHANE U-100 HUMAN 100 UNIT/ML SUBCUTANEOUS SUSPENSION
215,217.0,13602759294,114734863,2022-08-16 00:00:00,2022-08-27 00:00:00,ASPIRIN 81 MG CHEWABLE TABLET
216,218.0,13666663225,114734863,2023-06-25 00:00:00,2023-06-25 00:00:00,FAMOTIDINE 20 MG TABLET
217,219.0,10244172254,114734863,2008-01-22 00:00:00,2008-01-22 00:00:00,Ipratrop 0.02% 25x2.5 mlud n+
218,220.0,10666598469,114734863,2014-07-15 00:00:00,2017-07-25 00:00:00,Furosemide 40 mg Tablet
219,221.0,10647261029,114734863,2013-06-10 00:00:00,2008-04-22 00:00:00,Metformin (glucophage) - LMR 1084
220,222.0,13408106002,114734863,2019-06-18 00:00:00,2019-11-16 00:00:00,LATANOPROST 0.005 % EYE DROPS
221,223.0,13327829854,114734863,2017-09-05 00:00:00,2017-09-06 00:00:00,ENOXAPARIN 120 MG/0.8 ML SUBCUTANEOUS SYRINGE
222,224.0,13327829854,114734863,2017-09-07 00:00:00,2017-09-18 00:00:00,FAMOTIDINE 20 MG TABLET
223,225.0,13336325700,114734863,2017-11-21 00:00:00,2018-05-21 00:00:00,INSULIN NPH AND REG HUMAN INSULIN 100 UNIT/ML (70-30)SUBCUTANEOUS SUSP
224,226.0,13327829854,114734863,2017-09-07 00:00:00,2017-09-18 00:00:00,FEXOFENADINE 60 MG TABLET
225,227.0,13327829854,114734863,2017-09-13 00:00:00,2017-09-18 00:00:00,ISOSORBIDE DINITRATE 20 MG TABLET
226,228.0,13327829854,114734863,2017-09-07 00:00:00,2017-09-18 00:00:00,INSULIN LISPRO 100 UNIT/ML SUBCUTANEOUS SOLUTION
227,229.0,13327829854,114734863,2017-09-07 00:00:00,2017-09-18 00:00:00,FAMOTIDINE 20 MG TABLET
228,230.0,13408880612,114734863,2019-06-24 00:00:00,2019-06-25 00:00:00,INSULIN HUMAN U-100 NPH-REGULR 70-30 MIX 100 UNIT/ML SUBCUTANEOUS SUSP
229,231.0,13447958363,114734863,2020-04-28 00:00:00,2021-04-13 00:00:00,"ISOSORBIDE MONONITRATE ER 60 MG TABLET,EXTENDED RELEASE 24 HR"
230,232.0,13372334663,114734863,2018-10-16 00:00:00,2019-01-12 00:00:00,LOSARTAN 50 MG TABLET
231,233.0,13498424316,114734863,2021-02-27 00:00:00,2021-10-12 00:00:00,LATANOPROST 0.005 % EYE DROPS
232,234.0,13327829854,114734863,2017-09-06 00:00:00,2017-09-18 00:00:00,FLUTICASONE 250 MCG-SALMETEROL 50 MCG/DOSE BLISTR POWDR FOR INHALATION
233,235.0,13327829854,114734863,2017-09-12 00:00:00,2017-09-12 00:00:00,DEXTROSE 10 % IN WATER (D10W) INTRAVENOUS SOLUTION
234,236.0,13327829854,114734863,2017-09-07 00:00:00,2017-09-18 00:00:00,ATENOLOL 50 MG TABLET
235,237.0,13327829854,114734863,2017-09-06 00:00:00,2017-09-18 00:00:00,ALBUTEROL SULFATE HFA 90 MCG/ACTUATION AEROSOL INHALER
236,238.0,13327829854,114734863,2017-09-13 00:00:00,2017-09-17 00:00:00,FUROSEMIDE 10 MG/ML INJECTION SOLUTION
237,239.0,13327829854,114734863,2017-09-07 00:00:00,2017-09-18 00:00:00,MULTIVITAMIN TAB/CAP SUPER ORDERABLE
238,240.0,13327829854,114734863,2017-09-08 00:00:00,2017-09-13 00:00:00,ISOSORBIDE DINITRATE 20 MG TABLET
239,241.0,13327829854,114734863,2017-09-07 00:00:00,2017-09-06 00:00:00,INSULIN NPH HUMAN RECOMB 100 UNIT/ML SUBCUTANEOUS SUSPENSION
240,242.0,13487705092,114734863,2020-12-02 00:00:00,2021-10-26 00:00:00,CIMETIDINE 400 MG TABLET
241,243.0,13482642644,114734863,2020-10-20 00:00:00,2023-03-08 00:00:00,FREESTYLE LITE STRIPS
242,244.0,13327829854,114734863,2017-09-07 00:00:00,2017-09-18 00:00:00,IPRATROPIUM-ALBUTEROL 0.5 MG-3 MG(2.5 MG BASE)/3 ML NEBULIZATION SOLN
243,245.0,13327829854,114734863,2017-09-08 00:00:00,2017-09-13 00:00:00,ISOSORBIDE DINITRATE 20 MG TABLET
244,246.0,13327829854,114734863,2017-09-07 00:00:00,2017-09-18 00:00:00,INSULIN LISPRO 100 UNIT/ML SUBCUTANEOUS SOLUTION
245,247.0,13327829854,114734863,2017-09-14 00:00:00,2017-09-16 00:00:00,INSULIN NPH HUMAN RECOMB 100 UNIT/ML SUBCUTANEOUS SUSPENSION
246,248.0,13327829854,114734863,2017-09-07 00:00:00,2017-09-13 00:00:00,ASPIRIN 325 MG TABLET
247,249.0,13327829854,114734863,2017-09-18 00:00:00,2017-09-18 00:00:00,"ISOSORBIDE MONONITRATE ER 30 MG TABLET,EXTENDED RELEASE 24 HR"
248,250.0,13327829854,114734863,2017-09-07 00:00:00,2017-09-18 00:00:00,FEXOFENADINE 60 MG TABLET
249,251.0,13372148462,114734863,2018-09-16 00:00:00,2019-09-07 00:00:00,EVOLOCUMAB 140 MG/ML SUBCUTANEOUS PEN INJECTOR
250,252.0,13408077474,114734863,2019-06-18 00:00:00,2019-06-18 00:00:00,LATANOPROST 0.005 % EYE DROPS
251,253.0,13507213825,114734863,2021-04-13 00:00:00,2022-05-10 00:00:00,"BD INSULIN SYRINGE ULTRA-FINE 1 ML 31 GAUGE X 5/16"""
252,254.0,13414246189,114734863,2019-11-16 00:00:00,2021-02-01 00:00:00,LATANOPROST 0.005 % EYE DROPS
253,255.0,13417171333,114734863,2019-09-11 00:00:00,2020-06-09 00:00:00,CITALOPRAM 40 MG TABLET
254,256.0,13382347130,114734863,2018-12-05 00:00:00,2018-12-15 00:00:00,LEVOFLOXACIN 500 MG TABLET
255,257.0,13327829854,114734863,2017-09-12 00:00:00,2017-09-12 00:00:00,FUROSEMIDE 10 MG/ML INJECTION SOLUTION
256,258.0,13327829854,114734863,2017-09-06 00:00:00,2017-09-18 00:00:00,FLUTICASONE 250 MCG-SALMETEROL 50 MCG/DOSE BLISTR POWDR FOR INHALATION
257,259.0,13327829854,114734863,2017-09-07 00:00:00,2017-09-13 00:00:00,ASPIRIN 325 MG TABLET
258,260.0,13327829854,114734863,2017-09-14 00:00:00,2017-09-18 00:00:00,ASPIRIN 81 MG CHEWABLE TABLET
259,261.0,13327829854,114734863,2017-09-12 00:00:00,2017-09-12 00:00:00,FUROSEMIDE 10 MG/ML INJECTION SOLUTION
260,262.0,13327829854,114734863,2017-09-13 00:00:00,2017-09-18 00:00:00,ISOSORBIDE DINITRATE 20 MG TABLET
261,263.0,13327829854,114734863,2017-09-07 00:00:00,2017-09-18 00:00:00,FAMOTIDINE 20 MG TABLET
262,264.0,13327829854,114734863,2017-09-07 00:00:00,2017-09-13 00:00:00,INSULIN NPH HUMAN RECOMB 100 UNIT/ML SUBCUTANEOUS SUSPENSION
263,265.0,13327829854,114734863,2017-09-13 00:00:00,2017-09-16 00:00:00,INSULIN NPH HUMAN RECOMB 100 UNIT/ML SUBCUTANEOUS SUSPENSION
264,266.0,13327829854,114734863,2017-09-06 00:00:00,2017-09-13 00:00:00,INSULIN NPH HUMAN RECOMB 100 UNIT/ML SUBCUTANEOUS SUSPENSION
265,267.0,13327829854,114734863,2017-09-07 00:00:00,2017-09-18 00:00:00,"CHOLECALCIFEROL (VITAMIN D3) 1,000 UNIT TABLET"
266,268.0,13507213825,114734863,2021-04-13 00:00:00,2022-07-16 00:00:00,TIOTROPIUM BROMIDE 2.5 MCG/ACTUATION MIST FOR INHALATION
267,269.0,13447958363,114734863,2020-04-28 00:00:00,2022-01-25 00:00:00,INSULIN HUMAN U-100 NPH-REGULR 70-30 MIX 100 UNIT/ML SUBCUTANEOUS SUSP
268,270.0,13314460200,114734863,2017-05-21 00:00:00,2017-05-21 00:00:00,ALBUTEROL SULFATE 2.5 MG/0.5 ML SOLUTION FOR NEBULIZATION
269,271.0,13327829854,114734863,2017-09-11 00:00:00,2017-09-18 00:00:00,AMLODIPINE 5 MG TABLET
270,272.0,13327829854,114734863,2017-09-12 00:00:00,2017-09-12 00:00:00,FUROSEMIDE 10 MG/ML INJECTION SOLUTION
271,273.0,13327829854,114734863,2017-09-07 00:00:00,2017-09-18 00:00:00,FEXOFENADINE 60 MG TABLET
272,274.0,13327829854,114734863,2017-09-11 00:00:00,2017-09-11 00:00:00,DEXTROSE 10 % IN WATER (D10W) INTRAVENOUS SOLUTION
273,275.0,13327829854,114734863,2017-09-09 00:00:00,2017-09-18 00:00:00,"POTASSIUM CHLORIDE ER 20 MEQ TABLET,EXTENDED RELEASE(PART/CRYST)"
274,276.0,13327829854,114734863,2017-09-13 00:00:00,2017-09-17 00:00:00,FUROSEMIDE 10 MG/ML INJECTION SOLUTION
275,277.0,13345924977,114734863,2018-02-13 00:00:00,2018-09-16 00:00:00,EVOLOCUMAB 140 MG/ML SUBCUTANEOUS PEN INJECTOR
276,278.0,13339987805,114734863,2018-05-07 00:00:00,2019-06-12 00:00:00,"ISOSORBIDE MONONITRATE ER 60 MG TABLET,EXTENDED RELEASE 24 HR"
277,279.0,13327829854,114734863,2017-09-07 00:00:00,2017-09-18 00:00:00,"CHOLECALCIFEROL (VITAMIN D3) 1,000 UNIT TABLET"
278,280.0,13327829854,114734863,2017-09-06 00:00:00,2017-09-06 00:00:00,FUROSEMIDE 10 MG/ML INJECTION SOLUTION
279,281.0,13327829854,114734863,2017-09-07 00:00:00,2017-09-18 00:00:00,INSULIN LISPRO 100 UNIT/ML SUBCUTANEOUS SOLUTION
280,282.0,13327829854,114734863,2017-09-07 00:00:00,2017-09-18 00:00:00,INSULIN LISPRO 100 UNIT/ML SUBCUTANEOUS SOLUTION
281,283.0,13336186243,114734863,2017-11-20 00:00:00,2018-01-03 00:00:00,"FELODIPINE ER 5 MG TABLET,EXTENDED RELEASE 24 HR"
282,284.0,13327829854,114734863,2017-09-07 00:00:00,2017-09-18 00:00:00,INSULIN LISPRO 100 UNIT/ML SUBCUTANEOUS SOLUTION
283,285.0,13327829854,114734863,2017-09-06 00:00:00,2017-09-13 00:00:00,INSULIN NPH HUMAN RECOMB 100 UNIT/ML SUBCUTANEOUS SUSPENSION
284,286.0,13327829854,114734863,2017-09-07 00:00:00,2017-09-18 00:00:00,MULTIVITAMIN TAB/CAP SUPER ORDERABLE
285,287.0,13327829854,114734863,2017-09-07 00:00:00,2017-09-18 00:00:00,FAMOTIDINE 20 MG TABLET
286,288.0,13327829854,114734863,2017-09-07 00:00:00,2017-09-18 00:00:00,PNEUMOCOCCAL 23 POLYVALENT VACCINE 25 MCG/0.5 ML INJECTION SOLUTION
287,289.0,13327829854,114734863,2017-09-07 00:00:00,2017-09-18 00:00:00,MULTIVITAMIN TAB/CAP SUPER ORDERABLE
288,290.0,13327829854,114734863,2017-09-07 00:00:00,2017-09-18 00:00:00,FEXOFENADINE 60 MG TABLET
289,291.0,13327829854,114734863,2017-09-07 00:00:00,2017-09-18 00:00:00,INSULIN LISPRO 100 UNIT/ML SUBCUTANEOUS SOLUTION
290,292.0,13327829854,114734863,2017-09-06 00:00:00,2017-09-18 00:00:00,FLUTICASONE 250 MCG-SALMETEROL 50 MCG/DOSE BLISTR POWDR FOR INHALATION
291,293.0,13327829854,114734863,2017-09-07 00:00:00,2017-09-18 00:00:00,PNEUMOCOCCAL 23 POLYVALENT VACCINE 25 MCG/0.5 ML INJECTION SOLUTION
292,294.0,13327829854,114734863,2017-09-07 00:00:00,2017-09-18 00:00:00,INSULIN LISPRO 100 UNIT/ML SUBCUTANEOUS SOLUTION
293,295.0,13327829854,114734863,2017-09-08 00:00:00,2017-09-13 00:00:00,ISOSORBIDE DINITRATE 20 MG TABLET
294,296.0,13327829854,114734863,2017-09-16 00:00:00,2017-09-16 00:00:00,SODIUM BICARBONATE INFUSION IN 1000 ML
295,297.0,13327829854,114734863,2017-09-05 00:00:00,2017-09-18 00:00:00,SODIUM CHLORIDE 0.9 % INJECTION SYRINGE
296,298.0,13327829854,114734863,2017-09-05 00:00:00,2017-09-07 00:00:00,IPRATROPIUM-ALBUTEROL 0.5 MG-3 MG(2.5 MG BASE)/3 ML NEBULIZATION SOLN
297,299.0,13327829854,114734863,2017-09-06 00:00:00,2017-09-18 00:00:00,POLYETHYLENE GLYCOL 3350 17 GRAM ORAL POWDER PACKET
298,300.0,10626158382,114734863,2008-01-25 00:00:00,2008-01-27 04:06:48,Insulin 70/30 (human) - LMR 950
299,301.0,10503188363,114734863,2008-01-13 15:36:23,2008-01-13 15:36:23,Rosuvastatin (crestor) - LMR 4372
300,302.0,10602699444,114734863,2010-10-30 00:00:00,2016-11-09 00:00:00,Felodipine-oncall
301,303.0,10211279386,114734863,2008-02-13 00:00:00,2008-06-18 00:00:00,Allegra-oncall
302,304.0,10626158382,114734863,2008-01-14 00:00:00,2008-01-27 04:06:48,Fluticasone propionate/salmeterol 250/50 (advair diskus 250/50)- lmr 3623
303,305.0,10412457280,114734863,2008-01-02 00:00:00,2008-01-02 00:00:00,"Injection, Dobutamine Hydrochloride, Per 250 Mg"
304,306.0,13383750510,114734863,2018-12-16 00:00:00,2018-12-16 00:00:00,ALBUTEROL SULFATE HFA 90 MCG/ACTUATION AEROSOL INHALER
305,307.0,10435285967,114734863,2011-03-30 00:00:00,2011-03-30 00:00:00,Byetta (exenatide) - LMR 5176
306,308.0,10615563789,114734863,2015-07-20 00:00:00,2015-07-20 00:00:00,Pneumococcal Vacc 13 Val Im HC (MGH)
307,309.0,10281104333,114734863,2015-09-22 00:00:00,2016-01-20 00:00:00,Furosemide (lasix) - LMR 323
308,310.0,13327829854,114734863,2017-09-07 00:00:00,2017-09-18 00:00:00,FEXOFENADINE 60 MG TABLET
309,311.0,13327829854,114734863,2017-09-14 00:00:00,2017-09-18 00:00:00,ASPIRIN 81 MG CHEWABLE TABLET
310,312.0,13327829854,114734863,2017-09-08 00:00:00,2017-09-13 00:00:00,ISOSORBIDE DINITRATE 20 MG TABLET
311,313.0,13327829854,114734863,2017-09-07 00:00:00,2017-09-18 00:00:00,"CHOLECALCIFEROL (VITAMIN D3) 1,000 UNIT TABLET"
312,314.0,13327829854,114734863,2017-09-07 00:00:00,2017-09-18 00:00:00,INSULIN LISPRO 100 UNIT/ML SUBCUTANEOUS SOLUTION
313,315.0,13327829854,114734863,2017-09-05 00:00:00,2017-09-05 00:00:00,ATORVASTATIN 80 MG TABLET
314,316.0,13327829854,114734863,2017-09-18 00:00:00,2017-09-18 00:00:00,TORSEMIDE 20 MG TABLET
315,317.0,13327829854,114734863,2017-09-08 00:00:00,2017-09-13 00:00:00,ISOSORBIDE DINITRATE 20 MG TABLET
316,318.0,13334074190,114734863,2017-10-31 00:00:00,2018-04-17 00:00:00,METOLAZONE 2.5 MG TABLET
317,319.0,13327829854,114734863,2017-09-06 00:00:00,2017-09-06 00:00:00,MELATONIN 5 MG TABLET
318,320.0,13327829854,114734863,2017-09-13 00:00:00,2017-09-18 00:00:00,ISOSORBIDE DINITRATE 20 MG TABLET
319,321.0,13327829854,114734863,2017-09-11 00:00:00,2017-09-18 00:00:00,AMLODIPINE 5 MG TABLET
320,322.0,13327829854,114734863,2017-09-09 00:00:00,2017-09-18 00:00:00,EVOLOCUMAB 140 MG/ML SUBCUTANEOUS PEN INJECTOR
321,323.0,13327829854,114734863,2017-09-07 00:00:00,2017-09-18 00:00:00,CITALOPRAM 20 MG TABLET
322,324.0,13327829854,114734863,2017-09-07 00:00:00,2017-09-18 00:00:00,INSULIN LISPRO 100 UNIT/ML SUBCUTANEOUS SOLUTION
323,325.0,13334499889,114734863,2018-01-03 00:00:00,2018-10-16 00:00:00,LOSARTAN 50 MG TABLET
324,326.0,13327829854,114734863,2017-09-13 00:00:00,2017-09-18 00:00:00,ISOSORBIDE DINITRATE 20 MG TABLET
325,327.0,13327829854,114734863,2017-09-07 00:00:00,2017-09-18 00:00:00,INSULIN LISPRO 100 UNIT/ML SUBCUTANEOUS SOLUTION
326,328.0,13327829854,114734863,2017-09-07 00:00:00,2017-09-18 00:00:00,FAMOTIDINE 20 MG TABLET
327,329.0,13327829854,114734863,2017-09-11 00:00:00,2017-09-11 00:00:00,DEXTROSE 10 % IN WATER (D10W) INTRAVENOUS SOLUTION
328,330.0,13327829854,114734863,2017-09-07 00:00:00,2017-09-18 00:00:00,ATENOLOL 50 MG TABLET
329,332.0,13296305671,114734863,2017-04-26 00:00:00,2017-11-21 00:00:00,INSULIN NPH AND REG HUMAN INSULIN 100 UNIT/ML (70-30)SUBCUTANEOUS SUSP
330,333.0,13327829854,114734863,2017-09-07 00:00:00,2017-09-13 00:00:00,ASPIRIN 325 MG TABLET
331,334.0,13327829854,114734863,2017-09-07 00:00:00,2017-09-18 00:00:00,"CHOLECALCIFEROL (VITAMIN D3) 1,000 UNIT TABLET"
332,335.0,13326748878,114734863,2018-02-20 00:00:00,2018-04-21 00:00:00,LATANOPROST 0.005 % EYE DROPS
333,336.0,13327829854,114734863,2017-09-07 00:00:00,2017-09-18 00:00:00,ATENOLOL 50 MG TABLET
334,337.0,13327829854,114734863,2017-09-07 00:00:00,2017-09-14 00:00:00,LOSARTAN 25 MG TABLET
335,338.0,13327829854,114734863,2017-09-06 00:00:00,2017-09-18 00:00:00,FLUTICASONE 250 MCG-SALMETEROL 50 MCG/DOSE BLISTR POWDR FOR INHALATION
336,339.0,13327829854,114734863,2017-09-06 00:00:00,2017-09-18 00:00:00,FLUTICASONE 250 MCG-SALMETEROL 50 MCG/DOSE BLISTR POWDR FOR INHALATION
337,340.0,13327829854,114734863,2017-09-07 00:00:00,2017-09-10 00:00:00,AMLODIPINE 5 MG TABLET
338,341.0,13327829854,114734863,2017-09-07 00:00:00,2017-09-18 00:00:00,ATENOLOL 50 MG TABLET
339,342.0,13327829854,114734863,2017-09-08 00:00:00,2017-09-13 00:00:00,ISOSORBIDE DINITRATE 20 MG TABLET
340,343.0,13327829854,114734863,2017-09-16 00:00:00,2017-09-18 00:00:00,AMINOPHYLLINE 250 MG/10 ML INTRAVENOUS SOLUTION
341,344.0,13327829854,114734863,2017-09-07 00:00:00,2017-09-10 00:00:00,AMLODIPINE 5 MG TABLET
342,345.0,13327829854,114734863,2017-09-11 00:00:00,2017-09-11 00:00:00,FUROSEMIDE 10 MG/ML INJECTION SOLUTION
343,346.0,13327829854,114734863,2017-09-07 00:00:00,2017-09-18 00:00:00,FAMOTIDINE 20 MG TABLET
344,347.0,13327829854,114734863,2017-09-06 00:00:00,2017-09-13 00:00:00,INSULIN NPH HUMAN RECOMB 100 UNIT/ML SUBCUTANEOUS SUSPENSION
345,348.0,13327829854,114734863,2017-09-06 00:00:00,2017-09-18 00:00:00,FLUTICASONE 250 MCG-SALMETEROL 50 MCG/DOSE BLISTR POWDR FOR INHALATION
346,349.0,13327829854,114734863,2017-09-07 00:00:00,2017-09-18 00:00:00,ATENOLOL 50 MG TABLET
347,350.0,13327829854,114734863,2017-09-07 00:00:00,2017-09-18 00:00:00,INSULIN LISPRO 100 UNIT/ML SUBCUTANEOUS SOLUTION
348,351.0,13327829854,114734863,2017-09-07 00:00:00,2017-09-18 00:00:00,CITALOPRAM 20 MG TABLET
349,352.0,13327829854,114734863,2017-09-05 00:00:00,2017-09-05 00:00:00,MAGNESIUM SULFATE 2 GRAM/50 ML (4 %) IN WATER INTRAVENOUS PIGGYBACK
350,353.0,13327829854,114734863,2017-09-13 00:00:00,2017-09-18 00:00:00,ISOSORBIDE DINITRATE 20 MG TABLET
351,354.0,13327829854,114734863,2017-09-07 00:00:00,2017-09-18 00:00:00,MULTIVITAMIN TAB/CAP SUPER ORDERABLE
352,355.0,13327829854,114734863,2017-09-05 00:00:00,2017-09-05 00:00:00,ISOSORBIDE DINITRATE 10 MG TABLET
353,356.0,13327829854,114734863,2017-09-09 00:00:00,2017-09-18 00:00:00,"POTASSIUM CHLORIDE ER 20 MEQ TABLET,EXTENDED RELEASE(PART/CRYST)"
354,357.0,13327829854,114734863,2017-09-08 00:00:00,2017-09-13 00:00:00,ISOSORBIDE DINITRATE 20 MG TABLET
355,358.0,13488500048,114734863,2020-12-09 00:00:00,2021-12-04 00:00:00,EMPAGLIFLOZIN 10 MG TABLET
356,359.0,13510452174,114734863,2021-05-01 00:00:00,2022-07-16 00:00:00,CHOLESTYRAMINE-ASPARTAME 4 GRAM ORAL POWDER
357,360.0,13327829854,114734863,2017-09-13 00:00:00,2017-09-18 00:00:00,ISOSORBIDE DINITRATE 20 MG TABLET
358,361.0,13327829854,114734863,2017-09-07 00:00:00,2017-09-18 00:00:00,INSULIN LISPRO 100 UNIT/ML SUBCUTANEOUS SOLUTION
359,362.0,13327829854,114734863,2017-09-07 00:00:00,2017-09-14 00:00:00,LOSARTAN 25 MG TABLET
360,363.0,13327829854,114734863,2017-09-14 00:00:00,2017-09-16 00:00:00,INSULIN NPH HUMAN RECOMB 100 UNIT/ML SUBCUTANEOUS SUSPENSION
361,364.0,13327829854,114734863,2017-09-07 00:00:00,2017-09-18 00:00:00,INSULIN LISPRO 100 UNIT/ML SUBCUTANEOUS SOLUTION
362,365.0,13327829854,114734863,2017-09-07 00:00:00,2017-09-18 00:00:00,CITALOPRAM 20 MG TABLET
363,366.0,13327829854,114734863,2017-09-08 00:00:00,2017-09-13 00:00:00,ISOSORBIDE DINITRATE 20 MG TABLET
364,367.0,13327829854,114734863,2017-09-06 00:00:00,2017-09-13 00:00:00,INSULIN NPH HUMAN RECOMB 100 UNIT/ML SUBCUTANEOUS SUSPENSION
365,368.0,13327829854,114734863,2017-09-05 00:00:00,2017-09-05 00:00:00,ASPIRIN 325 MG TABLET
366,369.0,13327829854,114734863,2017-09-11 00:00:00,2017-09-11 00:00:00,DEXTROSE 10 % IN WATER (D10W) INTRAVENOUS SOLUTION
367,370.0,13414246189,114734863,2019-11-16 00:00:00,2019-11-16 00:00:00,LATANOPROST 0.005 % EYE DROPS
368,371.0,13379856584,114734863,2018-12-03 00:00:00,2018-12-03 00:00:00,DEXTROSE 5 % AND 0.9 % SODIUM CHLORIDE INTRAVENOUS SOLUTION
369,372.0,10441059143,114734863,2016-02-02 00:00:00,2012-01-09 00:00:00,Losartan (cozaar) - LMR 1971
370,373.0,10503188363,114734863,2008-01-13 15:36:23,2008-01-13 15:36:23,Insulin nph human (humulin n) - LMR 384
371,374.0,10503188363,114734863,2008-01-13 15:36:22,2008-01-13 15:36:22,Felodipine - LMR 1212
372,375.0,10244172254,114734863,2008-01-21 00:00:00,2008-01-25 00:00:00,Aspirin 325mg tablet
373,376.0,10795433758,114734863,2013-06-10 00:00:00,2012-01-09 00:00:00,Losartan (cozaar) - LMR 1971
374,377.0,10714361447,114734863,2012-05-15 00:00:00,2009-12-08 00:00:00,Omeprazole (prilosec) - LMR 564
375,378.0,13414246189,114734863,2019-11-16 00:00:00,2019-11-16 00:00:00,BRIMONIDINE 0.1 % EYE DROPS
376,379.0,13445853630,114734863,2020-03-08 00:00:00,2020-06-06 00:00:00,TIOTROPIUM BROMIDE 2.5 MCG/ACTUATION MIST FOR INHALATION
377,380.0,13602759294,114734863,2022-08-16 00:00:00,2022-08-27 00:00:00,FLUTICASONE 250 MCG-SALMETEROL 50 MCG/DOSE BLISTR POWDR FOR INHALATION
378,381.0,13666222513,114734863,2023-07-03 00:00:00,2023-07-04 00:00:00,CLOTRIMAZOLE 1 % TOPICAL CREAM
379,382.0,13666663225,114734863,2023-06-24 00:00:00,2023-06-24 00:00:00,LIDOCAINE (PF) 10 MG/ML (1 %) INJECTION SOLUTION
380,383.0,13602759294,114734863,2022-08-16 00:00:00,2022-08-18 00:00:00,CIPROFLOXACIN 400 MG/200 ML IN 5 % DEXTROSE INTRAVENOUS PIGGYBACK
381,384.0,13602759294,114734863,2022-08-21 00:00:00,2022-08-27 00:00:00,"NYSTATIN 100,000 UNIT/GRAM TOPICAL POWDER"
382,385.0,13602759294,114734863,2022-08-21 00:00:00,2022-08-27 00:00:00,ZZ IMS TEMPLATE
383,386.0,13627460525,114734863,2022-12-17 00:00:00,2022-12-17 00:00:00,MIDAZOLAM (PF) 1 MG/ML INJECTION SOLUTION
384,387.0,13602759294,114734863,2022-08-16 00:00:00,2022-08-27 00:00:00,FLUTICASONE 250 MCG-SALMETEROL 50 MCG/DOSE BLISTR POWDR FOR INHALATION
385,388.0,13602759294,114734863,2022-08-16 00:00:00,2022-08-24 00:00:00,METOPROLOL TARTRATE 25 MG TABLET
386,389.0,13602759294,114734863,2022-08-16 00:00:00,2022-08-24 00:00:00,METOPROLOL TARTRATE 25 MG TABLET
387,390.0,13633223615,114734863,2023-01-11 00:00:00,2023-01-11 00:00:00,LATANOPROST 0.005 % EYE DROPS
388,391.0,13602759294,114734863,2022-08-19 00:00:00,2022-08-27 00:00:00,INSULIN LISPRO (U-100) 100 UNIT/ML SUBCUTANEOUS SOLUTION
389,392.0,13327829854,114734863,2017-09-06 00:00:00,2017-09-18 00:00:00,FLUTICASONE 250 MCG-SALMETEROL 50 MCG/DOSE BLISTR POWDR FOR INHALATION
390,393.0,13327829854,114734863,2017-09-09 00:00:00,2017-09-18 00:00:00,"POTASSIUM CHLORIDE ER 20 MEQ TABLET,EXTENDED RELEASE(PART/CRYST)"
391,394.0,13327829854,114734863,2017-09-06 00:00:00,2017-09-18 00:00:00,SODIUM CHLORIDE 0.9 % INTRAVENOUS SOLUTION
392,395.0,13327829854,114734863,2017-09-07 00:00:00,2017-09-18 00:00:00,ATENOLOL 50 MG TABLET
393,396.0,13325132911,114734863,2017-08-16 00:00:00,2018-02-13 00:00:00,EVOLOCUMAB 140 MG/ML SUBCUTANEOUS PEN INJECTOR
394,397.0,13327829854,114734863,2017-09-07 00:00:00,2017-09-18 00:00:00,INSULIN LISPRO 100 UNIT/ML SUBCUTANEOUS SOLUTION
395,398.0,13327829854,114734863,2017-09-06 00:00:00,2017-09-18 00:00:00,FLUTICASONE 250 MCG-SALMETEROL 50 MCG/DOSE BLISTR POWDR FOR INHALATION
396,399.0,13441266872,114734863,2020-06-09 00:00:00,2021-04-13 00:00:00,CITALOPRAM 40 MG TABLET
397,400.0,13345288319,114734863,2018-06-05 00:00:00,2018-06-05 00:00:00,CHLORTHALIDONE 25 MG TABLET
398,401.0,13327829854,114734863,2017-09-13 00:00:00,2017-09-18 00:00:00,ISOSORBIDE DINITRATE 20 MG TABLET
399,402.0,13365493663,114734863,2018-07-22 00:00:00,2019-06-19 00:00:00,"BD INSULIN SYRINGE ULTRA-FINE 1 ML 29 GAUGE X 1/2"""
400,403.0,13327829854,114734863,2017-09-07 00:00:00,2017-09-18 00:00:00,MULTIVITAMIN TAB/CAP SUPER ORDERABLE
401,404.0,13327829854,114734863,2017-09-13 00:00:00,2017-09-17 00:00:00,FUROSEMIDE 10 MG/ML INJECTION SOLUTION
402,405.0,13327829854,114734863,2017-09-13 00:00:00,2017-09-18 00:00:00,ISOSORBIDE DINITRATE 20 MG TABLET
403,406.0,13327829854,114734863,2017-09-06 00:00:00,2017-09-18 00:00:00,FLUTICASONE 250 MCG-SALMETEROL 50 MCG/DOSE BLISTR POWDR FOR INHALATION
404,407.0,13327829854,114734863,2017-09-06 00:00:00,2017-09-18 00:00:00,FLUTICASONE 250 MCG-SALMETEROL 50 MCG/DOSE BLISTR POWDR FOR INHALATION
405,408.0,13327829854,114734863,2017-09-06 00:00:00,2017-09-18 00:00:00,FLUTICASONE 250 MCG-SALMETEROL 50 MCG/DOSE BLISTR POWDR FOR INHALATION
406,409.0,13326748878,114734863,2017-11-20 00:00:00,2018-02-20 00:00:00,ALPHAGAN P 0.15 % EYE DROPS
407,410.0,13327829854,114734863,2017-09-07 00:00:00,2017-09-18 00:00:00,IPRATROPIUM-ALBUTEROL 0.5 MG-3 MG(2.5 MG BASE)/3 ML NEBULIZATION SOLN
408,411.0,13327829854,114734863,2017-09-14 00:00:00,2017-09-18 00:00:00,ASPIRIN 81 MG CHEWABLE TABLET
409,412.0,13327829854,114734863,2017-09-07 00:00:00,2017-09-18 00:00:00,INSULIN LISPRO 100 UNIT/ML SUBCUTANEOUS SOLUTION
410,413.0,13327829854,114734863,2017-09-06 00:00:00,2017-09-18 00:00:00,MAGNESIUM SULFATE 2 GRAM/50 ML (4 %) IN WATER INTRAVENOUS PIGGYBACK
411,414.0,13327829854,114734863,2017-09-06 00:00:00,2017-09-18 00:00:00,FLUTICASONE 250 MCG-SALMETEROL 50 MCG/DOSE BLISTR POWDR FOR INHALATION
412,415.0,13327829854,114734863,2017-09-08 00:00:00,2017-09-13 00:00:00,ISOSORBIDE DINITRATE 20 MG TABLET
413,416.0,13327829854,114734863,2017-09-07 00:00:00,2017-09-18 00:00:00,"CHOLECALCIFEROL (VITAMIN D3) 1,000 UNIT TABLET"
414,417.0,13327829854,114734863,2017-09-08 00:00:00,2017-09-13 00:00:00,ISOSORBIDE DINITRATE 20 MG TABLET
415,418.0,13327829854,114734863,2017-09-07 00:00:00,2017-09-18 00:00:00,FEXOFENADINE 60 MG TABLET
416,419.0,13327829854,114734863,2017-09-07 00:00:00,2017-09-18 00:00:00,INSULIN LISPRO 100 UNIT/ML SUBCUTANEOUS SOLUTION
417,420.0,13327829854,114734863,2017-09-07 00:00:00,2017-09-18 00:00:00,ATENOLOL 50 MG TABLET
418,421.0,13327829854,114734863,2017-09-07 00:00:00,2017-09-18 00:00:00,IPRATROPIUM-ALBUTEROL 0.5 MG-3 MG(2.5 MG BASE)/3 ML NEBULIZATION SOLN
419,422.0,13327829854,114734863,2017-09-07 00:00:00,2017-09-18 00:00:00,"CHOLECALCIFEROL (VITAMIN D3) 1,000 UNIT TABLET"
420,423.0,13327829854,114734863,2017-09-07 00:00:00,2017-09-18 00:00:00,ATENOLOL 50 MG TABLET
421,424.0,13409080253,114734863,2019-06-25 00:00:00,2020-04-28 00:00:00,INSULIN HUMAN U-100 NPH-REGULR 70-30 MIX 100 UNIT/ML SUBCUTANEOUS SUSP
422,425.0,13407241735,114734863,2019-06-12 00:00:00,2020-04-28 00:00:00,"ISOSORBIDE MONONITRATE ER 60 MG TABLET,EXTENDED RELEASE 24 HR"
423,426.0,13379856584,114734863,2018-12-03 00:00:00,2018-12-03 00:00:00,DEXTROSE 5 % AND 0.9 % SODIUM CHLORIDE INTRAVENOUS SOLUTION
424,427.0,13327829854,114734863,2017-09-06 00:00:00,2017-09-18 00:00:00,SODIUM CHLORIDE 0.9 % INJECTION SYRINGE
425,428.0,13327829854,114734863,2017-09-06 00:00:00,2017-09-08 00:00:00,ZZ IMS TEMPLATE
426,429.0,13327829854,114734863,2017-09-06 00:00:00,2017-09-06 00:00:00,FUROSEMIDE 10 MG/ML INJECTION SOLUTION
427,430.0,13327829854,114734863,2017-09-11 00:00:00,2017-09-11 00:00:00,DEXTROSE 10 % IN WATER (D10W) INTRAVENOUS SOLUTION
428,431.0,13327829854,114734863,2017-09-18 00:00:00,2017-10-07 00:00:00,"ISOSORBIDE MONONITRATE ER 60 MG TABLET,EXTENDED RELEASE 24 HR"
429,432.0,13327829854,114734863,2017-09-06 00:00:00,2017-09-18 00:00:00,MAGNESIUM SULFATE 2 GRAM/50 ML (4 %) IN WATER INTRAVENOUS PIGGYBACK
430,433.0,13327829854,114734863,2017-09-16 00:00:00,2017-09-16 00:00:00,KIT PREPARATION OF TC 99M-SESTAMIBI COMBO NO.1 IV SOLUTION
431,434.0,13327829854,114734863,2017-09-06 00:00:00,2017-09-13 00:00:00,INSULIN NPH HUMAN RECOMB 100 UNIT/ML SUBCUTANEOUS SUSPENSION
432,435.0,13327829854,114734863,2017-09-07 00:00:00,2017-09-14 00:00:00,LOSARTAN 25 MG TABLET
433,436.0,13327829854,114734863,2017-09-06 00:00:00,2017-09-18 00:00:00,SODIUM CHLORIDE 0.9 % INJECTION SYRINGE
434,438.0,13327829854,114734863,2017-09-07 00:00:00,2017-09-18 00:00:00,IPRATROPIUM-ALBUTEROL 0.5 MG-3 MG(2.5 MG BASE)/3 ML NEBULIZATION SOLN
435,439.0,13327829854,114734863,2017-09-07 00:00:00,2017-09-18 00:00:00,"CHOLECALCIFEROL (VITAMIN D3) 1,000 UNIT TABLET"
436,440.0,13445872317,114734863,2020-03-08 00:00:00,2021-04-13 00:00:00,TIOTROPIUM BROMIDE 2.5 MCG/ACTUATION MIST FOR INHALATION
437,441.0,13327829854,114734863,2017-09-07 00:00:00,2017-09-18 00:00:00,FAMOTIDINE 20 MG TABLET
438,442.0,13327829854,114734863,2017-09-07 00:00:00,2017-09-13 00:00:00,ASPIRIN 325 MG TABLET
439,443.0,13327829854,114734863,2017-09-06 00:00:00,2017-09-18 00:00:00,FLUTICASONE 250 MCG-SALMETEROL 50 MCG/DOSE BLISTR POWDR FOR INHALATION
440,444.0,13372334663,114734863,2018-10-16 00:00:00,2019-06-24 00:00:00,INSULIN HUMAN U-100 NPH-REGULR 70-30 MIX 100 UNIT/ML SUBCUTANEOUS SUSP
441,445.0,13471935757,114734863,2020-08-17 00:00:00,2020-08-17 00:00:00,FLASH GLUCOSE SCANNING READER
442,446.0,13490836211,114734863,2020-12-29 00:00:00,2021-12-27 00:00:00,FREESTYLE LIBRE 14 DAY SENSOR KIT
443,447.0,13461438872,114734863,2020-12-08 00:00:00,2020-12-09 00:00:00,EMPAGLIFLOZIN 10 MG TABLET
444,448.0,13327829854,114734863,2017-09-07 00:00:00,2017-09-18 00:00:00,FEXOFENADINE 60 MG TABLET
445,449.0,13327829854,114734863,2017-09-07 00:00:00,2017-09-18 00:00:00,CITALOPRAM 20 MG TABLET
446,450.0,13327829854,114734863,2017-09-07 00:00:00,2017-09-18 00:00:00,IPRATROPIUM-ALBUTEROL 0.5 MG-3 MG(2.5 MG BASE)/3 ML NEBULIZATION SOLN
447,451.0,13327829854,114734863,2017-09-07 00:00:00,2017-09-18 00:00:00,IPRATROPIUM-ALBUTEROL 0.5 MG-3 MG(2.5 MG BASE)/3 ML NEBULIZATION SOLN
448,453.0,13327829854,114734863,2017-09-07 00:00:00,2017-09-18 00:00:00,INSULIN LISPRO 100 UNIT/ML SUBCUTANEOUS SOLUTION
449,454.0,13327829854,114734863,2017-09-05 00:00:00,2017-09-18 00:00:00,SODIUM CHLORIDE 0.9 % INJECTION SYRINGE
450,455.0,13327829854,114734863,2017-09-09 00:00:00,2017-09-18 00:00:00,"POTASSIUM CHLORIDE ER 20 MEQ TABLET,EXTENDED RELEASE(PART/CRYST)"
451,456.0,13327829854,114734863,2017-09-18 00:00:00,2017-10-07 00:00:00,"ISOSORBIDE MONONITRATE ER 30 MG TABLET,EXTENDED RELEASE 24 HR"
452,457.0,13327829854,114734863,2017-09-07 00:00:00,2017-09-18 00:00:00,FAMOTIDINE 20 MG TABLET
453,458.0,13327829854,114734863,2017-09-07 00:00:00,2017-09-14 00:00:00,LOSARTAN 25 MG TABLET
454,459.0,13327829854,114734863,2017-09-07 00:00:00,2017-09-18 00:00:00,IPRATROPIUM-ALBUTEROL 0.5 MG-3 MG(2.5 MG BASE)/3 ML NEBULIZATION SOLN
455,460.0,13327829854,114734863,2017-09-12 00:00:00,2017-09-18 00:00:00,ATROPINE 0.1 MG/ML INJECTION SYRINGE
456,461.0,13327829854,114734863,2017-09-06 00:00:00,2017-09-08 00:00:00,ZZ IMS TEMPLATE
457,462.0,13327829854,114734863,2017-09-13 00:00:00,2017-09-17 00:00:00,FUROSEMIDE 10 MG/ML INJECTION SOLUTION
458,463.0,13327829854,114734863,2017-09-06 00:00:00,2017-09-18 00:00:00,DEXTROSE 50 % IN WATER (D50W) INTRAVENOUS SYRINGE
459,464.0,13327829854,114734863,2017-09-07 00:00:00,2017-09-18 00:00:00,INSULIN LISPRO 100 UNIT/ML SUBCUTANEOUS SOLUTION
460,465.0,13327829854,114734863,2017-09-06 00:00:00,2017-09-18 00:00:00,FLUTICASONE 250 MCG-SALMETEROL 50 MCG/DOSE BLISTR POWDR FOR INHALATION
461,466.0,13327829854,114734863,2017-09-07 00:00:00,2017-09-14 00:00:00,LOSARTAN 25 MG TABLET
462,467.0,13327829854,114734863,2017-09-07 00:00:00,2017-09-18 00:00:00,INSULIN LISPRO 100 UNIT/ML SUBCUTANEOUS SOLUTION
463,468.0,13327829854,114734863,2017-09-07 00:00:00,2017-09-18 00:00:00,FEXOFENADINE 60 MG TABLET
464,470.0,13327829854,114734863,2017-09-08 00:00:00,2017-09-13 00:00:00,ISOSORBIDE DINITRATE 20 MG TABLET
465,471.0,13353608192,114734863,2018-04-21 00:00:00,2019-06-19 00:00:00,BRIMONIDINE 0.1 % EYE DROPS
466,472.0,13327829854,114734863,2017-09-07 00:00:00,2017-09-13 00:00:00,ASPIRIN 325 MG TABLET
467,473.0,13345437298,114734863,2018-02-13 00:00:00,2018-02-13 00:00:00,REPATHA SURECLICK 140 MG/ML SUBCUTANEOUS PEN INJECTOR
468,474.0,13327829854,114734863,2017-09-12 00:00:00,2017-09-12 00:00:00,DEXTROSE 10 % IN WATER (D10W) INTRAVENOUS SOLUTION
469,475.0,13345288319,114734863,2018-06-05 00:00:00,2018-07-25 00:00:00,CHLORTHALIDONE 25 MG TABLET
470,476.0,13327829854,114734863,2017-09-18 00:00:00,2017-09-18 00:00:00,INSULIN NPH HUMAN RECOMB 100 UNIT/ML SUBCUTANEOUS SUSPENSION
471,477.0,13327829854,114734863,2017-09-07 00:00:00,2017-09-18 00:00:00,IPRATROPIUM-ALBUTEROL 0.5 MG-3 MG(2.5 MG BASE)/3 ML NEBULIZATION SOLN
472,478.0,13327829854,114734863,2017-09-06 00:00:00,2017-09-13 00:00:00,INSULIN NPH HUMAN RECOMB 100 UNIT/ML SUBCUTANEOUS SUSPENSION
473,479.0,13507213825,114734863,2021-04-13 00:00:00,2022-06-04 00:00:00,FLUTICASONE 250 MCG-SALMETEROL 50 MCG/DOSE BLISTR POWDR FOR INHALATION
474,480.0,13327829854,114734863,2017-09-14 00:00:00,2017-09-14 00:00:00,METOLAZONE 2.5 MG TABLET
475,481.0,13327829854,114734863,2017-09-07 00:00:00,2017-09-10 00:00:00,AMLODIPINE 5 MG TABLET
476,482.0,13327829854,114734863,2017-09-07 00:00:00,2017-09-18 00:00:00,INSULIN LISPRO 100 UNIT/ML SUBCUTANEOUS SOLUTION
477,483.0,13327829854,114734863,2017-09-07 00:00:00,2017-09-18 00:00:00,INSULIN LISPRO 100 UNIT/ML SUBCUTANEOUS SOLUTION
478,484.0,13441266872,114734863,2020-06-09 00:00:00,2021-04-13 00:00:00,LOSARTAN 50 MG TABLET
479,485.0,13435741017,114734863,2019-12-31 00:00:00,2020-12-08 00:00:00,JARDIANCE 10 MG TABLET
480,486.0,13327829854,114734863,2017-09-13 00:00:00,2017-09-16 00:00:00,INSULIN NPH HUMAN RECOMB 100 UNIT/ML SUBCUTANEOUS SUSPENSION
481,487.0,13327829854,114734863,2017-09-07 00:00:00,2017-09-13 00:00:00,ASPIRIN 325 MG TABLET
482,488.0,13327829854,114734863,2017-09-07 00:00:00,2017-09-18 00:00:00,ATENOLOL 50 MG TABLET
483,489.0,13327829854,114734863,2017-09-17 00:00:00,2017-09-18 00:00:00,INSULIN NPH HUMAN RECOMB 100 UNIT/ML SUBCUTANEOUS SUSPENSION
484,490.0,13327829854,114734863,2017-09-05 00:00:00,2017-09-05 00:00:00,MAGNESIUM SULFATE 2 GRAM/50 ML (4 %) IN WATER INTRAVENOUS PIGGYBACK
485,491.0,13327829854,114734863,2017-09-11 00:00:00,2017-09-18 00:00:00,AMLODIPINE 5 MG TABLET
486,492.0,13327829854,114734863,2017-09-07 00:00:00,2017-09-18 00:00:00,INSULIN LISPRO 100 UNIT/ML SUBCUTANEOUS SOLUTION
487,493.0,13482642644,114734863,2020-10-20 00:00:00,2022-07-16 00:00:00,FREESTYLE LITE METER KIT
488,494.0,13326748878,114734863,2017-11-29 00:00:00,2018-07-22 00:00:00,"BD INSULIN SYRINGE ULTRA-FINE 1 ML 29 GAUGE X 1/2"""
489,495.0,13327829854,114734863,2017-09-07 00:00:00,2017-09-18 00:00:00,FEXOFENADINE 60 MG TABLET
490,496.0,13327829854,114734863,2017-09-07 00:00:00,2017-09-07 00:00:00,"POTASSIUM CHLORIDE ER 20 MEQ TABLET,EXTENDED RELEASE(PART/CRYST)"
491,497.0,13327829854,114734863,2017-09-08 00:00:00,2017-09-13 00:00:00,ISOSORBIDE DINITRATE 20 MG TABLET
492,498.0,13327829854,114734863,2017-09-06 00:00:00,2017-09-18 00:00:00,FLUTICASONE 250 MCG-SALMETEROL 50 MCG/DOSE BLISTR POWDR FOR INHALATION
493,499.0,13327829854,114734863,2017-09-14 00:00:00,2017-09-18 00:00:00,ASPIRIN 81 MG CHEWABLE TABLET
494,500.0,13327829854,114734863,2017-09-06 00:00:00,2017-09-08 00:00:00,ZZ IMS TEMPLATE
495,501.0,13327829854,114734863,2017-09-13 00:00:00,2017-09-18 00:00:00,ISOSORBIDE DINITRATE 20 MG TABLET
496,502.0,13379546579,114734863,2018-12-16 00:00:00,2019-01-22 00:00:00,TIOTROPIUM BROMIDE 2.5 MCG/ACTUATION MIST FOR INHALATION
497,503.0,13355916717,114734863,2018-10-30 00:00:00,2019-01-09 00:00:00,BUMETANIDE 1 MG TABLET
498,504.0,13327829854,114734863,2017-09-06 00:00:00,2017-09-18 00:00:00,FLUTICASONE 250 MCG-SALMETEROL 50 MCG/DOSE BLISTR POWDR FOR INHALATION
499,505.0,13327829854,114734863,2017-09-07 00:00:00,2017-09-18 00:00:00,FEXOFENADINE 60 MG TABLET
500,506.0,13327829854,114734863,2017-09-07 00:00:00,2017-09-14 00:00:00,LOSARTAN 25 MG TABLET
501,507.0,13327829854,114734863,2017-09-07 00:00:00,2017-09-13 00:00:00,INSULIN NPH HUMAN RECOMB 100 UNIT/ML SUBCUTANEOUS SUSPENSION
502,508.0,13327829854,114734863,2017-09-07 00:00:00,2017-09-08 00:00:00,FUROSEMIDE 10 MG/ML INJECTION SOLUTION
503,509.0,13327829854,114734863,2017-09-07 00:00:00,2017-09-18 00:00:00,CITALOPRAM 20 MG TABLET
504,510.0,13354869659,114734863,2018-05-21 00:00:00,2018-07-25 00:00:00,BUMETANIDE 1 MG TABLET
505,511.0,13372264424,114734863,2018-09-18 00:00:00,2019-01-22 00:00:00,EMPAGLIFLOZIN 10 MG TABLET
506,512.0,13602759294,114734863,2022-08-20 00:00:00,2022-08-27 00:00:00,BUMETANIDE 1 MG TABLET
507,513.0,13602759294,114734863,2022-08-20 00:00:00,2022-08-27 00:00:00,METRONIDAZOLE 250 MG TABLET
508,514.0,13602759294,114734863,2022-08-16 00:00:00,2022-08-27 00:00:00,FLUTICASONE 250 MCG-SALMETEROL 50 MCG/DOSE BLISTR POWDR FOR INHALATION
509,515.0,13666222513,114734863,2023-07-03 00:00:00,2023-07-04 00:00:00,BUMETANIDE 1 MG TABLET
510,516.0,13602759294,114734863,2022-08-19 00:00:00,2022-08-27 00:00:00,INSULIN LISPRO (U-100) 100 UNIT/ML SUBCUTANEOUS SOLUTION
511,517.0,13602759294,114734863,2022-08-16 00:00:00,2022-08-27 00:00:00,ACETAMINOPHEN 650 MG RECTAL SUPPOSITORY
512,518.0,13666222513,114734863,2023-07-03 00:00:00,2023-07-04 00:00:00,FENTANYL (PF) 50 MCG/ML INJECTION SOLUTION
513,519.0,13602759294,114734863,2022-08-16 00:00:00,2022-08-27 00:00:00,TAMSULOSIN 0.4 MG CAPSULE
514,520.0,13602759294,114734863,2022-08-16 00:00:00,2022-08-24 00:00:00,METOPROLOL TARTRATE 25 MG TABLET
515,521.0,13602759294,114734863,2022-08-16 00:00:00,2022-08-27 00:00:00,ACETAMINOPHEN 650 MG RECTAL SUPPOSITORY
516,522.0,13602759294,114734863,2022-08-21 00:00:00,2022-08-27 00:00:00,"NYSTATIN 100,000 UNIT/GRAM TOPICAL POWDER"
517,523.0,13602759294,114734863,2022-08-16 00:00:00,2022-08-27 00:00:00,ASPIRIN 81 MG CHEWABLE TABLET
518,524.0,13668231746,114734863,2023-07-03 00:00:00,2023-07-03 00:00:00,SUGAMMADEX 100 MG/ML INTRAVENOUS SOLUTION
519,525.0,13602759294,114734863,2022-08-16 00:00:00,2022-08-27 00:00:00,TAMSULOSIN 0.4 MG CAPSULE
520,526.0,13602759294,114734863,2022-08-21 00:00:00,2022-08-27 00:00:00,"NYSTATIN 100,000 UNIT/GRAM TOPICAL POWDER"
521,527.0,13602759294,114734863,2022-08-16 00:00:00,2022-08-24 00:00:00,METOPROLOL TARTRATE 25 MG TABLET
522,528.0,13602759294,114734863,2022-08-16 00:00:00,2022-08-27 00:00:00,LATANOPROST 0.005 % EYE DROPS
523,529.0,13602759294,114734863,2022-08-16 00:00:00,2022-08-27 00:00:00,BRIMONIDINE 0.15 % EYE DROPS
524,530.0,13666222513,114734863,2023-07-03 00:00:00,2023-07-04 00:00:00,LACTATED RINGERS INTRAVENOUS SOLUTION
525,531.0,13602759294,114734863,2022-08-17 00:00:00,2022-08-17 00:00:00,FENTANYL (PF) 50 MCG/ML INJECTION SOLUTION
526,532.0,13602759294,114734863,2022-08-20 00:00:00,2022-08-27 00:00:00,VANCOMYCIN 125 MG CAPSULE
527,533.0,13666222513,114734863,2023-07-03 00:00:00,2023-07-04 00:00:00,FLUTICASONE 250 MCG-SALMETEROL 50 MCG/DOSE BLISTR POWDR FOR INHALATION
528,534.0,13650132427,114734863,2023-04-01 00:00:00,2023-04-01 00:00:00,NOVOLOG MIX 70-30 U-100 INSULN SUBQ
529,535.0,10602699444,114734863,2011-07-26 00:00:00,2016-11-09 00:00:00,Albuterol hfa inhaler-oncall
530,536.0,10442580796,114734863,2002-01-09 00:00:00,2003-01-15 00:00:00,Plavix-oncall
531,537.0,10613369177,114734863,2014-04-16 00:00:00,2008-04-22 00:00:00,Metformin (glucophage) - LMR 1084
532,538.0,10216549972,114734863,2013-06-10 00:00:00,2013-06-10 00:00:00,Escitalopram (lexapro) - LMR 3925
533,539.0,13496023527,114734863,2021-02-03 00:00:00,2021-02-27 00:00:00,LATANOPROST 0.005 % EYE DROPS
534,540.0,13327829854,114734863,2017-09-06 00:00:00,2017-09-06 00:00:00,ISOSORBIDE DINITRATE 10 MG TABLET
535,541.0,13327829854,114734863,2017-09-09 00:00:00,2017-09-18 00:00:00,"POTASSIUM CHLORIDE ER 20 MEQ TABLET,EXTENDED RELEASE(PART/CRYST)"
536,542.0,13327829854,114734863,2017-09-07 00:00:00,2017-09-13 00:00:00,INSULIN NPH HUMAN RECOMB 100 UNIT/ML SUBCUTANEOUS SUSPENSION
537,543.0,13327829854,114734863,2017-09-07 00:00:00,2017-09-13 00:00:00,INSULIN NPH HUMAN RECOMB 100 UNIT/ML SUBCUTANEOUS SUSPENSION
538,544.0,13327829854,114734863,2017-09-06 00:00:00,2017-09-18 00:00:00,ALBUTEROL SULFATE HFA 90 MCG/ACTUATION AEROSOL INHALER
539,545.0,13327829854,114734863,2017-09-08 00:00:00,2017-09-13 00:00:00,ISOSORBIDE DINITRATE 20 MG TABLET
540,546.0,13327829854,114734863,2017-09-07 00:00:00,2017-09-18 00:00:00,IPRATROPIUM-ALBUTEROL 0.5 MG-3 MG(2.5 MG BASE)/3 ML NEBULIZATION SOLN
541,547.0,13327829854,114734863,2017-09-12 00:00:00,2017-09-12 00:00:00,FENTANYL (PF) 50 MCG/ML INJECTION SOLUTION
542,548.0,13365493663,114734863,2018-07-22 00:00:00,2018-10-16 00:00:00,LORATADINE 10 MG TABLET
543,549.0,13327829854,114734863,2017-09-07 00:00:00,2017-09-18 00:00:00,FEXOFENADINE 60 MG TABLET
544,550.0,13327829854,114734863,2017-09-06 00:00:00,2017-09-08 00:00:00,ZZ IMS TEMPLATE
545,551.0,13327829854,114734863,2017-09-07 00:00:00,2017-09-13 00:00:00,INSULIN NPH HUMAN RECOMB 100 UNIT/ML SUBCUTANEOUS SUSPENSION
546,552.0,13327829854,114734863,2017-09-07 00:00:00,2017-09-18 00:00:00,"CHOLECALCIFEROL (VITAMIN D3) 1,000 UNIT TABLET"
547,553.0,13327829854,114734863,2017-09-07 00:00:00,2017-09-18 00:00:00,IPRATROPIUM-ALBUTEROL 0.5 MG-3 MG(2.5 MG BASE)/3 ML NEBULIZATION SOLN
548,554.0,13327829854,114734863,2017-09-06 00:00:00,2017-09-06 00:00:00,IOPAMIDOL 76 % INTRAVENOUS SOLUTION
549,555.0,13327829854,114734863,2017-09-07 00:00:00,2017-09-18 00:00:00,IPRATROPIUM-ALBUTEROL 0.5 MG-3 MG(2.5 MG BASE)/3 ML NEBULIZATION SOLN
550,556.0,13327829854,114734863,2017-09-07 00:00:00,2017-09-18 00:00:00,FAMOTIDINE 20 MG TABLET
551,557.0,13364103008,114734863,2018-07-25 00:00:00,2018-10-30 00:00:00,BUMETANIDE 1 MG TABLET
552,558.0,13327829854,114734863,2017-09-18 00:00:00,2017-10-04 00:00:00,TORSEMIDE 20 MG TABLET
553,559.0,13327829854,114734863,2017-09-13 00:00:00,2017-09-18 00:00:00,ISOSORBIDE DINITRATE 20 MG TABLET
554,560.0,13329201477,114734863,2017-10-23 00:00:00,2018-01-03 00:00:00,LOSARTAN 50 MG TABLET
555,561.0,13327829854,114734863,2017-09-11 00:00:00,2017-09-18 00:00:00,AMLODIPINE 5 MG TABLET
556,562.0,13372444041,114734863,2019-01-22 00:00:00,2020-06-09 00:00:00,FREESTYLE LITE STRIPS
557,563.0,13327829854,114734863,2017-09-07 00:00:00,2017-09-18 00:00:00,INSULIN LISPRO 100 UNIT/ML SUBCUTANEOUS SOLUTION
558,564.0,13327829854,114734863,2017-09-07 00:00:00,2017-09-18 00:00:00,ATENOLOL 50 MG TABLET
559,565.0,13339987805,114734863,2018-05-07 00:00:00,2018-05-15 00:00:00,RANITIDINE 150 MG TABLET
560,566.0,13327829854,114734863,2017-09-07 00:00:00,2017-09-18 00:00:00,IPRATROPIUM-ALBUTEROL 0.5 MG-3 MG(2.5 MG BASE)/3 ML NEBULIZATION SOLN
561,567.0,13327829854,114734863,2017-09-07 00:00:00,2017-09-18 00:00:00,MULTIVITAMIN TAB/CAP SUPER ORDERABLE
562,568.0,13327829854,114734863,2017-09-07 00:00:00,2017-09-18 00:00:00,INSULIN LISPRO 100 UNIT/ML SUBCUTANEOUS SOLUTION
563,569.0,13327829854,114734863,2017-09-13 00:00:00,2017-09-18 00:00:00,ISOSORBIDE DINITRATE 20 MG TABLET
564,570.0,13327829854,114734863,2017-09-09 00:00:00,2017-09-18 00:00:00,"POTASSIUM CHLORIDE ER 20 MEQ TABLET,EXTENDED RELEASE(PART/CRYST)"
565,571.0,13327829854,114734863,2017-09-07 00:00:00,2017-09-14 00:00:00,LOSARTAN 25 MG TABLET
566,572.0,13327829854,114734863,2017-09-07 00:00:00,2017-09-18 00:00:00,MULTIVITAMIN TAB/CAP SUPER ORDERABLE
567,573.0,13324732973,114734863,2017-08-13 00:00:00,2017-08-16 00:00:00,EVOLOCUMAB 140 MG/ML SUBCUTANEOUS PEN INJECTOR
568,574.0,13327829854,114734863,2017-09-06 00:00:00,2017-09-18 00:00:00,MAGNESIUM SULFATE 2 GRAM/50 ML (4 %) IN WATER INTRAVENOUS PIGGYBACK
569,575.0,13327829854,114734863,2017-09-07 00:00:00,2017-09-18 00:00:00,CITALOPRAM 20 MG TABLET
570,576.0,13327829854,114734863,2017-09-08 00:00:00,2017-09-13 00:00:00,ISOSORBIDE DINITRATE 20 MG TABLET
571,577.0,13327829854,114734863,2017-09-16 00:00:00,2017-09-16 00:00:00,REGADENOSON 0.4 MG/5 ML INTRAVENOUS SYRINGE
572,578.0,13327829854,114734863,2017-09-09 00:00:00,2017-09-09 00:00:00,FUROSEMIDE 10 MG/ML INJECTION SOLUTION
573,579.0,13327829854,114734863,2017-09-07 00:00:00,2017-09-18 00:00:00,"CHOLECALCIFEROL (VITAMIN D3) 1,000 UNIT TABLET"
574,580.0,13327829854,114734863,2017-09-06 00:00:00,2017-09-18 00:00:00,FLUTICASONE 250 MCG-SALMETEROL 50 MCG/DOSE BLISTR POWDR FOR INHALATION
575,581.0,13327829854,114734863,2017-09-09 00:00:00,2017-09-10 00:00:00,FUROSEMIDE 10 MG/ML INJECTION SOLUTION
576,582.0,13327829854,114734863,2017-09-07 00:00:00,2017-09-18 00:00:00,INSULIN LISPRO 100 UNIT/ML SUBCUTANEOUS SOLUTION
577,583.0,13327829854,114734863,2017-09-07 00:00:00,2017-09-18 00:00:00,IPRATROPIUM-ALBUTEROL 0.5 MG-3 MG(2.5 MG BASE)/3 ML NEBULIZATION SOLN
578,584.0,13327829854,114734863,2017-09-07 00:00:00,2017-09-18 00:00:00,FEXOFENADINE 60 MG TABLET
579,585.0,13327829854,114734863,2017-09-07 00:00:00,2017-09-18 00:00:00,FAMOTIDINE 20 MG TABLET
580,586.0,13327829854,114734863,2017-09-08 00:00:00,2017-09-13 00:00:00,ISOSORBIDE DINITRATE 20 MG TABLET
581,587.0,13327829854,114734863,2017-09-07 00:00:00,2017-09-18 00:00:00,ATENOLOL 50 MG TABLET
582,588.0,13327829854,114734863,2017-09-07 00:00:00,2017-09-18 00:00:00,CITALOPRAM 20 MG TABLET
583,589.0,13333159799,114734863,2017-10-25 00:00:00,2017-12-23 00:00:00,METOLAZONE 2.5 MG TABLET
584,590.0,13327829854,114734863,2017-09-06 00:00:00,2017-09-18 00:00:00,FLUTICASONE 250 MCG-SALMETEROL 50 MCG/DOSE BLISTR POWDR FOR INHALATION
585,591.0,13327829854,114734863,2017-09-07 00:00:00,2017-09-18 00:00:00,"CHOLECALCIFEROL (VITAMIN D3) 1,000 UNIT TABLET"
586,592.0,13327829854,114734863,2022-08-28 00:00:00,2022-08-28 00:00:00,"CHOLECALCIFEROL (VITAMIN D3) 1,000 UNIT TABLET"
587,593.0,13327829854,114734863,2017-09-07 00:00:00,2017-09-18 00:00:00,CITALOPRAM 20 MG TABLET
588,594.0,13327829854,114734863,2017-09-07 00:00:00,2017-09-18 00:00:00,"CHOLECALCIFEROL (VITAMIN D3) 1,000 UNIT TABLET"
589,595.0,13602759294,114734863,2022-08-21 00:00:00,2022-08-27 00:00:00,"LACTOBACILLUS ACIDOPHILUS, BULGARICUS 100 MILLION CELL GRANULES PACKET"
590,596.0,13602759294,114734863,2022-08-16 00:00:00,2022-08-27 00:00:00,FAMOTIDINE 20 MG TABLET
591,597.0,13602759294,114734863,2022-08-16 00:00:00,2022-08-27 00:00:00,ASPIRIN 81 MG CHEWABLE TABLET
592,598.0,13602759294,114734863,2022-08-16 00:00:00,2022-08-27 00:00:00,BRIMONIDINE 0.15 % EYE DROPS
593,599.0,13602759294,114734863,2022-08-16 00:00:00,2022-08-27 00:00:00,TAMSULOSIN 0.4 MG CAPSULE
594,600.0,13602759294,114734863,2022-08-16 00:00:00,2022-08-27 00:00:00,TAMSULOSIN 0.4 MG CAPSULE
595,601.0,13602759294,114734863,2022-08-16 00:00:00,2022-08-27 00:00:00,ALBUTEROL SULFATE HFA 90 MCG/ACTUATION AEROSOL INHALER
596,602.0,13602759294,114734863,2022-08-16 00:00:00,2022-08-27 00:00:00,MULTIVITAMIN TAB/CAP SUPER ORDERABLE
597,603.0,13602759294,114734863,2022-08-21 00:00:00,2022-08-27 00:00:00,"LACTOBACILLUS ACIDOPHILUS, BULGARICUS 100 MILLION CELL GRANULES PACKET"
598,604.0,13527084375,114734863,2021-07-31 00:00:00,2022-01-25 00:00:00,LORATADINE 10 MG TABLET
599,605.0,13327829854,114734863,2017-09-12 00:00:00,2017-09-12 00:00:00,MIDAZOLAM (PF) 1 MG/ML INJECTION SOLUTION
600,606.0,13327829854,114734863,2017-09-06 00:00:00,2017-09-08 00:00:00,ZZ IMS TEMPLATE
601,607.0,13327829854,114734863,2017-09-07 00:00:00,2017-09-18 00:00:00,INSULIN LISPRO 100 UNIT/ML SUBCUTANEOUS SOLUTION
602,608.0,13327829854,114734863,2017-09-13 00:00:00,2017-09-18 00:00:00,ISOSORBIDE DINITRATE 20 MG TABLET
603,609.0,13327829854,114734863,2017-09-06 00:00:00,2017-09-18 00:00:00,FLUTICASONE 250 MCG-SALMETEROL 50 MCG/DOSE BLISTR POWDR FOR INHALATION
604,610.0,13327829854,114734863,2017-09-11 00:00:00,2017-09-18 00:00:00,AMLODIPINE 5 MG TABLET
605,611.0,13358380171,114734863,2018-05-28 00:00:00,2018-05-28 00:00:00,ALBUTEROL SULFATE HFA 90 MCG/ACTUATION AEROSOL INHALER
606,612.0,13354869659,114734863,2018-05-21 00:00:00,2018-10-16 00:00:00,INSULIN NPH AND REG HUMAN INSULIN 100 UNIT/ML (70-30)SUBCUTANEOUS SUSP
607,613.0,13327829854,114734863,2017-09-07 00:00:00,2017-09-08 00:00:00,FUROSEMIDE 10 MG/ML INJECTION SOLUTION
608,614.0,13327829854,114734863,2017-09-05 00:00:00,2017-09-07 00:00:00,IPRATROPIUM-ALBUTEROL 0.5 MG-3 MG(2.5 MG BASE)/3 ML NEBULIZATION SOLN
609,615.0,13327829854,114734863,2017-09-09 00:00:00,2017-09-10 00:00:00,FUROSEMIDE 10 MG/ML INJECTION SOLUTION
610,616.0,13327829854,114734863,2017-09-06 00:00:00,2017-09-18 00:00:00,FLUTICASONE 250 MCG-SALMETEROL 50 MCG/DOSE BLISTR POWDR FOR INHALATION
611,617.0,13327829854,114734863,2017-09-07 00:00:00,2017-09-18 00:00:00,INSULIN LISPRO 100 UNIT/ML SUBCUTANEOUS SOLUTION
612,618.0,13327829854,114734863,2017-09-06 00:00:00,2017-09-18 00:00:00,FLUTICASONE 250 MCG-SALMETEROL 50 MCG/DOSE BLISTR POWDR FOR INHALATION
613,619.0,13327829854,114734863,2017-09-07 00:00:00,2017-09-18 00:00:00,CITALOPRAM 20 MG TABLET
614,621.0,13327829854,114734863,2017-09-05 00:00:00,2017-09-07 00:00:00,IPRATROPIUM-ALBUTEROL 0.5 MG-3 MG(2.5 MG BASE)/3 ML NEBULIZATION SOLN
615,622.0,13327829854,114734863,2017-09-14 00:00:00,2017-09-16 00:00:00,INSULIN NPH HUMAN RECOMB 100 UNIT/ML SUBCUTANEOUS SUSPENSION
616,623.0,13327829854,114734863,2017-09-07 00:00:00,2017-09-13 00:00:00,INSULIN NPH HUMAN RECOMB 100 UNIT/ML SUBCUTANEOUS SUSPENSION
617,624.0,13327829854,114734863,2017-09-07 00:00:00,2017-09-13 00:00:00,INSULIN NPH HUMAN RECOMB 100 UNIT/ML SUBCUTANEOUS SUSPENSION
618,625.0,13327829854,114734863,2017-09-06 00:00:00,2017-09-06 00:00:00,ISOSORBIDE DINITRATE 10 MG TABLET
619,626.0,13441266872,114734863,2020-06-09 00:00:00,2020-12-02 00:00:00,RANITIDINE 150 MG TABLET
620,627.0,13327829854,114734863,2017-09-07 00:00:00,2017-09-13 00:00:00,ASPIRIN 325 MG TABLET
621,628.0,13327829854,114734863,2017-09-07 00:00:00,2017-09-18 00:00:00,MULTIVITAMIN TAB/CAP SUPER ORDERABLE
622,629.0,13327829854,114734863,2017-09-07 00:00:00,2017-09-18 00:00:00,INSULIN LISPRO 100 UNIT/ML SUBCUTANEOUS SOLUTION
623,631.0,13327829854,114734863,2017-09-07 00:00:00,2017-09-18 00:00:00,FEXOFENADINE 60 MG TABLET
624,632.0,13327829854,114734863,2017-09-07 00:00:00,2017-09-14 00:00:00,LOSARTAN 25 MG TABLET
625,633.0,13327829854,114734863,2017-09-13 00:00:00,2017-09-18 00:00:00,ISOSORBIDE DINITRATE 20 MG TABLET
626,634.0,13327829854,114734863,2017-09-13 00:00:00,2017-09-17 00:00:00,FUROSEMIDE 10 MG/ML INJECTION SOLUTION
627,635.0,13327829854,114734863,2017-09-06 00:00:00,2017-09-18 00:00:00,FLUTICASONE 250 MCG-SALMETEROL 50 MCG/DOSE BLISTR POWDR FOR INHALATION
628,636.0,13327829854,114734863,2017-09-11 00:00:00,2017-09-18 00:00:00,AMLODIPINE 5 MG TABLET
629,637.0,13327829854,114734863,2017-09-18 00:00:00,2017-09-18 00:00:00,INSULIN NPH HUMAN RECOMB 100 UNIT/ML SUBCUTANEOUS SUSPENSION
630,638.0,13327829854,114734863,2017-09-07 00:00:00,2017-09-18 00:00:00,CITALOPRAM 20 MG TABLET
631,639.0,13327829854,114734863,2017-09-09 00:00:00,2017-09-18 00:00:00,"POTASSIUM CHLORIDE ER 20 MEQ TABLET,EXTENDED RELEASE(PART/CRYST)"
632,640.0,13409080253,114734863,2019-06-25 00:00:00,2019-06-26 00:00:00,"BD INSULIN SYRINGE ULTRA-FINE 1 ML 29 GAUGE X 1/2"""
633,641.0,13417171333,114734863,2019-09-11 00:00:00,2020-06-09 00:00:00,ATENOLOL 50 MG TABLET
634,642.0,13441266872,114734863,2020-06-09 00:00:00,2020-10-20 00:00:00,FREESTYLE LITE STRIPS
635,643.0,13441266872,114734863,2020-06-09 00:00:00,2021-04-13 00:00:00,"BD INSULIN SYRINGE ULTRA-FINE 1 ML 29 GAUGE X 1/2"""
636,644.0,13327829854,114734863,2017-09-07 00:00:00,2017-09-18 00:00:00,FAMOTIDINE 20 MG TABLET
637,645.0,13327829854,114734863,2017-09-06 00:00:00,2017-09-18 00:00:00,POLYETHYLENE GLYCOL 3350 17 GRAM ORAL POWDER PACKET
638,647.0,13327829854,114734863,2017-09-07 00:00:00,2017-09-18 00:00:00,ATENOLOL 50 MG TABLET
639,648.0,13327829854,114734863,2017-09-07 00:00:00,2017-09-18 00:00:00,IPRATROPIUM-ALBUTEROL 0.5 MG-3 MG(2.5 MG BASE)/3 ML NEBULIZATION SOLN
640,649.0,13327829854,114734863,2017-09-12 00:00:00,2017-09-12 00:00:00,FUROSEMIDE 10 MG/ML INJECTION SOLUTION
641,650.0,13327829854,114734863,2017-09-06 00:00:00,2017-09-06 00:00:00,ISOSORBIDE DINITRATE 10 MG TABLET
642,651.0,13327829854,114734863,2017-09-06 00:00:00,2017-09-08 00:00:00,ZZ IMS TEMPLATE
643,652.0,13327829854,114734863,2017-09-14 00:00:00,2017-09-18 00:00:00,ASPIRIN 81 MG CHEWABLE TABLET
644,653.0,13327829854,114734863,2017-09-07 00:00:00,2017-09-13 00:00:00,INSULIN NPH HUMAN RECOMB 100 UNIT/ML SUBCUTANEOUS SUSPENSION
645,654.0,13327829854,114734863,2017-09-09 00:00:00,2017-09-18 00:00:00,"POTASSIUM CHLORIDE ER 20 MEQ TABLET,EXTENDED RELEASE(PART/CRYST)"
646,655.0,13377635945,114734863,2019-04-23 00:00:00,2020-06-09 00:00:00,RANITIDINE 150 MG TABLET
647,656.0,13372334663,114734863,2018-10-16 00:00:00,2019-09-11 00:00:00,ATENOLOL 50 MG TABLET
648,657.0,13639672768,114734863,2023-02-13 00:00:00,2023-06-05 00:00:00,VANCOMYCIN 125 MG CAPSULE
649,658.0,13602759294,114734863,2022-08-21 00:00:00,2022-08-27 00:00:00,"LACTOBACILLUS ACIDOPHILUS, BULGARICUS 100 MILLION CELL GRANULES PACKET"
650,659.0,13602759294,114734863,2022-08-21 00:00:00,2022-08-27 00:00:00,"LACTOBACILLUS ACIDOPHILUS, BULGARICUS 100 MILLION CELL GRANULES PACKET"
651,660.0,13666222513,114734863,2023-07-04 00:00:00,2023-07-03 00:00:00,"METOPROLOL SUCCINATE ER 25 MG TABLET,EXTENDED RELEASE 24 HR"
652,661.0,13602759294,114734863,2022-08-21 00:00:00,2022-08-27 00:00:00,"NYSTATIN 100,000 UNIT/GRAM TOPICAL POWDER"
653,662.0,13602759294,114734863,2022-08-16 00:00:00,2022-08-27 00:00:00,BRIMONIDINE 0.15 % EYE DROPS
654,663.0,13602759294,114734863,2022-08-16 00:00:00,2022-08-27 00:00:00,ASPIRIN 81 MG CHEWABLE TABLET
655,664.0,13602759294,114734863,2022-08-21 00:00:00,2022-08-27 00:00:00,"LACTOBACILLUS ACIDOPHILUS, BULGARICUS 100 MILLION CELL GRANULES PACKET"
656,665.0,13602759294,114734863,2022-08-16 00:00:00,2022-08-27 00:00:00,FLUTICASONE 250 MCG-SALMETEROL 50 MCG/DOSE BLISTR POWDR FOR INHALATION
657,666.0,13602759294,114734863,2022-08-16 00:00:00,2022-08-27 00:00:00,FAMOTIDINE 20 MG TABLET
658,667.0,13602759294,114734863,2022-08-16 00:00:00,2022-08-27 00:00:00,FAMOTIDINE 20 MG TABLET
659,668.0,13602759294,114734863,2022-08-19 00:00:00,2022-08-27 00:00:00,INSULIN LISPRO (U-100) 100 UNIT/ML SUBCUTANEOUS SOLUTION
660,669.0,13602759294,114734863,2022-08-21 00:00:00,2022-08-27 00:00:00,"LACTOBACILLUS ACIDOPHILUS, BULGARICUS 100 MILLION CELL GRANULES PACKET"
661,670.0,13602759294,114734863,2022-08-16 00:00:00,2022-08-27 00:00:00,TAMSULOSIN 0.4 MG CAPSULE
662,671.0,13649533700,114734863,2023-04-04 00:00:00,2023-04-04 00:00:00,PROPOFOL 10 MG/ML INTRAVENOUS EMULSION
663,672.0,13666587288,114734863,2023-06-24 00:00:00,2023-06-24 00:00:00,SULFAMETHOXAZOLE 800 MG-TRIMETHOPRIM 160 MG TABLET
664,673.0,13379856584,114734863,2018-12-03 00:00:00,2018-12-03 00:00:00,LIDOCAINE 20 MG/ML (2 %) INJECTION SOLUTION
665,674.0,13312894611,114734863,2017-04-11 00:00:00,2017-04-12 00:00:00,FLUTICASONE 250 MCG-SALMETEROL 50 MCG/DOSE BLISTR POWDR FOR INHALATION
666,675.0,13312894611,114734863,2017-04-11 00:00:00,2017-04-12 00:00:00,ALBUTEROL SULFATE HFA 90 MCG/ACTUATION AEROSOL INHALER
667,676.0,13298898112,114734863,2008-02-13 00:00:00,2017-06-24 00:00:00,ATENOLOL 50 MG TABLET
668,677.0,13441266872,114734863,2020-06-09 00:00:00,2021-07-31 00:00:00,LORATADINE 10 MG TABLET
669,678.0,13372444041,114734863,2019-01-22 00:00:00,2019-01-22 00:00:00,TIOTROPIUM BROMIDE 2.5 MCG/ACTUATION MIST FOR INHALATION
670,679.0,13387123432,114734863,2019-01-12 00:00:00,2019-01-22 00:00:00,LOSARTAN 50 MG TABLET
671,680.0,13327829854,114734863,2017-09-13 00:00:00,2017-09-18 00:00:00,ISOSORBIDE DINITRATE 20 MG TABLET
672,681.0,13327829854,114734863,2017-09-16 00:00:00,2017-09-18 00:00:00,INSULIN NPH HUMAN RECOMB 100 UNIT/ML SUBCUTANEOUS SUSPENSION
673,682.0,13327829854,114734863,2017-09-07 00:00:00,2017-09-13 00:00:00,ASPIRIN 325 MG TABLET
674,683.0,13326748878,114734863,2017-11-29 00:00:00,2018-07-10 00:00:00,NOVOLIN N 100 UNIT/ML SUBCUTANEOUS SUSPENSION
675,684.0,13327829854,114734863,2017-09-05 00:00:00,2017-09-07 00:00:00,IPRATROPIUM-ALBUTEROL 0.5 MG-3 MG(2.5 MG BASE)/3 ML NEBULIZATION SOLN
676,685.0,13327829854,114734863,2017-09-11 00:00:00,2017-09-18 00:00:00,AMLODIPINE 5 MG TABLET
677,686.0,13327829854,114734863,2017-09-07 00:00:00,2017-09-10 00:00:00,AMLODIPINE 5 MG TABLET
678,687.0,13327829854,114734863,2017-09-13 00:00:00,2017-09-18 00:00:00,ISOSORBIDE DINITRATE 20 MG TABLET
679,688.0,13327829854,114734863,2017-09-13 00:00:00,2017-09-17 00:00:00,FUROSEMIDE 10 MG/ML INJECTION SOLUTION
680,689.0,13327829854,114734863,2017-09-07 00:00:00,2017-09-18 00:00:00,MULTIVITAMIN TAB/CAP SUPER ORDERABLE
681,690.0,13327829854,114734863,2017-09-08 00:00:00,2017-09-13 00:00:00,ISOSORBIDE DINITRATE 20 MG TABLET
682,691.0,13298898112,114734863,2011-09-11 00:00:00,2017-04-26 00:00:00,INSULIN NPH AND REG HUMAN INSULIN 100 UNIT/ML (70-30)SUBCUTANEOUS SUSP
683,692.0,13461438872,114734863,2020-12-08 00:00:00,2022-06-25 00:00:00,FREESTYLE LIBRE 14 DAY READER
684,693.0,13327829854,114734863,2017-09-07 00:00:00,2017-09-18 00:00:00,FAMOTIDINE 20 MG TABLET
685,694.0,13327829854,114734863,2017-09-07 00:00:00,2017-09-18 00:00:00,CITALOPRAM 20 MG TABLET
686,695.0,13329907489,114734863,2017-10-07 00:00:00,2017-10-07 00:00:00,"ISOSORBIDE MONONITRATE ER 30 MG TABLET,EXTENDED RELEASE 24 HR"
687,696.0,13327829854,114734863,2017-09-07 00:00:00,2017-09-18 00:00:00,INSULIN LISPRO 100 UNIT/ML SUBCUTANEOUS SOLUTION
688,697.0,13327829854,114734863,2017-09-07 00:00:00,2017-09-18 00:00:00,CITALOPRAM 20 MG TABLET
689,698.0,13327829854,114734863,2017-09-06 00:00:00,2017-09-18 00:00:00,DEXTROSE 50 % IN WATER (D50W) INTRAVENOUS SYRINGE
690,699.0,13327829854,114734863,2017-09-07 00:00:00,2017-09-07 00:00:00,FUROSEMIDE 10 MG/ML INJECTION SOLUTION
691,700.0,13353608192,114734863,2018-04-21 00:00:00,2019-06-18 00:00:00,LATANOPROST 0.005 % EYE DROPS
692,701.0,13314460200,114734863,2017-05-21 00:00:00,2017-05-21 00:00:00,ALBUTEROL SULFATE HFA 90 MCG/ACTUATION AEROSOL INHALER
693,702.0,13319412028,114734863,2017-06-17 00:00:00,2017-08-13 00:00:00,EVOLOCUMAB 140 MG/ML SUBCUTANEOUS PEN INJECTOR
694,703.0,13594935397,114734863,2022-07-16 00:00:00,2022-07-16 00:00:00,METOPROLOL TARTRATE 25 MG TABLET
695,704.0,13594935397,114734863,2022-07-06 00:00:00,2022-07-16 00:00:00,TIOTROPIUM BROMIDE 18 MCG CAPSULE WITH INHALATION DEVICE
696,705.0,13590480422,114734863,2022-06-14 00:00:00,2022-06-25 00:00:00,TAMSULOSIN 0.4 MG CAPSULE
697,706.0,13594935397,114734863,2022-07-08 00:00:00,2022-07-09 00:00:00,INSULIN NPH ISOPHANE U-100 HUMAN 100 UNIT/ML SUBCUTANEOUS SUSPENSION
698,707.0,13594935397,114734863,2022-07-05 00:00:00,2022-07-13 00:00:00,"HEPARIN (PORCINE) 5,000 UNIT/ML INJECTION SOLUTION"
699,708.0,13594935397,114734863,2022-07-07 00:00:00,2022-07-14 00:00:00,VANCOMYCIN 125 MG CAPSULE
700,709.0,13509051573,114734863,2021-10-26 00:00:00,2022-12-19 00:00:00,FAMOTIDINE 20 MG TABLET
701,710.0,13594935397,114734863,2022-07-05 00:00:00,2022-07-10 00:00:00,"ISOSORBIDE MONONITRATE ER 30 MG TABLET,EXTENDED RELEASE 24 HR"
702,711.0,13499701691,114734863,2022-01-01 00:00:00,2023-01-11 00:00:00,LATANOPROST 0.005 % EYE DROPS
703,712.0,13590480422,114734863,2022-06-15 00:00:00,2022-06-25 00:00:00,IPRATROPIUM 0.5 MG-ALBUTEROL 3 MG (2.5 MG BASE)/3 ML NEBULIZATION SOLN
704,713.0,13594935397,114734863,2022-07-10 00:00:00,2022-07-16 00:00:00,"ISOSORBIDE MONONITRATE ER 30 MG TABLET,EXTENDED RELEASE 24 HR"
705,714.0,13594935397,114734863,2022-07-05 00:00:00,2022-07-16 00:00:00,BRIMONIDINE 0.15 % EYE DROPS
706,715.0,13590480422,114734863,2022-06-15 00:00:00,2022-06-25 00:00:00,IPRATROPIUM 0.5 MG-ALBUTEROL 3 MG (2.5 MG BASE)/3 ML NEBULIZATION SOLN
707,716.0,13590480422,114734863,2022-06-22 00:00:00,2022-06-24 00:00:00,CIPROFLOXACIN 250 MG TABLET
708,717.0,13594935397,114734863,2022-07-06 00:00:00,2022-07-16 00:00:00,CITALOPRAM 20 MG TABLET
709,718.0,13296305671,114734863,2017-04-26 00:00:00,2017-04-26 00:00:00,INSULIN NPH AND REG HUMAN INSULIN 100 UNIT/ML (70-30)SUBCUTANEOUS SUSP
710,719.0,13312301914,114734863,2017-06-24 00:00:00,2018-07-10 00:00:00,ATENOLOL 50 MG TABLET
711,720.0,13296650228,114734863,2016-11-29 00:00:00,2016-11-30 00:00:00,SODIUM CHLORIDE 0.9 % INJECTION SYRINGE
712,721.0,13323268283,114734863,2017-07-26 00:00:00,2017-09-18 00:00:00,FUROSEMIDE 40 MG TABLET
713,722.0,13327829854,114734863,2017-09-07 00:00:00,2017-09-18 00:00:00,"CHOLECALCIFEROL (VITAMIN D3) 1,000 UNIT TABLET"
714,723.0,13327829854,114734863,2017-09-06 00:00:00,2017-09-18 00:00:00,FLUTICASONE 250 MCG-SALMETEROL 50 MCG/DOSE BLISTR POWDR FOR INHALATION
715,724.0,13327829854,114734863,2017-09-13 00:00:00,2017-09-18 00:00:00,ISOSORBIDE DINITRATE 20 MG TABLET
716,725.0,13327829854,114734863,2017-09-09 00:00:00,2017-09-18 00:00:00,"POTASSIUM CHLORIDE ER 20 MEQ TABLET,EXTENDED RELEASE(PART/CRYST)"
717,726.0,13365493663,114734863,2018-07-22 00:00:00,2018-10-16 00:00:00,ATENOLOL 50 MG TABLET
718,727.0,13327829854,114734863,2017-09-07 00:00:00,2017-09-18 00:00:00,ATENOLOL 50 MG TABLET
719,728.0,13327829854,114734863,2017-09-16 00:00:00,2017-09-16 00:00:00,KIT PREPARATION OF TC 99M-SESTAMIBI COMBO NO.1 IV SOLUTION
720,729.0,13327829854,114734863,2017-09-18 00:00:00,2017-10-04 00:00:00,TORSEMIDE 20 MG TABLET
721,730.0,13327829854,114734863,2017-09-05 00:00:00,2017-09-05 00:00:00,IPRATROPIUM-ALBUTEROL 0.5 MG-3 MG(2.5 MG BASE)/3 ML NEBULIZATION SOLN
722,731.0,13443990280,114734863,2020-02-24 00:00:00,2020-02-24 00:00:00,ALBUTEROL SULFATE HFA 90 MCG/ACTUATION AEROSOL INHALER
723,732.0,13423146398,114734863,2019-10-12 00:00:00,2019-11-05 00:00:00,ID-MACITENTAN OR PLACEBO (2017P001298) TABLET 10 MG
724,733.0,13477014087,114734863,2020-09-16 00:00:00,2021-11-27 00:00:00,EVOLOCUMAB 140 MG/ML SUBCUTANEOUS PEN INJECTOR
725,734.0,13471935757,114734863,2020-08-17 00:00:00,2021-12-27 00:00:00,FLASH GLUCOSE SENSOR KIT
726,735.0,13602759294,114734863,2022-08-16 00:00:00,2022-08-27 00:00:00,TAMSULOSIN 0.4 MG CAPSULE
727,736.0,13602759294,114734863,2022-08-16 00:00:00,2022-08-24 00:00:00,METOPROLOL TARTRATE 25 MG TABLET
728,737.0,13602759294,114734863,2022-08-16 00:00:00,2022-08-24 00:00:00,METOPROLOL TARTRATE 25 MG TABLET
729,738.0,13602759294,114734863,2022-08-16 00:00:00,2022-08-27 00:00:00,MULTIVITAMIN TAB/CAP SUPER ORDERABLE
730,739.0,13602759294,114734863,2022-08-16 00:00:00,2022-08-27 00:00:00,FLUTICASONE 250 MCG-SALMETEROL 50 MCG/DOSE BLISTR POWDR FOR INHALATION
731,740.0,13666222513,114734863,2023-07-03 00:00:00,2023-07-04 00:00:00,BRIMONIDINE 0.15 % EYE DROPS
732,741.0,13602704577,114734863,2022-08-15 00:00:00,2022-09-21 00:00:00,"NYSTATIN 100,000 UNIT/GRAM TOPICAL POWDER"
733,742.0,13602759294,114734863,2022-08-16 00:00:00,2022-08-27 00:00:00,"ISOSORBIDE MONONITRATE ER 30 MG TABLET,EXTENDED RELEASE 24 HR"
734,743.0,13602759294,114734863,2022-08-16 00:00:00,2022-08-27 00:00:00,FAMOTIDINE 20 MG TABLET
735,744.0,13612254576,114734863,2022-10-10 00:00:00,2022-10-10 00:00:00,CLOTRIMAZOLE 1 % TOPICAL CREAM
736,745.0,13644506172,114734863,2023-03-08 00:00:00,2023-03-08 00:00:00,FREESTYLE LITE STRIPS
737,746.0,13417171333,114734863,2019-09-11 00:00:00,2020-06-09 00:00:00,LOSARTAN 50 MG TABLET
738,747.0,13327829854,114734863,2017-09-07 00:00:00,2017-09-18 00:00:00,INSULIN LISPRO 100 UNIT/ML SUBCUTANEOUS SOLUTION
739,748.0,13327829854,114734863,2017-09-09 00:00:00,2017-09-18 00:00:00,EVOLOCUMAB 140 MG/ML SUBCUTANEOUS PEN INJECTOR
740,749.0,13327829854,114734863,2017-09-07 00:00:00,2017-09-18 00:00:00,FEXOFENADINE 60 MG TABLET
741,750.0,13327829854,114734863,2017-09-07 00:00:00,2017-09-14 00:00:00,LOSARTAN 25 MG TABLET
742,751.0,13327829854,114734863,2017-09-07 00:00:00,2017-09-18 00:00:00,INSULIN LISPRO 100 UNIT/ML SUBCUTANEOUS SOLUTION
743,752.0,13365493663,114734863,2018-07-22 00:00:00,2018-10-16 00:00:00,CITALOPRAM 40 MG TABLET
744,753.0,13327829854,114734863,2017-09-07 00:00:00,2017-09-18 00:00:00,FAMOTIDINE 20 MG TABLET
745,754.0,13327829854,114734863,2017-09-07 00:00:00,2017-09-18 00:00:00,INSULIN LISPRO 100 UNIT/ML SUBCUTANEOUS SOLUTION
746,755.0,13327829854,114734863,2017-09-07 00:00:00,2017-09-18 00:00:00,INSULIN LISPRO 100 UNIT/ML SUBCUTANEOUS SOLUTION
747,756.0,13327829854,114734863,2017-09-11 00:00:00,2017-09-11 00:00:00,furosemide (LASIX) 10 mg/mL injection
748,757.0,13417171333,114734863,2019-09-11 00:00:00,2021-04-13 00:00:00,ALBUTEROL SULFATE HFA 90 MCG/ACTUATION AEROSOL INHALER
749,758.0,13440471849,114734863,2020-02-04 00:00:00,2021-01-31 00:00:00,BUMETANIDE 1 MG TABLET
750,759.0,13590480422,114734863,2022-06-19 00:00:00,2022-06-25 00:00:00,LOSARTAN 25 MG TABLET
751,760.0,13594935397,114734863,2022-07-08 00:00:00,2022-07-16 00:00:00,INSULIN LISPRO (U-100) 100 UNIT/ML SUBCUTANEOUS SOLUTION
752,761.0,13594935397,114734863,2022-07-05 00:00:00,2022-07-16 00:00:00,BRIMONIDINE 0.15 % EYE DROPS
753,762.0,13594935397,114734863,2022-07-07 00:00:00,2022-07-16 00:00:00,FLUTICASONE PROPIONATE 220 MCG/ACTUATION HFA AEROSOL INHALER
754,763.0,13594935397,114734863,2022-07-05 00:00:00,2022-07-05 00:00:00,FLUOCINOLONE 0.025 % TOPICAL CREAM
755,764.0,13594935397,114734863,2022-07-10 00:00:00,2022-07-16 00:00:00,"ISOSORBIDE MONONITRATE ER 30 MG TABLET,EXTENDED RELEASE 24 HR"
756,765.0,13594935397,114734863,2022-07-05 00:00:00,2022-07-05 00:00:00,LACTATED RINGERS IV BOLUS
757,766.0,13590480422,114734863,2022-06-15 00:00:00,2022-06-21 00:00:00,METRONIDAZOLE 500 MG/100 ML-SODIUM CHLORIDE(ISO) INTRAVENOUS PIGGYBACK
758,767.0,13594935397,114734863,2022-07-07 00:00:00,2022-07-14 00:00:00,VANCOMYCIN 125 MG CAPSULE
759,768.0,13594935397,114734863,2022-07-08 00:00:00,2022-07-16 00:00:00,INSULIN LISPRO (U-100) 100 UNIT/ML SUBCUTANEOUS SOLUTION
760,769.0,13590480422,114734863,2022-06-14 00:00:00,2022-06-14 00:00:00,DEXTROSE 5 % AND 0.45 % SODIUM CHLORIDE INTRAVENOUS SOLUTION
761,770.0,13594935397,114734863,2022-07-13 00:00:00,2022-07-16 00:00:00,"NYSTATIN 100,000 UNIT/GRAM TOPICAL POWDER"
762,771.0,13590480422,114734863,2022-06-14 00:00:00,2022-06-17 00:00:00,INSULIN U-100 REGULAR HUMAN 100 UNIT/ML INJECTION SOLUTION
763,772.0,13594935397,114734863,2022-07-07 00:00:00,2022-07-14 00:00:00,VANCOMYCIN 125 MG CAPSULE
764,773.0,13594935397,114734863,2022-07-05 00:00:00,2022-07-08 00:00:00,INSULIN LISPRO (U-100) 100 UNIT/ML SUBCUTANEOUS SOLUTION
765,774.0,13594935397,114734863,2022-07-05 00:00:00,2022-07-13 00:00:00,CETIRIZINE 10 MG TABLET
766,775.0,13590480422,114734863,2022-06-18 00:00:00,2022-06-25 00:00:00,INSULIN LISPRO (U-100) 100 UNIT/ML SUBCUTANEOUS SOLUTION
767,776.0,13590480422,114734863,2022-06-15 00:00:00,2022-06-18 00:00:00,BUMETANIDE 1 MG TABLET
768,777.0,13594935397,114734863,2022-07-05 00:00:00,2022-07-16 00:00:00,BRIMONIDINE 0.15 % EYE DROPS
769,778.0,13411809011,114734863,2019-07-17 00:00:00,2020-06-09 00:00:00,"BD INSULIN SYRINGE ULTRA-FINE 1 ML 29 GAUGE X 1/2"""
770,779.0,13409153130,114734863,2019-06-26 00:00:00,2019-07-17 00:00:00,"BD INSULIN SYRINGE ULTRA-FINE 1 ML 29 GAUGE X 1/2"""
771,780.0,13327829854,114734863,2017-09-07 00:00:00,2017-09-18 00:00:00,"CHOLECALCIFEROL (VITAMIN D3) 1,000 UNIT TABLET"
772,781.0,13327829854,114734863,2017-09-06 00:00:00,2017-09-13 00:00:00,INSULIN NPH HUMAN RECOMB 100 UNIT/ML SUBCUTANEOUS SUSPENSION
773,782.0,13327829854,114734863,2017-09-09 00:00:00,2017-09-18 00:00:00,"POTASSIUM CHLORIDE ER 20 MEQ TABLET,EXTENDED RELEASE(PART/CRYST)"
774,783.0,13327829854,114734863,2017-09-13 00:00:00,2017-09-17 00:00:00,FUROSEMIDE 10 MG/ML INJECTION SOLUTION
775,784.0,13327829854,114734863,2017-09-07 00:00:00,2017-09-18 00:00:00,FAMOTIDINE 20 MG TABLET
776,785.0,13327829854,114734863,2017-09-07 00:00:00,2017-09-18 00:00:00,FEXOFENADINE 60 MG TABLET
777,786.0,13417171333,114734863,2019-09-11 00:00:00,2021-04-13 00:00:00,FLUTICASONE 250 MCG-SALMETEROL 50 MCG/DOSE BLISTR POWDR FOR INHALATION
778,787.0,13602759294,114734863,2022-08-18 00:00:00,2022-08-20 00:00:00,CIPROFLOXACIN 500 MG TABLET
779,788.0,13602759294,114734863,2022-08-16 00:00:00,2022-08-27 00:00:00,FAMOTIDINE 20 MG TABLET
780,789.0,13666222513,114734863,2023-07-03 00:00:00,2023-07-03 00:00:00,"ISOSORBIDE MONONITRATE ER 30 MG TABLET,EXTENDED RELEASE 24 HR"
781,790.0,13602759294,114734863,2022-08-21 00:00:00,2022-08-27 00:00:00,"NYSTATIN 100,000 UNIT/GRAM TOPICAL POWDER"
782,791.0,13602759294,114734863,2022-08-16 00:00:00,2022-08-27 00:00:00,APIXABAN 2.5 MG TABLET
783,792.0,13602759294,114734863,2022-08-16 00:00:00,2022-08-27 00:00:00,TAMSULOSIN 0.4 MG CAPSULE
784,793.0,13602759294,114734863,2022-08-21 00:00:00,2022-08-27 00:00:00,"NYSTATIN 100,000 UNIT/GRAM TOPICAL POWDER"
785,794.0,13602759294,114734863,2022-08-19 00:00:00,2022-08-21 00:00:00,INSULIN NPH ISOPHANE U-100 HUMAN 100 UNIT/ML SUBCUTANEOUS SUSPENSION
786,795.0,13602759294,114734863,2022-08-19 00:00:00,2022-08-27 00:00:00,INSULIN LISPRO (U-100) 100 UNIT/ML SUBCUTANEOUS SOLUTION
787,796.0,13602759294,114734863,2022-08-16 00:00:00,2022-08-27 00:00:00,BRIMONIDINE 0.15 % EYE DROPS
788,797.0,13602759294,114734863,2022-08-19 00:00:00,2022-08-21 00:00:00,INSULIN NPH ISOPHANE U-100 HUMAN 100 UNIT/ML SUBCUTANEOUS SUSPENSION
789,798.0,13602759294,114734863,2022-08-16 00:00:00,2022-08-27 00:00:00,"ISOSORBIDE MONONITRATE ER 30 MG TABLET,EXTENDED RELEASE 24 HR"
790,799.0,13652440040,114734863,2023-04-19 00:00:00,2023-07-26 00:00:00,"NYSTATIN 100,000 UNIT/GRAM TOPICAL CREAM"
791,800.0,13602759294,114734863,2022-08-16 00:00:00,2022-08-27 00:00:00,"ISOSORBIDE MONONITRATE ER 30 MG TABLET,EXTENDED RELEASE 24 HR"
792,801.0,13602759294,114734863,2022-08-16 00:00:00,2022-08-27 00:00:00,"ISOSORBIDE MONONITRATE ER 30 MG TABLET,EXTENDED RELEASE 24 HR"
793,802.0,13668231746,114734863,2023-07-03 00:00:00,2023-07-03 00:00:00,FENTANYL (PF) 50 MCG/ML INJECTION SOLUTION
794,803.0,13602759294,114734863,2022-08-17 00:00:00,2022-08-19 00:00:00,METRONIDAZOLE 250 MG TABLET
795,804.0,13666663225,114734863,2023-06-25 00:00:00,2023-06-25 00:00:00,ASPIRIN 81 MG CHEWABLE TABLET
796,805.0,13327829854,114734863,2017-09-08 00:00:00,2017-09-13 00:00:00,ISOSORBIDE DINITRATE 20 MG TABLET
797,806.0,13327829854,114734863,2017-09-13 00:00:00,2017-09-18 00:00:00,ISOSORBIDE DINITRATE 20 MG TABLET
798,807.0,13327829854,114734863,2017-09-07 00:00:00,2017-09-18 00:00:00,ATENOLOL 50 MG TABLET
799,808.0,13327829854,114734863,2017-09-18 00:00:00,2017-09-18 00:00:00,ISOSORBIDE DINITRATE 20 MG TABLET
800,809.0,13327829854,114734863,2017-09-11 00:00:00,2017-09-18 00:00:00,AMLODIPINE 5 MG TABLET
801,810.0,13327829854,114734863,2017-09-16 00:00:00,2017-09-16 00:00:00,SODIUM BICARBONATE INFUSION 150 MEQ/1000 ML
802,811.0,13327829854,114734863,2017-09-07 00:00:00,2017-09-18 00:00:00,MULTIVITAMIN TAB/CAP SUPER ORDERABLE
803,812.0,13441123937,114734863,2020-02-04 00:00:00,2020-02-04 00:00:00,BUMETANIDE 1 MG TABLET
804,813.0,13327829854,114734863,2017-09-07 00:00:00,2017-09-18 00:00:00,INSULIN LISPRO 100 UNIT/ML SUBCUTANEOUS SOLUTION
805,814.0,13329201477,114734863,2017-10-23 00:00:00,2018-05-21 00:00:00,FUROSEMIDE 40 MG TABLET
806,815.0,13327829854,114734863,2017-09-07 00:00:00,2017-09-18 00:00:00,MULTIVITAMIN TAB/CAP SUPER ORDERABLE
807,816.0,13327829854,114734863,2017-09-06 00:00:00,2017-09-18 00:00:00,FLUTICASONE 250 MCG-SALMETEROL 50 MCG/DOSE BLISTR POWDR FOR INHALATION
808,817.0,13327829854,114734863,2017-09-13 00:00:00,2017-09-18 00:00:00,ISOSORBIDE DINITRATE 20 MG TABLET
809,818.0,13327829854,114734863,2017-09-13 00:00:00,2017-09-16 00:00:00,INSULIN NPH HUMAN RECOMB 100 UNIT/ML SUBCUTANEOUS SUSPENSION
810,819.0,13329907489,114734863,2017-10-07 00:00:00,2018-05-07 00:00:00,"ISOSORBIDE MONONITRATE ER 60 MG TABLET,EXTENDED RELEASE 24 HR"
811,820.0,13327829854,114734863,2017-09-07 00:00:00,2017-09-18 00:00:00,MULTIVITAMIN TAB/CAP SUPER ORDERABLE
812,821.0,13327829854,114734863,2017-09-07 00:00:00,2017-09-18 00:00:00,CITALOPRAM 20 MG TABLET
813,822.0,13330900769,114734863,2017-10-04 00:00:00,2017-10-23 00:00:00,TORSEMIDE 20 MG TABLET
814,823.0,13298898112,114734863,2009-07-18 00:00:00,2017-10-23 00:00:00,LOSARTAN 100 MG TABLET
815,824.0,13298898112,114734863,2014-07-15 00:00:00,2017-07-25 00:00:00,FUROSEMIDE 40 MG TABLET
816,825.0,13311946658,114734863,2017-06-07 00:00:00,2017-09-06 00:00:00,RANITIDINE 150 MG TABLET
817,826.0,13602759294,114734863,2022-08-21 00:00:00,2022-08-27 00:00:00,"LACTOBACILLUS ACIDOPHILUS, BULGARICUS 100 MILLION CELL GRANULES PACKET"
818,827.0,13602759294,114734863,2022-08-16 00:00:00,2022-08-27 00:00:00,"ISOSORBIDE MONONITRATE ER 30 MG TABLET,EXTENDED RELEASE 24 HR"
819,828.0,13666663225,114734863,2023-06-25 00:00:00,2023-06-25 00:00:00,VANCOMYCIN 1.25 GRAM/250 ML IN 0.9 % SODIUM CHLORIDE INTRAVENOUS
820,829.0,13602759294,114734863,2022-08-21 00:00:00,2022-08-27 00:00:00,"LACTOBACILLUS ACIDOPHILUS, BULGARICUS 100 MILLION CELL GRANULES PACKET"
821,830.0,13602759294,114734863,2022-08-20 00:00:00,2022-08-27 00:00:00,METRONIDAZOLE 250 MG TABLET
822,831.0,13602759294,114734863,2022-08-16 00:00:00,2022-08-19 00:00:00,INSULIN LISPRO (U-100) 100 UNIT/ML SUBCUTANEOUS SOLUTION
823,832.0,13602759294,114734863,2022-08-19 00:00:00,2022-08-27 00:00:00,INSULIN LISPRO (U-100) 100 UNIT/ML SUBCUTANEOUS SOLUTION
824,833.0,13666663225,114734863,2023-06-25 00:00:00,2023-06-25 00:00:00,CITALOPRAM 20 MG TABLET
825,834.0,13602759294,114734863,2022-08-16 00:00:00,2022-08-27 00:00:00,"ISOSORBIDE MONONITRATE ER 30 MG TABLET,EXTENDED RELEASE 24 HR"
826,835.0,13602759294,114734863,2022-08-15 00:00:00,2022-08-15 00:00:00,MAGNESIUM SULFATE 2 GRAM/50 ML (4 %) IN WATER INTRAVENOUS PIGGYBACK
827,836.0,13602759294,114734863,2022-08-16 00:00:00,2022-08-24 00:00:00,METOPROLOL TARTRATE 25 MG TABLET
828,837.0,13666663225,114734863,2023-06-25 00:00:00,2023-06-25 00:00:00,BUMETANIDE 1 MG TABLET
829,838.0,13666663225,114734863,2023-06-25 00:00:00,2023-06-25 00:00:00,VANCOMYCIN 125 MG CAPSULE
830,839.0,13602759294,114734863,2022-08-16 00:00:00,2022-08-24 00:00:00,METOPROLOL TARTRATE 25 MG TABLET
831,840.0,13602759294,114734863,2022-08-20 00:00:00,2022-08-27 00:00:00,METRONIDAZOLE 250 MG TABLET
832,841.0,13602759294,114734863,2022-08-19 00:00:00,2022-08-27 00:00:00,INSULIN LISPRO (U-100) 100 UNIT/ML SUBCUTANEOUS SOLUTION
833,842.0,13602759294,114734863,2022-08-19 00:00:00,2022-08-27 00:00:00,INSULIN LISPRO (U-100) 100 UNIT/ML SUBCUTANEOUS SOLUTION
834,843.0,13605088575,114734863,2022-09-13 00:00:00,2022-09-13 00:00:00,BUMETANIDE 2 MG TABLET
835,844.0,13602759294,114734863,2022-08-16 00:00:00,2022-08-27 00:00:00,ASPIRIN 81 MG CHEWABLE TABLET
836,845.0,13666663225,114734863,2023-06-25 00:00:00,2023-06-25 00:00:00,VANCOMYCIN 1.5 GRAM/500 ML IN 0.9 % SODIUM CHLORIDE INTRAVENOUS SOLN
837,846.0,13602759294,114734863,2022-08-16 00:00:00,2022-08-20 00:00:00,BUMETANIDE 1 MG TABLET
838,847.0,10503188363,114734863,2008-01-13 15:36:23,2008-01-13 15:36:23,Insulin nph human (humulin n) - LMR 384
839,848.0,10778622176,114734863,2015-07-29 00:00:00,2014-11-23 00:00:00,Tobradex (tobramycin dexamethasone opht susp 0.3%-0.1%) - LMR 7776
840,849.0,10224448351,114734863,2015-01-06 00:00:00,2016-01-01 00:00:00,Theophylline (qd dosing) - LMR 733
841,850.0,10626158382,114734863,2008-01-14 00:00:00,2013-03-07 00:59:35,Furosemide (lasix) - LMR 323
842,851.0,10244172254,114734863,2008-01-25 00:00:00,2008-01-25 00:00:00,Levaquin 500mg tablet
843,852.0,10789860184,114734863,2013-09-30 00:00:00,2013-09-30 00:00:00,Citalopram (celexa) - LMR 3115
844,853.0,10746039458,114734863,2007-11-10 00:00:00,2007-11-10 00:00:00,Loratadine (claritin) - LMR 1019
845,854.0,10710738608,114734863,2014-08-25 00:00:00,2015-07-10 00:00:00,Furosemide (lasix) - LMR 323
846,855.0,13590480422,114734863,2022-06-21 00:00:00,2022-06-22 00:00:00,DIPHENHYDRAMINE 25 MG CAPSULE
847,856.0,13594935397,114734863,2022-07-05 00:00:00,2022-07-13 00:00:00,FLUOCINOLONE 0.025 % TOPICAL CREAM
848,857.0,13590480422,114734863,2022-06-22 00:00:00,2022-06-25 00:00:00,FLUOCINOLONE 0.025 % TOPICAL CREAM
849,858.0,13594935397,114734863,2022-07-08 00:00:00,2022-07-16 00:00:00,INSULIN LISPRO (U-100) 100 UNIT/ML SUBCUTANEOUS SOLUTION
850,859.0,13590480422,114734863,2022-06-14 00:00:00,2022-06-22 00:00:00,ACETAMINOPHEN 325 MG TABLET
851,860.0,13590480422,114734863,2022-06-14 00:00:00,2022-06-25 00:00:00,"CHOLECALCIFEROL (VITAMIN D3) 25 MCG (1,000 UNIT) TABLET"
852,861.0,13530186202,114734863,2021-09-18 00:00:00,2022-01-01 00:00:00,LATANOPROST 0.005 % EYE DROPS
853,862.0,13594935397,114734863,2022-07-05 00:00:00,2022-07-07 00:00:00,FAMOTIDINE 20 MG TABLET
854,863.0,13594935397,114734863,2022-07-06 00:00:00,2022-07-16 00:00:00,TIOTROPIUM BROMIDE 18 MCG CAPSULE WITH INHALATION DEVICE
855,864.0,13590480422,114734863,2022-06-14 00:00:00,2022-06-25 00:00:00,"ISOSORBIDE MONONITRATE ER 30 MG TABLET,EXTENDED RELEASE 24 HR"
856,865.0,13590480422,114734863,2022-06-17 00:00:00,2022-06-17 00:00:00,DEXTROSE 5 % AND 0.45 % SODIUM CHLORIDE INTRAVENOUS SOLUTION
857,866.0,13590480422,114734863,2022-06-18 00:00:00,2022-06-25 00:00:00,BUMETANIDE 1 MG TABLET
858,867.0,13594935397,114734863,2022-07-05 00:00:00,2022-07-07 00:00:00,VANCOMYCIN 125 MG CAPSULE
859,868.0,13594935397,114734863,2022-07-05 00:00:00,2022-07-13 00:00:00,"HEPARIN (PORCINE) 5,000 UNIT/ML INJECTION SOLUTION"
860,869.0,13602759294,114734863,2022-08-16 00:00:00,2022-08-27 00:00:00,APIXABAN 2.5 MG TABLET
861,870.0,13602759294,114734863,2022-08-16 00:00:00,2022-08-27 00:00:00,MELATONIN 5 MG TABLET
862,871.0,13602759294,114734863,2022-08-21 00:00:00,2022-08-21 00:00:00,INSULIN NPH ISOPHANE U-100 HUMAN 100 UNIT/ML SUBCUTANEOUS SUSPENSION
863,872.0,13650461416,114734863,2023-05-16 00:00:00,2023-05-17 00:00:00,SODIUM CHLORIDE 0.9 % (FLUSH) INJECTION SYRINGE
864,873.0,13602759294,114734863,2022-08-16 00:00:00,2022-08-24 00:00:00,METOPROLOL TARTRATE 25 MG TABLET
865,874.0,13602759294,114734863,2022-08-16 00:00:00,2022-08-24 00:00:00,METOPROLOL TARTRATE 25 MG TABLET
866,875.0,13606853883,114734863,2022-09-07 00:00:00,2022-09-13 00:00:00,TAMSULOSIN 0.4 MG CAPSULE
867,876.0,13666663225,114734863,2023-06-25 00:00:00,2023-06-25 00:00:00,APIXABAN 2.5 MG TABLET
868,877.0,13668231746,114734863,2023-07-03 00:00:00,2023-07-03 00:00:00,PHENYLEPHRINE 20 MG/250 ML (80 MCG/ML) IN 0.9 % SODIUM CHLORIDE IV
869,878.0,13602759294,114734863,2022-08-27 00:00:00,2022-10-09 00:00:00,INSULIN NPH ISOPHANE U-100 HUMAN 100 UNIT/ML SUBCUTANEOUS SUSPENSION
870,879.0,13602759294,114734863,2022-08-16 00:00:00,2022-08-27 00:00:00,FLUTICASONE 250 MCG-SALMETEROL 50 MCG/DOSE BLISTR POWDR FOR INHALATION
871,880.0,13602759294,114734863,2022-08-16 00:00:00,2022-08-27 00:00:00,LATANOPROST 0.005 % EYE DROPS
872,881.0,13594935397,114734863,2022-07-17 00:00:00,2022-08-07 00:00:00,INSULIN NPH ISOPHANE U-100 HUMAN 100 UNIT/ML SUBCUTANEOUS SUSPENSION
873,882.0,13594935397,114734863,2022-07-07 00:00:00,2022-07-14 00:00:00,VANCOMYCIN 125 MG CAPSULE
874,883.0,13590480422,114734863,2022-06-18 00:00:00,2022-06-25 00:00:00,BUMETANIDE 1 MG TABLET
875,884.0,13594935397,114734863,2022-07-06 00:00:00,2022-07-16 00:00:00,LOSARTAN 25 MG TABLET
876,885.0,13594935397,114734863,2022-07-06 00:00:00,2022-07-16 00:00:00,MELATONIN 5 MG TABLET
877,886.0,13594935397,114734863,2022-07-05 00:00:00,2022-07-13 00:00:00,HYDROXYZINE HCL 25 MG TABLET
878,887.0,13590480422,114734863,2022-06-14 00:00:00,2022-06-25 00:00:00,ASPIRIN 81 MG CHEWABLE TABLET
879,888.0,13590480422,114734863,2022-06-19 00:00:00,2022-06-25 00:00:00,"NYSTATIN 100,000 UNIT/GRAM TOPICAL OINTMENT"
880,889.0,13590480422,114734863,2022-06-15 00:00:00,2022-06-25 00:00:00,IPRATROPIUM 0.5 MG-ALBUTEROL 3 MG (2.5 MG BASE)/3 ML NEBULIZATION SOLN
881,890.0,13594935397,114734863,2022-07-16 00:00:00,2022-07-16 00:00:00,METOPROLOL TARTRATE 25 MG TABLET
882,891.0,13590480422,114734863,2022-06-14 00:00:00,2022-06-22 00:00:00,ACETAMINOPHEN 325 MG TABLET
883,892.0,13590480422,114734863,2022-06-25 00:00:00,2022-06-25 00:00:00,IPRATROPIUM 0.5 MG-ALBUTEROL 3 MG (2.5 MG BASE)/3 ML NEBULIZATION SOLN
884,893.0,13594935397,114734863,2022-07-10 00:00:00,2022-07-13 00:00:00,ATOVAQUONE 750 MG/5 ML ORAL SUSPENSION
885,894.0,13594935397,114734863,2022-07-08 00:00:00,2022-07-16 00:00:00,IPRATROPIUM 0.5 MG-ALBUTEROL 3 MG (2.5 MG BASE)/3 ML NEBULIZATION SOLN
886,895.0,13372444041,114734863,2019-01-22 00:00:00,2019-12-30 00:00:00,EMPAGLIFLOZIN 10 MG TABLET
887,896.0,13602759294,114734863,2022-08-16 00:00:00,2022-08-27 00:00:00,"ISOSORBIDE MONONITRATE ER 30 MG TABLET,EXTENDED RELEASE 24 HR"
888,897.0,13666222513,114734863,2023-07-03 00:00:00,2023-07-04 00:00:00,ONDANSETRON HCL (PF) 4 MG/2 ML INJECTION SOLUTION
889,898.0,13602759294,114734863,2022-08-19 00:00:00,2022-08-20 00:00:00,METRONIDAZOLE 250 MG TABLET
890,899.0,13628148639,114734863,2022-12-19 00:00:00,2022-12-19 00:00:00,FAMOTIDINE 20 MG TABLET
891,900.0,13602759294,114734863,2022-08-18 00:00:00,2022-08-21 00:00:00,INSULIN NPH ISOPHANE U-100 HUMAN 100 UNIT/ML SUBCUTANEOUS SUSPENSION
892,901.0,13668231746,114734863,2023-07-03 00:00:00,2023-07-03 00:00:00,PHENYLEPHRINE 20 MG/250 ML (80 MCG/ML) IN 0.9 % SODIUM CHLORIDE IV
893,902.0,13668231746,114734863,2023-07-03 00:00:00,2023-07-03 00:00:00,LACTATED RINGERS INTRAVENOUS SOLUTION
894,903.0,13602759294,114734863,2022-08-16 00:00:00,2022-08-27 00:00:00,BRIMONIDINE 0.15 % EYE DROPS
895,904.0,13602759294,114734863,2022-08-20 00:00:00,2022-08-27 00:00:00,METRONIDAZOLE 250 MG TABLET
896,905.0,13602759294,114734863,2022-08-16 00:00:00,2022-08-24 00:00:00,METOPROLOL TARTRATE 25 MG TABLET
897,907.0,13296650228,114734863,2016-11-29 00:00:00,2016-11-29 00:00:00,GADOPENTETATE DIMEGLUMINE 10 MMOL/20 ML(469.01 MG/ML) INTRAVENOUS SOLN
898,908.0,13327829854,114734863,2017-09-13 00:00:00,2017-09-17 00:00:00,FUROSEMIDE 10 MG/ML INJECTION SOLUTION
899,909.0,13327829854,114734863,2017-09-06 00:00:00,2017-09-18 00:00:00,FLUTICASONE 250 MCG-SALMETEROL 50 MCG/DOSE BLISTR POWDR FOR INHALATION
900,910.0,13327829854,114734863,2017-09-06 00:00:00,2017-09-13 00:00:00,INSULIN NPH HUMAN RECOMB 100 UNIT/ML SUBCUTANEOUS SUSPENSION
901,911.0,13327829854,114734863,2017-09-13 00:00:00,2017-09-18 00:00:00,ISOSORBIDE DINITRATE 20 MG TABLET
902,912.0,13327829854,114734863,2017-09-06 00:00:00,2017-09-06 00:00:00,FUROSEMIDE 10 MG/ML INJECTION SOLUTION
903,913.0,13327829854,114734863,2017-09-07 00:00:00,2017-09-18 00:00:00,IPRATROPIUM-ALBUTEROL 0.5 MG-3 MG(2.5 MG BASE)/3 ML NEBULIZATION SOLN
904,914.0,13327829854,114734863,2017-09-06 00:00:00,2017-09-18 00:00:00,FLUTICASONE 250 MCG-SALMETEROL 50 MCG/DOSE BLISTR POWDR FOR INHALATION
905,915.0,13327829854,114734863,2017-09-07 00:00:00,2017-09-18 00:00:00,MULTIVITAMIN TAB/CAP SUPER ORDERABLE
906,916.0,13327829854,114734863,2017-09-07 00:00:00,2017-09-18 00:00:00,IPRATROPIUM-ALBUTEROL 0.5 MG-3 MG(2.5 MG BASE)/3 ML NEBULIZATION SOLN
907,917.0,13327829854,114734863,2017-09-05 00:00:00,2017-09-07 00:00:00,IPRATROPIUM-ALBUTEROL 0.5 MG-3 MG(2.5 MG BASE)/3 ML NEBULIZATION SOLN
908,918.0,13327829854,114734863,2017-09-11 00:00:00,2017-09-18 00:00:00,AMLODIPINE 5 MG TABLET
909,919.0,13602759294,114734863,2022-08-19 00:00:00,2022-08-27 00:00:00,INSULIN LISPRO (U-100) 100 UNIT/ML SUBCUTANEOUS SOLUTION
910,920.0,13602759294,114734863,2022-08-24 00:00:00,2022-08-27 00:00:00,LACTATED RINGERS IV BOLUS
911,921.0,13615078801,114734863,2022-10-17 00:00:00,2023-02-13 00:00:00,"NYSTATIN 100,000 UNIT/GRAM TOPICAL POWDER"
912,922.0,13602759294,114734863,2022-08-21 00:00:00,2022-08-27 00:00:00,"LACTOBACILLUS ACIDOPHILUS, BULGARICUS 100 MILLION CELL GRANULES PACKET"
913,923.0,13602759294,114734863,2022-08-16 00:00:00,2022-08-18 00:00:00,CIPROFLOXACIN 400 MG/200 ML IN 5 % DEXTROSE INTRAVENOUS PIGGYBACK
914,924.0,13602759294,114734863,2022-08-19 00:00:00,2022-08-27 00:00:00,INSULIN LISPRO (U-100) 100 UNIT/ML SUBCUTANEOUS SOLUTION
915,925.0,13622256715,114734863,2022-12-17 00:00:00,2022-12-17 00:00:00,GENTAMICIN IVPB 150 ML
916,926.0,13602759294,114734863,2022-08-20 00:00:00,2022-08-27 00:00:00,VANCOMYCIN 125 MG CAPSULE
917,927.0,13602759294,114734863,2022-08-16 00:00:00,2022-08-27 00:00:00,FLUTICASONE 250 MCG-SALMETEROL 50 MCG/DOSE BLISTR POWDR FOR INHALATION
918,928.0,13602280279,114734863,2022-08-14 00:00:00,2022-08-14 00:00:00,PREDNISONE 50 MG TABLET
919,929.0,13602759294,114734863,2022-08-16 00:00:00,2022-08-27 00:00:00,"CHOLECALCIFEROL (VITAMIN D3) 25 MCG (1,000 UNIT) TABLET"
920,930.0,13666663225,114734863,2023-06-25 00:00:00,2023-06-25 00:00:00,FLUTICASONE 250 MCG-SALMETEROL 50 MCG/DOSE BLISTR POWDR FOR INHALATION
921,931.0,13296305671,114734863,2017-04-26 00:00:00,2017-04-26 00:00:00,ALBUTEROL SULFATE 2.5 MG/0.5 ML SOLUTION FOR NEBULIZATION
922,932.0,13298898112,114734863,2008-01-07 00:00:00,2017-09-06 00:00:00,"ASPIRIN 81 MG TABLET,DELAYED RELEASE"
923,933.0,13312987021,114734863,2017-04-12 00:00:00,2019-09-11 00:00:00,ALBUTEROL SULFATE HFA 90 MCG/ACTUATION AEROSOL INHALER
924,934.0,13312301914,114734863,2017-06-24 00:00:00,2018-07-10 00:00:00,LORATADINE 10 MG TABLET
925,935.0,13414246189,114734863,2019-11-16 00:00:00,2021-02-27 00:00:00,BRIMONIDINE 0.1 % EYE DROPS
926,936.0,13602759294,114734863,2022-08-20 00:00:00,2022-08-27 00:00:00,VANCOMYCIN 125 MG CAPSULE
927,937.0,13602759294,114734863,2022-08-16 00:00:00,2022-08-27 00:00:00,FLUTICASONE 250 MCG-SALMETEROL 50 MCG/DOSE BLISTR POWDR FOR INHALATION
928,938.0,13602759294,114734863,2022-08-19 00:00:00,2022-08-27 00:00:00,INSULIN LISPRO (U-100) 100 UNIT/ML SUBCUTANEOUS SOLUTION
929,939.0,13602759294,114734863,2022-08-16 00:00:00,2022-08-24 00:00:00,METOPROLOL TARTRATE 25 MG TABLET
930,940.0,13602759294,114734863,2022-08-17 00:00:00,2022-08-20 00:00:00,REMDESIVIR <POWDER VIAL> IVPB 100 MG (100 ML) MBP
931,941.0,13602759294,114734863,2022-08-19 00:00:00,2022-08-27 00:00:00,INSULIN LISPRO (U-100) 100 UNIT/ML SUBCUTANEOUS SOLUTION
932,942.0,13602759294,114734863,2022-08-16 00:00:00,2022-08-16 00:00:00,REMDESIVIR <POWDER VIAL> IVPB 250 ML
933,943.0,13602759294,114734863,2022-08-20 00:00:00,2022-08-27 00:00:00,METRONIDAZOLE 250 MG TABLET
934,944.0,13668231746,114734863,2023-07-03 00:00:00,2023-07-03 00:00:00,"VANCOMYCIN 1,000 MG INTRAVENOUS INJECTION"
935,945.0,13668231746,114734863,2023-07-03 00:00:00,2023-07-03 00:00:00,ROPIVACAINE (PF) 5 MG/ML (0.5 %) INJECTION SOLUTION
936,946.0,13602759294,114734863,2022-08-16 00:00:00,2022-08-24 00:00:00,METOPROLOL TARTRATE 25 MG TABLET
937,947.0,13495736886,114734863,2021-02-01 00:00:00,2021-02-03 00:00:00,LATANOPROST 0.005 % EYE DROPS
938,948.0,13507213825,114734863,2021-04-13 00:00:00,2022-05-10 00:00:00,LOSARTAN 50 MG TABLET
939,949.0,13299913095,114734863,2016-12-05 00:00:00,2017-09-06 00:00:00,EZETIMIBE 10 MG TABLET
940,950.0,13312301914,114734863,2017-06-24 00:00:00,2018-07-10 00:00:00,CITALOPRAM 40 MG TABLET
941,951.0,13507213825,114734863,2021-04-13 00:00:00,2021-04-13 00:00:00,ALBUTEROL SULFATE HFA 90 MCG/ACTUATION AEROSOL INHALER
942,952.0,13461438872,114734863,2020-12-08 00:00:00,2020-12-29 00:00:00,FREESTYLE LIBRE 14 DAY SENSOR KIT
943,953.0,10271225614,114734863,2011-06-18 00:00:00,2013-09-04 00:00:00,Vitamin d 3 -oncall
944,954.0,10626158382,114734863,2008-01-25 00:00:00,2008-01-27 04:06:48,Insulin 70/30 (human) - LMR 950
945,955.0,13602759294,114734863,2022-08-17 00:00:00,2022-08-17 00:00:00,LIDOCAINE HCL 10 MG/ML (1 %) INJECTION SOLUTION
946,956.0,13602759294,114734863,2022-08-16 00:00:00,2022-08-27 00:00:00,LATANOPROST 0.005 % EYE DROPS
947,957.0,13666663225,114734863,2023-06-25 00:00:00,2023-07-03 00:00:00,SULFAMETHOXAZOLE 800 MG-TRIMETHOPRIM 160 MG TABLET
948,958.0,13666663225,114734863,2023-06-24 00:00:00,2023-06-25 00:00:00,INSULIN LISPRO (U-100) 100 UNIT/ML SUBCUTANEOUS SOLUTION
949,959.0,13602759294,114734863,2022-08-16 00:00:00,2022-08-27 00:00:00,BRIMONIDINE 0.15 % EYE DROPS
950,960.0,13590480422,114734863,2022-06-22 00:00:00,2022-06-24 00:00:00,CIPROFLOXACIN 250 MG TABLET
951,961.0,13594935397,114734863,2022-07-08 00:00:00,2022-07-16 00:00:00,INSULIN LISPRO (U-100) 100 UNIT/ML SUBCUTANEOUS SOLUTION
952,962.0,13594935397,114734863,2022-07-05 00:00:00,2022-07-05 00:00:00,DEXTROSE 50 % IN WATER (D50W) INTRAVENOUS SYRINGE
953,963.0,13590480422,114734863,2022-06-21 00:00:00,2022-06-25 00:00:00,CAMPHOR-MENTHOL 0.5 %-0.5 % LOTION
954,964.0,13590480422,114734863,2022-06-21 00:00:00,2022-06-25 00:00:00,CAMPHOR-MENTHOL 0.5 %-0.5 % LOTION
955,965.0,13499701691,114734863,2022-01-01 00:00:00,2022-07-16 00:00:00,BRIMONIDINE 0.1 % EYE DROPS
956,966.0,13594935397,114734863,2022-07-05 00:00:00,2022-07-08 00:00:00,INSULIN LISPRO (U-100) 100 UNIT/ML SUBCUTANEOUS SOLUTION
957,967.0,13594935397,114734863,2022-07-06 00:00:00,2022-07-10 00:00:00,"CHOLECALCIFEROL (VITAMIN D3) 25 MCG (1,000 UNIT) TABLET"
958,968.0,13590480422,114734863,2022-06-19 00:00:00,2022-06-25 00:00:00,"NYSTATIN 100,000 UNIT/GRAM TOPICAL OINTMENT"
959,969.0,13590480422,114734863,2022-06-14 00:00:00,2022-06-25 00:00:00,ONDANSETRON 4 MG DISINTEGRATING TABLET
960,970.0,13599724377,114734863,2022-07-30 00:00:00,2022-07-30 00:00:00,ALBUTEROL SULFATE HFA 90 MCG/ACTUATION AEROSOL INHALER
961,971.0,13594935397,114734863,2022-07-05 00:00:00,2022-07-16 00:00:00,BRIMONIDINE 0.15 % EYE DROPS
962,972.0,13590480422,114734863,2022-06-15 00:00:00,2022-06-21 00:00:00,METRONIDAZOLE 500 MG/100 ML-SODIUM CHLORIDE(ISO) INTRAVENOUS PIGGYBACK
963,973.0,13590480422,114734863,2022-06-17 00:00:00,2022-06-18 00:00:00,INSULIN NPH ISOPHANE U-100 HUMAN 100 UNIT/ML SUBCUTANEOUS SUSPENSION
964,974.0,13590480422,114734863,2022-06-15 00:00:00,2022-06-25 00:00:00,CHOLESTYRAMINE-ASPARTAME 4 GRAM ORAL POWDER FOR SUSP IN A PACKET
965,975.0,13590480422,114734863,2022-06-14 00:00:00,2022-06-16 00:00:00,FAMOTIDINE 20 MG TABLET
966,976.0,13590480422,114734863,2022-06-22 00:00:00,2022-06-24 00:00:00,METRONIDAZOLE 250 MG TABLET
967,977.0,13590480422,114734863,2022-06-14 00:00:00,2022-06-25 00:00:00,"ISOSORBIDE MONONITRATE ER 30 MG TABLET,EXTENDED RELEASE 24 HR"
968,978.0,13594935397,114734863,2022-07-08 00:00:00,2022-07-09 00:00:00,INSULIN NPH ISOPHANE U-100 HUMAN 100 UNIT/ML SUBCUTANEOUS SUSPENSION
969,979.0,13594935397,114734863,2022-07-06 00:00:00,2022-07-08 00:00:00,INSULIN NPH ISOPHANE U-100 HUMAN 100 UNIT/ML SUBCUTANEOUS SUSPENSION
970,980.0,13590480422,114734863,2022-06-14 00:00:00,2022-06-25 00:00:00,BRIMONIDINE 0.15 % EYE DROPS
971,981.0,13590480422,114734863,2022-06-22 00:00:00,2022-06-25 00:00:00,CETIRIZINE 10 MG TABLET
972,982.0,13590480422,114734863,2022-06-14 00:00:00,2022-06-25 00:00:00,"ISOSORBIDE MONONITRATE ER 30 MG TABLET,EXTENDED RELEASE 24 HR"
973,983.0,13594935397,114734863,2022-07-06 00:00:00,2022-07-15 00:00:00,ATENOLOL 25 MG TABLET
974,984.0,13594935397,114734863,2022-07-06 00:00:00,2022-07-16 00:00:00,CITALOPRAM 20 MG TABLET
975,985.0,13594935397,114734863,2022-07-05 00:00:00,2022-07-13 00:00:00,FLUOCINOLONE 0.025 % TOPICAL CREAM
976,986.0,13594935397,114734863,2022-07-06 00:00:00,2022-07-16 00:00:00,MULTIVITAMIN TAB/CAP SUPER ORDERABLE
977,987.0,13594935397,114734863,2022-07-14 00:00:00,2022-07-16 00:00:00,"METOPROLOL SUCCINATE ER 100 MG TABLET,EXTENDED RELEASE 24 HR"
978,988.0,13602759294,114734863,2022-08-20 00:00:00,2022-08-27 00:00:00,METRONIDAZOLE 250 MG TABLET
979,989.0,13602759294,114734863,2022-08-22 00:00:00,2022-08-22 00:00:00,HYDROCORTISONE SOD SUCCINATE (PF) 100 MG/2 ML SOLUTION FOR INJECTION
980,990.0,13602759294,114734863,2022-08-16 00:00:00,2022-08-27 00:00:00,TAMSULOSIN 0.4 MG CAPSULE
981,991.0,13602759294,114734863,2022-08-16 00:00:00,2022-08-24 00:00:00,METOPROLOL TARTRATE 25 MG TABLET
982,992.0,13668231746,114734863,2023-07-03 00:00:00,2023-07-03 00:00:00,LACTATED RINGERS INTRAVENOUS SOLUTION
983,993.0,13605088575,114734863,2022-09-13 00:00:00,2022-09-13 00:00:00,"INSULIN PEN NEEDLES (DISPOSABLE) 31 X 5/16"""
984,994.0,13602759294,114734863,2022-08-27 00:00:00,2023-06-05 00:00:00,SENNOSIDES 8.6 MG TABLET
985,995.0,13602759294,114734863,2022-08-16 00:00:00,2022-08-27 00:00:00,TIOTROPIUM BROMIDE 18 MCG CAPSULE WITH INHALATION DEVICE
986,996.0,13602759294,114734863,2022-08-16 00:00:00,2022-08-20 00:00:00,BUMETANIDE 1 MG TABLET
987,997.0,13602759294,114734863,2022-08-16 00:00:00,2022-08-27 00:00:00,TAMSULOSIN 0.4 MG CAPSULE
988,998.0,13602759294,114734863,2022-08-16 00:00:00,2022-08-27 00:00:00,TAMSULOSIN 0.4 MG CAPSULE
989,999.0,13602759294,114734863,2022-08-16 00:00:00,2022-08-19 00:00:00,INSULIN LISPRO (U-100) 100 UNIT/ML SUBCUTANEOUS SOLUTION
990,1000.0,13602759294,114734863,2022-08-19 00:00:00,2022-08-27 00:00:00,INSULIN LISPRO (U-100) 100 UNIT/ML SUBCUTANEOUS SOLUTION
991,1001.0,13666222513,114734863,2023-07-03 00:00:00,2023-07-04 00:00:00,ACETAMINOPHEN 325 MG TABLET
992,1002.0,13602759294,114734863,2022-08-16 00:00:00,2022-08-27 00:00:00,"ISOSORBIDE MONONITRATE ER 30 MG TABLET,EXTENDED RELEASE 24 HR"
993,1003.0,13602759294,114734863,2022-08-19 00:00:00,2022-08-27 00:00:00,INSULIN LISPRO (U-100) 100 UNIT/ML SUBCUTANEOUS SOLUTION
994,1004.0,13602759294,114734863,2022-08-22 00:00:00,2022-08-27 00:00:00,INSULIN NPH ISOPHANE U-100 HUMAN 100 UNIT/ML SUBCUTANEOUS SUSPENSION
995,1005.0,13602759294,114734863,2022-08-20 00:00:00,2022-08-27 00:00:00,BUMETANIDE 1 MG TABLET
996,1006.0,13602759294,114734863,2022-08-16 00:00:00,2022-08-27 00:00:00,BRIMONIDINE 0.15 % EYE DROPS
997,1007.0,13668231746,114734863,2023-07-03 00:00:00,2023-07-03 00:00:00,PROPOFOL 10 MG/ML INTRAVENOUS EMULSION
998,1008.0,13636649040,114734863,2023-01-30 00:00:00,2023-01-30 00:00:00,BRIMONIDINE 0.15 % EYE DROPS
999,1009.0,13642454435,114734863,2023-02-27 00:00:00,2023-02-27 00:00:00,FERROUS SULFATE 325 MG (65 MG IRON) TABLET
1000,1010.0,13627460525,114734863,2022-12-17 00:00:00,2022-12-17 00:00:00,PROPOFOL 10 MG/ML INTRAVENOUS EMULSION
1001,1011.0,13602759294,114734863,2022-08-21 00:00:00,2022-08-22 00:00:00,INSULIN NPH ISOPHANE U-100 HUMAN 100 UNIT/ML SUBCUTANEOUS SUSPENSION
1002,1012.0,13602759294,114734863,2022-08-16 00:00:00,2022-08-27 00:00:00,LATANOPROST 0.005 % EYE DROPS
1003,1013.0,13602759294,114734863,2022-08-16 00:00:00,2022-08-27 00:00:00,FAMOTIDINE 20 MG TABLET
1004,1014.0,13602759294,114734863,2022-08-27 00:00:00,2022-10-18 00:00:00,METRONIDAZOLE 500 MG TABLET
1005,1015.0,13602759294,114734863,2022-08-16 00:00:00,2022-08-27 00:00:00,APIXABAN 2.5 MG TABLET
1006,1016.0,13602759294,114734863,2022-08-20 00:00:00,2022-08-27 00:00:00,METRONIDAZOLE 250 MG TABLET
1007,1017.0,13602759294,114734863,2022-08-20 00:00:00,2022-08-27 00:00:00,METRONIDAZOLE 250 MG TABLET
1008,1018.0,13666222513,114734863,2023-07-03 00:00:00,2023-07-04 00:00:00,HYDROMORPHONE (PF) 0.5 MG/0.5 ML INJECTION SYRINGE
1009,1019.0,13602759294,114734863,2022-08-16 00:00:00,2022-08-27 00:00:00,MULTIVITAMIN TAB/CAP SUPER ORDERABLE
1010,1020.0,13602759294,114734863,2022-08-16 00:00:00,2022-08-27 00:00:00,FAMOTIDINE 20 MG TABLET
1011,1021.0,13602759294,114734863,2022-08-16 00:00:00,2022-08-27 00:00:00,BRIMONIDINE 0.15 % EYE DROPS
1012,1022.0,13602759294,114734863,2022-08-16 00:00:00,2022-08-27 00:00:00,FAMOTIDINE 20 MG TABLET
1013,1024.0,13602759294,114734863,2022-08-18 00:00:00,2022-08-18 00:00:00,INSULIN LISPRO (U-100) 100 UNIT/ML SUBCUTANEOUS SOLUTION
1014,1025.0,13602759294,114734863,2022-08-16 00:00:00,2022-08-19 00:00:00,INSULIN LISPRO (U-100) 100 UNIT/ML SUBCUTANEOUS SOLUTION
1015,1026.0,13602759294,114734863,2022-08-18 00:00:00,2022-08-20 00:00:00,VANCOMYCIN 1.25 GRAM/250 ML IN 0.9 % SODIUM CHLORIDE INTRAVENOUS
1016,1027.0,13602759294,114734863,2022-08-16 00:00:00,2022-08-27 00:00:00,APIXABAN 2.5 MG TABLET
1017,1028.0,13602759294,114734863,2022-08-20 00:00:00,2022-08-27 00:00:00,METRONIDAZOLE 250 MG TABLET
1018,1029.0,13602759294,114734863,2022-08-15 00:00:00,2022-08-15 00:00:00,MAGNESIUM SULFATE 2 GRAM/50 ML (4 %) IN WATER INTRAVENOUS PIGGYBACK
1019,1030.0,13602759294,114734863,2022-08-25 00:00:00,2022-08-27 00:00:00,"METOPROLOL SUCCINATE ER 25 MG TABLET,EXTENDED RELEASE 24 HR"
1020,1031.0,13602759294,114734863,2022-08-19 00:00:00,2022-08-27 00:00:00,INSULIN LISPRO (U-100) 100 UNIT/ML SUBCUTANEOUS SOLUTION
1021,1032.0,13602759294,114734863,2022-08-16 00:00:00,2022-08-27 00:00:00,FAMOTIDINE 20 MG TABLET
1022,1033.0,13602759294,114734863,2022-08-16 00:00:00,2022-08-27 00:00:00,BRIMONIDINE 0.15 % EYE DROPS
1023,1034.0,13630361656,114734863,2022-12-28 00:00:00,2022-12-28 00:00:00,FREESTYLE LIBRE 14 DAY SENSOR KIT
1024,1035.0,13495097427,114734863,2021-01-31 00:00:00,2022-01-03 00:00:00,BUMETANIDE 1 MG TABLET
1025,1036.0,13507213825,114734863,2021-04-13 00:00:00,2022-01-25 00:00:00,"ISOSORBIDE MONONITRATE ER 60 MG TABLET,EXTENDED RELEASE 24 HR"
1026,1037.0,13602759294,114734863,2022-08-21 00:00:00,2022-08-27 00:00:00,"NYSTATIN 100,000 UNIT/GRAM TOPICAL POWDER"
1027,1038.0,13602759294,114734863,2022-08-21 00:00:00,2022-08-27 00:00:00,"NYSTATIN 100,000 UNIT/GRAM TOPICAL POWDER"
1028,1039.0,13602759294,114734863,2022-08-16 00:00:00,2022-08-27 00:00:00,LATANOPROST 0.005 % EYE DROPS
1029,1040.0,13602759294,114734863,2022-08-16 00:00:00,2022-08-27 00:00:00,"CHOLECALCIFEROL (VITAMIN D3) 25 MCG (1,000 UNIT) TABLET"
1030,1041.0,13666222513,114734863,2023-07-03 00:00:00,2023-07-04 00:00:00,ACETAMINOPHEN 650 MG RECTAL SUPPOSITORY
1031,1042.0,13602759294,114734863,2022-08-16 00:00:00,2022-08-27 00:00:00,BRIMONIDINE 0.15 % EYE DROPS
1032,1043.0,13602759294,114734863,2022-08-16 00:00:00,2022-08-27 00:00:00,TAMSULOSIN 0.4 MG CAPSULE
1033,1044.0,13602759294,114734863,2022-08-16 00:00:00,2022-08-20 00:00:00,BUMETANIDE 1 MG TABLET
1034,1045.0,13602759294,114734863,2022-08-16 00:00:00,2022-08-27 00:00:00,BRIMONIDINE 0.15 % EYE DROPS
1035,1046.0,13602759294,114734863,2022-08-16 00:00:00,2022-08-27 00:00:00,"CHOLECALCIFEROL (VITAMIN D3) 25 MCG (1,000 UNIT) TABLET"
1036,1047.0,13602759294,114734863,2022-08-16 00:00:00,2022-08-27 00:00:00,BRIMONIDINE 0.15 % EYE DROPS
1037,1048.0,13602759294,114734863,2022-08-16 00:00:00,2022-08-27 00:00:00,ASPIRIN 81 MG CHEWABLE TABLET
1038,1049.0,13602759294,114734863,2022-08-20 00:00:00,2022-08-27 00:00:00,VANCOMYCIN 125 MG CAPSULE
1039,1050.0,13668231746,114734863,2023-07-03 00:00:00,2023-07-03 00:00:00,PHENYLEPHRINE 20 MG/250 ML (80 MCG/ML) IN 0.9 % SODIUM CHLORIDE IV
1040,1051.0,13602759294,114734863,2022-08-16 00:00:00,2022-08-27 00:00:00,TAMSULOSIN 0.4 MG CAPSULE
1041,1052.0,13602759294,114734863,2022-08-16 00:00:00,2022-08-18 00:00:00,CIPROFLOXACIN 400 MG/200 ML IN 5 % DEXTROSE INTRAVENOUS PIGGYBACK
1042,1053.0,13602759294,114734863,2022-08-21 00:00:00,2022-08-27 00:00:00,"LACTOBACILLUS ACIDOPHILUS, BULGARICUS 100 MILLION CELL GRANULES PACKET"
1043,1054.0,13602759294,114734863,2022-08-16 00:00:00,2022-08-27 00:00:00,"ISOSORBIDE MONONITRATE ER 30 MG TABLET,EXTENDED RELEASE 24 HR"
1044,1055.0,13602759294,114734863,2022-08-16 00:00:00,2022-08-27 00:00:00,MELATONIN 5 MG TABLET
1045,1056.0,13602759294,114734863,2022-08-16 00:00:00,2022-08-24 00:00:00,METOPROLOL TARTRATE 25 MG TABLET
1046,1057.0,13602759294,114734863,2022-08-16 00:00:00,2022-08-27 00:00:00,MULTIVITAMIN TAB/CAP SUPER ORDERABLE
1047,1058.0,13649533700,114734863,2023-04-04 00:00:00,2023-04-04 00:00:00,SODIUM CHLORIDE 0.9 % INTRAVENOUS SOLUTION
1048,1059.0,13602759294,114734863,2022-08-21 00:00:00,2022-08-27 00:00:00,ZZ IMS TEMPLATE
1049,1060.0,13602759294,114734863,2022-08-16 00:00:00,2022-08-24 00:00:00,METOPROLOL TARTRATE 25 MG TABLET
1050,1061.0,13602759294,114734863,2022-08-16 00:00:00,2022-08-27 00:00:00,TIOTROPIUM BROMIDE 18 MCG CAPSULE WITH INHALATION DEVICE
1051,1062.0,13638217844,114734863,2023-02-05 00:00:00,2023-02-05 00:00:00,REPATHA SURECLICK 140 MG/ML SUBCUTANEOUS PEN INJECTOR
1052,1063.0,13613374939,114734863,2022-10-09 00:00:00,2023-06-05 00:00:00,INSULIN NPH ISOPHANE U-100 HUMAN 100 UNIT/ML (3 ML) SUBCUTANEOUS PEN
1053,1064.0,13602759294,114734863,2022-08-20 00:00:00,2022-08-20 00:00:00,TORSEMIDE 20 MG TABLET
1054,1065.0,13668231746,114734863,2023-07-03 00:00:00,2023-07-03 00:00:00,PROPOFOL 10 MG/ML INTRAVENOUS EMULSION
1055,1066.0,13666222513,114734863,2023-07-04 00:00:00,2023-07-04 00:00:00,ASPIRIN 81 MG CHEWABLE TABLET
1056,1067.0,13602759294,114734863,2022-08-25 00:00:00,2022-08-27 00:00:00,"METOPROLOL SUCCINATE ER 25 MG TABLET,EXTENDED RELEASE 24 HR"
1057,1068.0,13602759294,114734863,2022-08-20 00:00:00,2022-08-27 00:00:00,VANCOMYCIN 125 MG CAPSULE
1058,1069.0,13666222513,114734863,2023-07-03 00:00:00,2023-07-04 00:00:00,FLUTICASONE 250 MCG-SALMETEROL 50 MCG/DOSE BLISTR POWDR FOR INHALATION
1059,1070.0,13602759294,114734863,2022-08-16 00:00:00,2022-08-27 00:00:00,TAMSULOSIN 0.4 MG CAPSULE
1060,1071.0,13666222513,114734863,2023-07-03 00:00:00,2023-07-04 00:00:00,BUMETANIDE 1 MG TABLET
1061,1072.0,13602759294,114734863,2022-08-16 00:00:00,2022-08-24 00:00:00,METOPROLOL TARTRATE 25 MG TABLET
1062,1073.0,13666222513,114734863,2023-07-04 00:00:00,2023-07-04 00:00:00,INSULIN U-100 REGULAR HUMAN 100 UNIT/ML INJECTION SOLUTION
1063,1074.0,13602759294,114734863,2022-08-21 00:00:00,2022-08-27 00:00:00,"LACTOBACILLUS ACIDOPHILUS, BULGARICUS 100 MILLION CELL GRANULES PACKET"
1064,1075.0,13602759294,114734863,2022-08-20 00:00:00,2022-08-27 00:00:00,VANCOMYCIN 125 MG CAPSULE
1065,1076.0,13666663225,114734863,2023-06-24 00:00:00,2023-06-25 00:00:00,INSULIN LISPRO (U-100) 100 UNIT/ML SUBCUTANEOUS SOLUTION
1066,1077.0,13602759294,114734863,2022-08-17 00:00:00,2022-08-17 00:00:00,SODIUM CHLORIDE 0.9 % INTRAVENOUS SOLUTION
1067,1078.0,13602759294,114734863,2022-08-16 00:00:00,2022-08-27 00:00:00,FLUTICASONE 250 MCG-SALMETEROL 50 MCG/DOSE BLISTR POWDR FOR INHALATION
1068,1079.0,13602759294,114734863,2022-08-22 00:00:00,2022-11-20 00:00:00,DIPHENHYDRAMINE 50 MG/ML INJECTION SOLUTION
1069,1080.0,13602759294,114734863,2022-08-19 00:00:00,2022-08-27 00:00:00,INSULIN LISPRO (U-100) 100 UNIT/ML SUBCUTANEOUS SOLUTION
1070,1081.0,13602759294,114734863,2022-08-19 00:00:00,2022-08-27 00:00:00,INSULIN LISPRO (U-100) 100 UNIT/ML SUBCUTANEOUS SOLUTION
1071,1082.0,13590480422,114734863,2022-06-15 00:00:00,2022-06-25 00:00:00,IPRATROPIUM 0.5 MG-ALBUTEROL 3 MG (2.5 MG BASE)/3 ML NEBULIZATION SOLN
1072,1083.0,13594935397,114734863,2022-07-10 00:00:00,2022-07-11 00:00:00,PREDNISONE 20 MG TABLET
1073,1084.0,13590480422,114734863,2022-06-22 00:00:00,2022-06-25 00:00:00,CETIRIZINE 10 MG TABLET
1074,1085.0,13590480422,114734863,2022-06-16 00:00:00,2022-06-25 00:00:00,"HEPARIN (PORCINE) 5,000 UNIT/ML INJECTION SOLUTION"
1075,1086.0,13590480422,114734863,2022-06-14 00:00:00,2022-06-25 00:00:00,"CHOLECALCIFEROL (VITAMIN D3) 25 MCG (1,000 UNIT) TABLET"
1076,1087.0,13594935397,114734863,2022-07-10 00:00:00,2022-07-16 00:00:00,"ISOSORBIDE MONONITRATE ER 30 MG TABLET,EXTENDED RELEASE 24 HR"
1077,1088.0,13594935397,114734863,2022-07-05 00:00:00,2022-07-16 00:00:00,BRIMONIDINE 0.15 % EYE DROPS
1078,1089.0,13590480422,114734863,2022-06-22 00:00:00,2022-06-25 00:00:00,CETIRIZINE 10 MG TABLET
1079,1090.0,13594935397,114734863,2022-07-10 00:00:00,2022-07-16 00:00:00,TORSEMIDE 20 MG TABLET
1080,1091.0,13590480422,114734863,2022-06-16 00:00:00,2022-06-25 00:00:00,"HEPARIN (PORCINE) 5,000 UNIT/ML INJECTION SOLUTION"
1081,1092.0,13594935397,114734863,2022-07-16 00:00:00,2022-08-07 00:00:00,IPRATROPIUM 0.5 MG-ALBUTEROL 3 MG (2.5 MG BASE)/3 ML NEBULIZATION SOLN
1082,1093.0,13594935397,114734863,2022-07-05 00:00:00,2022-07-13 00:00:00,FLUOCINOLONE 0.025 % TOPICAL CREAM
1083,1094.0,13590480422,114734863,2022-06-14 00:00:00,2022-06-25 00:00:00,"CHOLECALCIFEROL (VITAMIN D3) 25 MCG (1,000 UNIT) TABLET"
1084,1095.0,13594935397,114734863,2022-07-05 00:00:00,2022-07-13 00:00:00,FLUOCINOLONE 0.025 % TOPICAL CREAM
1085,1096.0,13590480422,114734863,2022-06-14 00:00:00,2022-06-25 00:00:00,ONDANSETRON HCL (PF) 4 MG/2 ML INJECTION SOLUTION
1086,1097.0,13590480422,114734863,2022-06-14 00:00:00,2022-06-25 00:00:00,LATANOPROST 0.005 % EYE DROPS
1087,1098.0,13594935397,114734863,2022-07-06 00:00:00,2022-07-16 00:00:00,LOSARTAN 25 MG TABLET
1088,1099.0,13594935397,114734863,2022-07-10 00:00:00,2022-07-16 00:00:00,TORSEMIDE 20 MG TABLET
1089,1100.0,13590480422,114734863,2022-06-18 00:00:00,2022-06-25 00:00:00,BUMETANIDE 1 MG TABLET
1090,1101.0,13594935397,114734863,2022-07-05 00:00:00,2022-07-05 00:00:00,LACTATED RINGERS IV BOLUS
1091,1102.0,13558717560,114734863,2022-01-03 00:00:00,2022-07-16 00:00:00,BUMETANIDE 1 MG TABLET
1092,1103.0,13602759294,114734863,2022-08-16 00:00:00,2022-08-27 00:00:00,BRIMONIDINE 0.15 % EYE DROPS
1093,1104.0,13622256715,114734863,2022-12-17 00:00:00,2022-12-17 00:00:00,IODIXANOL 270 MG IODINE/ML INTRAVENOUS SOLUTION
1094,1105.0,13602759294,114734863,2022-08-16 00:00:00,2022-08-27 00:00:00,FAMOTIDINE 20 MG TABLET
1095,1106.0,13612774197,114734863,2022-10-05 00:00:00,2022-10-09 00:00:00,INSULIN NPH ISOPHANE U-100 HUMAN 100 UNIT/ML SUBCUTANEOUS SUSPENSION
1096,1107.0,13602759294,114734863,2022-08-22 00:00:00,2022-08-27 00:00:00,INSULIN NPH ISOPHANE U-100 HUMAN 100 UNIT/ML SUBCUTANEOUS SUSPENSION
1097,1108.0,13602759294,114734863,2022-08-16 00:00:00,2022-08-27 00:00:00,FLUTICASONE 250 MCG-SALMETEROL 50 MCG/DOSE BLISTR POWDR FOR INHALATION
1098,1109.0,13602759294,114734863,2022-08-16 00:00:00,2022-08-27 00:00:00,MULTIVITAMIN TAB/CAP SUPER ORDERABLE
1099,1110.0,13668231746,114734863,2023-07-03 00:00:00,2023-07-03 00:00:00,SUGAMMADEX 100 MG/ML INTRAVENOUS SOLUTION
1100,1111.0,13602759294,114734863,2022-08-20 00:00:00,2022-08-27 00:00:00,METRONIDAZOLE 250 MG TABLET
1101,1112.0,13666222513,114734863,2023-07-03 00:00:00,2023-07-03 00:00:00,MUPIROCIN-BETAMETHASONE-MICONAZOLE (NIPPLE OINTMENT) CMPD MGH
1102,1113.0,13605213345,114734863,2022-08-28 00:00:00,2023-06-05 00:00:00,ZINC SULFATE 50 MG ZINC (220 MG) TABLET
1103,1114.0,13666222513,114734863,2023-07-03 00:00:00,2023-07-04 00:00:00,BRIMONIDINE 0.15 % EYE DROPS
1104,1115.0,13602759294,114734863,2022-08-16 00:00:00,2022-08-27 00:00:00,"ISOSORBIDE MONONITRATE ER 30 MG TABLET,EXTENDED RELEASE 24 HR"
1105,1116.0,13602759294,114734863,2022-08-16 00:00:00,2022-08-27 00:00:00,"ISOSORBIDE MONONITRATE ER 30 MG TABLET,EXTENDED RELEASE 24 HR"
1106,1117.0,13602759294,114734863,2022-08-15 00:00:00,2022-08-15 00:00:00,MAGNESIUM SULFATE 2 GRAM/50 ML (4 %) IN WATER INTRAVENOUS PIGGYBACK
1107,1118.0,13594935397,114734863,2022-07-08 00:00:00,2022-07-16 00:00:00,INSULIN LISPRO (U-100) 100 UNIT/ML SUBCUTANEOUS SOLUTION
1108,1119.0,13594935397,114734863,2022-07-07 00:00:00,2022-07-14 00:00:00,VANCOMYCIN 125 MG CAPSULE
1109,1120.0,13590480422,114734863,2022-06-14 00:00:00,2022-06-25 00:00:00,DEXTROSE 50 % IN WATER (D50W) INTRAVENOUS SYRINGE
1110,1121.0,13590480422,114734863,2022-06-14 00:00:00,2022-06-25 00:00:00,ASPIRIN 81 MG CHEWABLE TABLET
1111,1122.0,13594935397,114734863,2022-07-07 00:00:00,2022-07-13 00:00:00,FAMOTIDINE 20 MG TABLET
1112,1123.0,13590480422,114734863,2022-06-14 00:00:00,2022-06-17 00:00:00,INSULIN U-100 REGULAR HUMAN 100 UNIT/ML INJECTION SOLUTION
1113,1124.0,13594935397,114734863,2022-07-16 00:00:00,2022-08-07 00:00:00,CETIRIZINE 10 MG TABLET
1114,1125.0,13594935397,114734863,2022-07-12 00:00:00,2022-07-14 00:00:00,METOPROLOL TARTRATE 25 MG TABLET
1115,1126.0,13590480422,114734863,2022-06-22 00:00:00,2022-06-25 00:00:00,FLUOCINOLONE 0.025 % TOPICAL CREAM
1116,1127.0,13590480422,114734863,2022-06-19 00:00:00,2022-06-25 00:00:00,"NYSTATIN 100,000 UNIT/GRAM TOPICAL OINTMENT"
1117,1128.0,13590480422,114734863,2022-06-16 00:00:00,2022-06-25 00:00:00,"HEPARIN (PORCINE) 5,000 UNIT/ML INJECTION SOLUTION"
1118,1129.0,13594935397,114734863,2022-07-30 00:00:00,2022-07-11 00:00:00,PREDNISONE 20 MG TABLET
1119,1130.0,13590480422,114734863,2022-06-14 00:00:00,2022-06-19 00:00:00,LOSARTAN 25 MG TABLET
1120,1131.0,13594935397,114734863,2022-07-05 00:00:00,2022-07-07 00:00:00,VANCOMYCIN 125 MG CAPSULE
1121,1132.0,13590480422,114734863,2022-06-15 00:00:00,2022-06-21 00:00:00,METRONIDAZOLE 500 MG/100 ML-SODIUM CHLORIDE(ISO) INTRAVENOUS PIGGYBACK
1122,1133.0,13594935397,114734863,2022-07-07 00:00:00,2022-07-16 00:00:00,FLUTICASONE PROPIONATE 220 MCG/ACTUATION HFA AEROSOL INHALER
1123,1134.0,13594935397,114734863,2022-07-06 00:00:00,2022-07-14 00:00:00,TAMSULOSIN 0.4 MG CAPSULE
1124,1135.0,13590480422,114734863,2022-06-17 00:00:00,2022-06-24 00:00:00,INSULIN LISPRO (U-100) 100 UNIT/ML SUBCUTANEOUS SOLUTION
1125,1136.0,13590480422,114734863,2022-06-14 00:00:00,2022-06-25 00:00:00,FLU VAC HIGH DOSE 65YR UP (PF) 240 MCG/0.7 ML IM (SUPERORDERABLE CVX 197)
1126,1137.0,13590480422,114734863,2022-06-14 00:00:00,2022-06-25 00:00:00,SODIUM CHLORIDE 0.9 % INTRAVENOUS SOLUTION
1127,1138.0,13590480422,114734863,2022-06-14 00:00:00,2022-06-25 00:00:00,TAMSULOSIN 0.4 MG CAPSULE
1128,1139.0,13602759294,114734863,2022-08-20 00:00:00,2022-08-27 00:00:00,BUMETANIDE 1 MG TABLET
1129,1140.0,13602759294,114734863,2022-08-16 00:00:00,2022-08-27 00:00:00,"ISOSORBIDE MONONITRATE ER 30 MG TABLET,EXTENDED RELEASE 24 HR"
1130,1141.0,13602759294,114734863,2022-08-19 00:00:00,2022-08-27 00:00:00,INSULIN LISPRO (U-100) 100 UNIT/ML SUBCUTANEOUS SOLUTION
1131,1142.0,13602759294,114734863,2022-08-16 00:00:00,2022-08-27 00:00:00,ACETAMINOPHEN 325 MG TABLET
1132,1143.0,13602759294,114734863,2022-08-16 00:00:00,2022-08-27 00:00:00,FAMOTIDINE 20 MG TABLET
1133,1144.0,13666663225,114734863,2023-06-25 00:00:00,2023-07-03 00:00:00,VANCOMYCIN 125 MG CAPSULE
1134,1145.0,13602759294,114734863,2022-08-19 00:00:00,2022-08-27 00:00:00,INSULIN LISPRO (U-100) 100 UNIT/ML SUBCUTANEOUS SOLUTION
1135,1146.0,13602759294,114734863,2022-08-16 00:00:00,2022-08-27 00:00:00,APIXABAN 2.5 MG TABLET
1136,1147.0,13602759294,114734863,2022-08-16 00:00:00,2022-08-24 00:00:00,METOPROLOL TARTRATE 25 MG TABLET
1137,1148.0,13649533700,114734863,2023-04-04 00:00:00,2023-04-04 00:00:00,FENTANYL (PF) 50 MCG/ML INJECTION SOLUTION
1138,1149.0,13602759294,114734863,2022-08-22 00:00:00,2022-08-27 00:00:00,INSULIN NPH ISOPHANE U-100 HUMAN 100 UNIT/ML SUBCUTANEOUS SUSPENSION
1139,1150.0,13602759294,114734863,2022-08-16 00:00:00,2022-08-27 00:00:00,BRIMONIDINE 0.15 % EYE DROPS
1140,1151.0,13602759294,114734863,2022-08-16 00:00:00,2022-08-27 00:00:00,ACETAMINOPHEN 650 MG/20.3 ML ORAL SOLUTION
1141,1152.0,13627460525,114734863,2022-12-17 00:00:00,2022-12-17 00:00:00,SODIUM CHLORIDE 0.9 % INTRAVENOUS SOLUTION
1142,1153.0,13602759294,114734863,2022-08-21 00:00:00,2022-08-27 00:00:00,ZZ IMS TEMPLATE
1143,1154.0,13602759294,114734863,2022-08-16 00:00:00,2022-08-27 00:00:00,TIOTROPIUM BROMIDE 18 MCG CAPSULE WITH INHALATION DEVICE
1144,1155.0,13602759294,114734863,2022-08-16 00:00:00,2022-08-27 00:00:00,BRIMONIDINE 0.15 % EYE DROPS
1145,1156.0,13594935397,114734863,2022-07-13 00:00:00,2022-07-16 00:00:00,APIXABAN 2.5 MG TABLET
1146,1157.0,13594935397,114734863,2022-07-05 00:00:00,2022-07-10 00:00:00,"ISOSORBIDE MONONITRATE ER 30 MG TABLET,EXTENDED RELEASE 24 HR"
1147,1158.0,13590480422,114734863,2022-06-16 00:00:00,2022-06-25 00:00:00,"HEPARIN (PORCINE) 5,000 UNIT/ML INJECTION SOLUTION"
1148,1159.0,13590480422,114734863,2022-06-14 00:00:00,2022-06-25 00:00:00,LATANOPROST 0.005 % EYE DROPS
1149,1160.0,13594935397,114734863,2022-07-09 00:00:00,2022-07-10 00:00:00,METHYLPREDNISOLONE SOD SUCC (PF) 125 MG/2 ML SOLUTION FOR INJECTION
1150,1161.0,13594935397,114734863,2022-07-05 00:00:00,2022-07-16 00:00:00,BRIMONIDINE 0.15 % EYE DROPS
1151,1162.0,13590480422,114734863,2022-06-14 00:00:00,2022-06-25 00:00:00,BRIMONIDINE 0.15 % EYE DROPS
1152,1163.0,13590480422,114734863,2022-06-16 00:00:00,2022-06-25 00:00:00,"HEPARIN (PORCINE) 5,000 UNIT/ML INJECTION SOLUTION"
1153,1164.0,13590480422,114734863,2022-06-22 00:00:00,2022-06-25 00:00:00,FLUOCINOLONE 0.025 % TOPICAL CREAM
1154,1165.0,13594935397,114734863,2022-07-08 00:00:00,2022-07-16 00:00:00,INSULIN LISPRO (U-100) 100 UNIT/ML SUBCUTANEOUS SOLUTION
1155,1166.0,13590480422,114734863,2022-06-17 00:00:00,2022-06-25 00:00:00,FAMOTIDINE 20 MG TABLET
1156,1167.0,13594935397,114734863,2022-07-24 00:00:00,2022-07-16 00:00:00,PREDNISONE 20 MG TABLET
1157,1168.0,13594935397,114734863,2022-07-07 00:00:00,2022-07-13 00:00:00,FAMOTIDINE 20 MG TABLET
1158,1169.0,13590480422,114734863,2022-06-15 00:00:00,2022-06-25 00:00:00,IPRATROPIUM 0.5 MG-ALBUTEROL 3 MG (2.5 MG BASE)/3 ML NEBULIZATION SOLN
1159,1170.0,13590480422,114734863,2022-06-17 00:00:00,2022-06-25 00:00:00,INSULIN NPH ISOPHANE U-100 HUMAN 100 UNIT/ML SUBCUTANEOUS SUSPENSION
1160,1171.0,13594935397,114734863,2022-07-14 00:00:00,2022-07-16 00:00:00,TAMSULOSIN 0.4 MG CAPSULE
1161,1172.0,13594935397,114734863,2022-07-13 00:00:00,2022-07-13 00:00:00,dextrose (D50W) 50 % syringe
1162,1173.0,13599695903,114734863,2022-08-07 00:00:00,2022-08-27 00:00:00,PREDNISONE 5 MG TABLET
1163,1174.0,13590480422,114734863,2022-06-15 00:00:00,2022-06-25 00:00:00,IPRATROPIUM 0.5 MG-ALBUTEROL 3 MG (2.5 MG BASE)/3 ML NEBULIZATION SOLN
1164,1175.0,13599695903,114734863,2022-08-07 00:00:00,2022-08-27 00:00:00,INSULIN NPH ISOPHANE U-100 HUMAN 100 UNIT/ML SUBCUTANEOUS SUSPENSION
1165,1176.0,13594935397,114734863,2022-07-10 00:00:00,2022-07-16 00:00:00,TORSEMIDE 20 MG TABLET
1166,1177.0,13590480422,114734863,2022-06-21 00:00:00,2022-06-22 00:00:00,AMOXICILLIN 875 MG-POTASSIUM CLAVULANATE 125 MG TABLET
1167,1178.0,13594935397,114734863,2022-07-05 00:00:00,2022-07-13 00:00:00,"HEPARIN (PORCINE) 5,000 UNIT/ML INJECTION SOLUTION"
1168,1179.0,13594935397,114734863,2022-07-05 00:00:00,2022-07-16 00:00:00,BRIMONIDINE 0.15 % EYE DROPS
1169,1180.0,13590480422,114734863,2022-06-14 00:00:00,2022-06-16 00:00:00,FAMOTIDINE 20 MG TABLET
1170,1181.0,13590480422,114734863,2022-06-15 00:00:00,2022-06-25 00:00:00,IPRATROPIUM 0.5 MG-ALBUTEROL 3 MG (2.5 MG BASE)/3 ML NEBULIZATION SOLN
1171,1182.0,13594935397,114734863,2022-07-10 00:00:00,2022-07-16 00:00:00,TORSEMIDE 20 MG TABLET
1172,1183.0,13594935397,114734863,2022-07-07 00:00:00,2022-07-14 00:00:00,VANCOMYCIN 125 MG CAPSULE
1173,1184.0,13590480422,114734863,2022-06-14 00:00:00,2022-06-16 00:00:00,LACTATED RINGERS INTRAVENOUS SOLUTION
1174,1185.0,13590480422,114734863,2022-06-14 00:00:00,2022-06-17 00:00:00,INSULIN NPH ISOPHANE U-100 HUMAN 100 UNIT/ML SUBCUTANEOUS SUSPENSION
1175,1186.0,13590480422,114734863,2022-06-15 00:00:00,2022-06-25 00:00:00,IPRATROPIUM 0.5 MG-ALBUTEROL 3 MG (2.5 MG BASE)/3 ML NEBULIZATION SOLN
1176,1187.0,13594935397,114734863,2022-07-06 00:00:00,2022-07-16 00:00:00,CITALOPRAM 20 MG TABLET
1177,1188.0,13594935397,114734863,2022-07-07 00:00:00,2022-07-14 00:00:00,VANCOMYCIN 125 MG CAPSULE
1178,1189.0,13590480422,114734863,2022-06-17 00:00:00,2022-06-24 00:00:00,INSULIN LISPRO (U-100) 100 UNIT/ML SUBCUTANEOUS SOLUTION
1179,1190.0,13594935397,114734863,2022-07-06 00:00:00,2022-07-16 00:00:00,MULTIVITAMIN TAB/CAP SUPER ORDERABLE
1180,1191.0,13590480422,114734863,2022-06-14 00:00:00,2022-06-25 00:00:00,BUMETANIDE 1 MG TABLET
1181,1192.0,13590480422,114734863,2022-06-18 00:00:00,2022-06-25 00:00:00,INSULIN LISPRO (U-100) 100 UNIT/ML SUBCUTANEOUS SOLUTION
1182,1193.0,13594935397,114734863,2022-07-16 00:00:00,2022-08-27 00:00:00,TAMSULOSIN 0.4 MG CAPSULE
1183,1194.0,13590480422,114734863,2022-06-14 00:00:00,2022-06-15 00:00:00,PIPERACILLIN-TAZOBACTAM IVPB 3.375 G (50 ML) MBP
1184,1195.0,13590480422,114734863,2022-06-14 00:00:00,2022-06-22 00:00:00,ACETAMINOPHEN 325 MG TABLET
1185,1196.0,13590480422,114734863,2022-06-15 00:00:00,2022-06-19 00:00:00,CEFEPIME IVPB 1 G (50 ML) MBP
1186,1197.0,13594935397,114734863,2022-07-08 00:00:00,2022-07-16 00:00:00,INSULIN LISPRO (U-100) 100 UNIT/ML SUBCUTANEOUS SOLUTION
1187,1198.0,13594935397,114734863,2022-07-05 00:00:00,2022-07-07 00:00:00,VANCOMYCIN 125 MG CAPSULE
1188,1199.0,13586284997,114734863,2022-05-30 00:00:00,2022-05-30 00:00:00,ALBUTEROL SULFATE HFA 90 MCG/ACTUATION AEROSOL INHALER
1189,1200.0,13594935397,114734863,2022-07-08 00:00:00,2022-07-16 00:00:00,INSULIN LISPRO (U-100) 100 UNIT/ML SUBCUTANEOUS SOLUTION
1190,1201.0,13590480422,114734863,2022-06-14 00:00:00,2022-06-25 00:00:00,LATANOPROST 0.005 % EYE DROPS
1191,1202.0,13590480422,114734863,2022-06-14 00:00:00,2022-06-25 00:00:00,SODIUM CHLORIDE 0.9 % (FLUSH) INJECTION SYRINGE
1192,1203.0,13594935397,114734863,2022-07-06 00:00:00,2022-07-16 00:00:00,TIOTROPIUM BROMIDE 18 MCG CAPSULE WITH INHALATION DEVICE
1193,1204.0,13590480422,114734863,2022-06-14 00:00:00,2022-06-25 00:00:00,BRIMONIDINE 0.15 % EYE DROPS
1194,1205.0,13594935397,114734863,2022-07-05 00:00:00,2022-07-08 00:00:00,INSULIN LISPRO (U-100) 100 UNIT/ML SUBCUTANEOUS SOLUTION
1195,1206.0,13590480422,114734863,2022-06-14 00:00:00,2022-06-22 00:00:00,ACETAMINOPHEN 325 MG TABLET
1196,1207.0,13590480422,114734863,2022-06-15 00:00:00,2022-06-21 00:00:00,METRONIDAZOLE 500 MG/100 ML-SODIUM CHLORIDE(ISO) INTRAVENOUS PIGGYBACK
1197,1208.0,13590480422,114734863,2022-06-18 00:00:00,2022-06-25 00:00:00,INSULIN LISPRO (U-100) 100 UNIT/ML SUBCUTANEOUS SOLUTION
1198,1209.0,13594935397,114734863,2022-07-05 00:00:00,2022-07-16 00:00:00,LATANOPROST 0.005 % EYE DROPS
1199,1210.0,13590480422,114734863,2022-06-15 00:00:00,2022-06-25 00:00:00,IPRATROPIUM 0.5 MG-ALBUTEROL 3 MG (2.5 MG BASE)/3 ML NEBULIZATION SOLN
1200,1211.0,13530186202,114734863,2021-08-01 00:00:00,2022-06-25 00:00:00,INSULIN SYRINGE U-100 WITH NEEDLE 1 ML 29 GAUGE
1201,1212.0,13592833983,114734863,2022-07-03 00:00:00,2022-07-03 00:00:00,IOHEXOL 350 MG IODINE/ML INTRAVENOUS SOLUTION
1202,1213.0,13594935397,114734863,2022-07-13 00:00:00,2022-07-16 00:00:00,"NYSTATIN 100,000 UNIT/GRAM TOPICAL POWDER"
1203,1214.0,13594935397,114734863,2022-07-05 00:00:00,2022-07-07 00:00:00,VANCOMYCIN 125 MG CAPSULE
1204,1215.0,13590480422,114734863,2022-06-15 00:00:00,2022-06-21 00:00:00,METRONIDAZOLE 500 MG/100 ML-SODIUM CHLORIDE(ISO) INTRAVENOUS PIGGYBACK
1205,1216.0,13590480422,114734863,2022-06-15 00:00:00,2022-06-21 00:00:00,METRONIDAZOLE 500 MG/100 ML-SODIUM CHLORIDE(ISO) INTRAVENOUS PIGGYBACK
1206,1217.0,13588506396,114734863,2022-06-04 00:00:00,2022-08-07 00:00:00,FLUTICASONE FUR. 200 MCG-UMECLID 62.5 MCG-VILANT 25 MCG INHALAT.POWDER
1207,1218.0,13594935397,114734863,2022-07-06 00:00:00,2022-07-16 00:00:00,CITALOPRAM 20 MG TABLET
1208,1219.0,13590480422,114734863,2022-06-14 00:00:00,2022-06-25 00:00:00,BRIMONIDINE 0.15 % EYE DROPS
1209,1220.0,13594935397,114734863,2022-07-06 00:00:00,2022-07-16 00:00:00,MELATONIN 5 MG TABLET
1210,1221.0,13594935397,114734863,2022-07-06 00:00:00,2022-07-06 00:00:00,SODIUM BICARBONATE INFUSION 150 MEQ/1000 ML
1211,1222.0,13590480422,114734863,2022-06-15 00:00:00,2022-06-21 00:00:00,METRONIDAZOLE 500 MG/100 ML-SODIUM CHLORIDE(ISO) INTRAVENOUS PIGGYBACK
1212,1223.0,13590480422,114734863,2022-06-15 00:00:00,2022-06-21 00:00:00,METRONIDAZOLE 500 MG/100 ML-SODIUM CHLORIDE(ISO) INTRAVENOUS PIGGYBACK
1213,1224.0,13590480422,114734863,2022-06-14 00:00:00,2022-06-25 00:00:00,BUMETANIDE 1 MG TABLET
1214,1225.0,13590480422,114734863,2022-06-15 00:00:00,2022-06-25 00:00:00,IPRATROPIUM 0.5 MG-ALBUTEROL 3 MG (2.5 MG BASE)/3 ML NEBULIZATION SOLN
1215,1226.0,13594935397,114734863,2022-07-13 00:00:00,2022-07-16 00:00:00,"NYSTATIN 100,000 UNIT/GRAM TOPICAL POWDER"
1216,1227.0,13590480422,114734863,2022-06-19 00:00:00,2022-06-25 00:00:00,"NYSTATIN 100,000 UNIT/GRAM TOPICAL OINTMENT"
1217,1228.0,13594935397,114734863,2022-07-13 00:00:00,2022-07-16 00:00:00,INSULIN NPH ISOPHANE U-100 HUMAN 100 UNIT/ML SUBCUTANEOUS SUSPENSION
1218,1229.0,13590480422,114734863,2022-06-14 00:00:00,2022-06-17 00:00:00,INSULIN U-100 REGULAR HUMAN 100 UNIT/ML INJECTION SOLUTION
1219,1230.0,13594935397,114734863,2022-07-05 00:00:00,2022-07-05 00:00:00,FLUOCINOLONE 0.025 % TOPICAL CREAM
1220,1231.0,13590480422,114734863,2022-06-15 00:00:00,2022-06-25 00:00:00,IPRATROPIUM 0.5 MG-ALBUTEROL 3 MG (2.5 MG BASE)/3 ML NEBULIZATION SOLN
1221,1232.0,13590480422,114734863,2022-06-14 00:00:00,2022-06-22 00:00:00,ACETAMINOPHEN 325 MG TABLET
1222,1233.0,13590480422,114734863,2022-06-14 00:00:00,2022-06-25 00:00:00,BRIMONIDINE 0.15 % EYE DROPS
1223,1234.0,13594935397,114734863,2022-07-07 00:00:00,2022-07-13 00:00:00,FAMOTIDINE 20 MG TABLET
1224,1235.0,13590480422,114734863,2022-06-18 00:00:00,2022-06-25 00:00:00,BUMETANIDE 1 MG TABLET
1225,1236.0,13590480422,114734863,2022-06-18 00:00:00,2022-06-25 00:00:00,BUMETANIDE 1 MG TABLET
1226,1237.0,13594935397,114734863,2022-07-10 00:00:00,2022-07-16 00:00:00,"ISOSORBIDE MONONITRATE ER 30 MG TABLET,EXTENDED RELEASE 24 HR"
1227,1238.0,13590480422,114734863,2022-06-14 00:00:00,2022-06-25 00:00:00,LATANOPROST 0.005 % EYE DROPS
1228,1239.0,13590480422,114734863,2022-06-14 00:00:00,2022-06-25 00:00:00,"ISOSORBIDE MONONITRATE ER 30 MG TABLET,EXTENDED RELEASE 24 HR"
1229,1240.0,13590480422,114734863,2022-06-14 00:00:00,2022-06-17 00:00:00,INSULIN U-100 REGULAR HUMAN 100 UNIT/ML INJECTION SOLUTION
1230,1241.0,13594935397,114734863,2022-07-05 00:00:00,2022-07-16 00:00:00,BRIMONIDINE 0.15 % EYE DROPS
1231,1242.0,13590480422,114734863,2022-06-16 00:00:00,2022-06-25 00:00:00,"HEPARIN (PORCINE) 5,000 UNIT/ML INJECTION SOLUTION"
1232,1243.0,13590480422,114734863,2022-06-18 00:00:00,2022-06-25 00:00:00,INSULIN NPH ISOPHANE U-100 HUMAN 100 UNIT/ML SUBCUTANEOUS SUSPENSION
1233,1244.0,13539207159,114734863,2022-01-25 00:00:00,2022-09-13 00:00:00,"ISOSORBIDE MONONITRATE ER 60 MG TABLET,EXTENDED RELEASE 24 HR"
1234,1245.0,13590480422,114734863,2022-06-16 00:00:00,2022-06-25 00:00:00,"HEPARIN (PORCINE) 5,000 UNIT/ML INJECTION SOLUTION"
1235,1246.0,13564275114,114734863,2022-01-30 00:00:00,2022-12-31 00:00:00,REPATHA SURECLICK 140 MG/ML SUBCUTANEOUS PEN INJECTOR
1236,1247.0,13590480422,114734863,2022-06-15 00:00:00,2022-06-21 00:00:00,METRONIDAZOLE 500 MG/100 ML-SODIUM CHLORIDE(ISO) INTRAVENOUS PIGGYBACK
1237,1248.0,13594935397,114734863,2022-07-05 00:00:00,2022-07-16 00:00:00,BRIMONIDINE 0.15 % EYE DROPS
1238,1249.0,13590480422,114734863,2022-06-25 00:00:00,2022-08-07 00:00:00,DEXTROSE 50 % IN WATER (D50W) INTRAVENOUS SYRINGE
1239,1250.0,13594935397,114734863,2022-07-05 00:00:00,2022-07-16 00:00:00,CAMPHOR-MENTHOL 0.5 %-0.5 % LOTION
1240,1251.0,13594935397,114734863,2022-07-06 00:00:00,2022-07-06 00:00:00,SODIUM BICARBONATE INFUSION 150 MEQ/1000 ML
1241,1252.0,13594935397,114734863,2022-07-14 00:00:00,2022-07-16 00:00:00,INSULIN NPH ISOPHANE U-100 HUMAN 100 UNIT/ML SUBCUTANEOUS SUSPENSION
1242,1253.0,13590480422,114734863,2022-06-15 00:00:00,2022-06-25 00:00:00,IPRATROPIUM 0.5 MG-ALBUTEROL 3 MG (2.5 MG BASE)/3 ML NEBULIZATION SOLN
1243,1254.0,13590480422,114734863,2022-06-16 00:00:00,2022-06-25 00:00:00,"HEPARIN (PORCINE) 5,000 UNIT/ML INJECTION SOLUTION"
1244,1255.0,13594935397,114734863,2022-07-06 00:00:00,2022-07-05 00:00:00,FLUOCINOLONE 0.025 % TOPICAL CREAM
1245,1256.0,13594935397,114734863,2022-07-05 00:00:00,2022-07-13 00:00:00,CETIRIZINE 10 MG TABLET
1246,1257.0,13590480422,114734863,2022-06-14 00:00:00,2022-06-25 00:00:00,ATENOLOL 25 MG TABLET
1247,1258.0,13594935397,114734863,2022-07-06 00:00:00,2022-07-08 00:00:00,INSULIN NPH ISOPHANE U-100 HUMAN 100 UNIT/ML SUBCUTANEOUS SUSPENSION
1248,1259.0,13594935397,114734863,2022-07-05 00:00:00,2022-07-13 00:00:00,"HEPARIN (PORCINE) 5,000 UNIT/ML INJECTION SOLUTION"
1249,1260.0,13590480422,114734863,2022-06-14 00:00:00,2022-06-25 00:00:00,BRIMONIDINE 0.15 % EYE DROPS
1250,1261.0,13590480422,114734863,2022-06-14 00:00:00,2022-06-25 00:00:00,TAMSULOSIN 0.4 MG CAPSULE
1251,1262.0,13590480422,114734863,2022-06-22 00:00:00,2022-06-25 00:00:00,CETIRIZINE 10 MG TABLET
1252,1263.0,13594935397,114734863,2022-07-05 00:00:00,2022-07-16 00:00:00,LATANOPROST 0.005 % EYE DROPS
1253,1264.0,13594935397,114734863,2022-07-16 00:00:00,2022-08-07 00:00:00,PREDNISONE 50 MG TABLET
1254,1265.0,13594935397,114734863,2022-07-11 00:00:00,2022-07-16 00:00:00,CHOLECALCIFEROL (VITAMIN D3) 10 MCG (400 UNIT) TABLET
1255,1266.0,10221652615,114734863,2013-09-30 00:00:00,2011-06-15 00:00:00,Aspirin enteric coated (ecotrin) - LMR 59
1256,1267.0,10567598315,114734863,2012-07-09 00:00:00,2012-10-29 00:00:00,Tylenol with codeine #3 -oncall
1257,1268.0,10398927610,114734863,2008-04-30 00:00:00,2008-11-19 00:00:00,Lisinopril and hydrochlorothiazide-oncall
1258,1269.0,10626158382,114734863,2008-01-14 00:00:00,2013-03-07 00:59:35,Rosuvastatin (crestor) - LMR 4372
1259,1270.0,10626158382,114734863,2008-01-14 00:00:00,2013-03-07 00:59:35,Atenolol (tenormin) - LMR 61
1260,1271.0,10334562029,114734863,2012-07-09 00:00:00,2012-01-09 00:00:00,Citalopram (celexa) - LMR 3115
1261,1272.0,10268077789,114734863,2014-04-07 00:00:00,2013-09-30 00:00:00,Loratadine (claritin) - LMR 1019
1262,1273.0,10666598469,114734863,2014-04-26 00:00:00,2016-12-05 00:00:00,Ezetimibe 10 mg Tablet
1263,1274.0,13594935397,114734863,2022-07-06 00:00:00,2022-07-15 00:00:00,ATENOLOL 25 MG TABLET
1264,1275.0,13594935397,114734863,2022-07-06 00:00:00,2022-07-16 00:00:00,LOSARTAN 25 MG TABLET
1265,1276.0,13594935397,114734863,2022-07-07 00:00:00,2022-07-09 00:00:00,METHYLPREDNISOLONE SOD SUCC (PF) 125 MG/2 ML SOLUTION FOR INJECTION
1266,1277.0,13594935397,114734863,2022-07-07 00:00:00,2022-07-13 00:00:00,FAMOTIDINE 20 MG TABLET
1267,1278.0,13590480422,114734863,2022-06-19 00:00:00,2022-06-25 00:00:00,"NYSTATIN 100,000 UNIT/GRAM TOPICAL OINTMENT"
1268,1279.0,13590480422,114734863,2022-06-14 00:00:00,2022-06-25 00:00:00,TAMSULOSIN 0.4 MG CAPSULE
1269,1280.0,13594935397,114734863,2022-07-08 00:00:00,2022-07-16 00:00:00,INSULIN LISPRO (U-100) 100 UNIT/ML SUBCUTANEOUS SOLUTION
1270,1281.0,13594935397,114734863,2022-07-16 00:00:00,2022-07-11 00:00:00,ZZ IMS TEMPLATE
1271,1282.0,13590480422,114734863,2022-06-15 00:00:00,2022-06-25 00:00:00,IPRATROPIUM 0.5 MG-ALBUTEROL 3 MG (2.5 MG BASE)/3 ML NEBULIZATION SOLN
1272,1283.0,13539207159,114734863,2022-01-25 00:00:00,2022-06-25 00:00:00,LORATADINE 10 MG TABLET
1273,1284.0,13594935397,114734863,2022-07-06 00:00:00,2022-07-16 00:00:00,CITALOPRAM 20 MG TABLET
1274,1285.0,13594935397,114734863,2022-07-06 00:00:00,2022-07-16 00:00:00,ASPIRIN 81 MG CHEWABLE TABLET
1275,1286.0,13590480422,114734863,2022-06-19 00:00:00,2022-06-21 00:00:00,CEFEPIME IVPB 1 G (50 ML) MBP
1276,1287.0,13594935397,114734863,2022-07-05 00:00:00,2022-07-13 00:00:00,"HEPARIN (PORCINE) 5,000 UNIT/ML INJECTION SOLUTION"
1277,1288.0,13590480422,114734863,2022-06-21 00:00:00,2022-06-22 00:00:00,AMOXICILLIN 875 MG-POTASSIUM CLAVULANATE 125 MG TABLET
1278,1289.0,13594935397,114734863,2022-07-05 00:00:00,2022-07-16 00:00:00,BRIMONIDINE 0.15 % EYE DROPS
1279,1290.0,13590480422,114734863,2022-06-14 00:00:00,2022-06-25 00:00:00,"ISOSORBIDE MONONITRATE ER 30 MG TABLET,EXTENDED RELEASE 24 HR"
1280,1291.0,13590480422,114734863,2022-06-18 00:00:00,2022-06-25 00:00:00,BUMETANIDE 1 MG TABLET
1281,1292.0,13594935397,114734863,2022-07-12 00:00:00,2022-07-12 00:00:00,METOPROLOL TARTRATE 25 MG TABLET
1282,1293.0,13590480422,114734863,2022-06-25 00:00:00,2022-07-16 00:00:00,INSULIN LISPRO (U-100) 100 UNIT/ML SUBCUTANEOUS SOLUTION
1283,1294.0,13594935397,114734863,2022-07-06 00:00:00,2022-07-16 00:00:00,CITALOPRAM 20 MG TABLET
1284,1295.0,13590480422,114734863,2022-06-18 00:00:00,2022-06-25 00:00:00,BUMETANIDE 1 MG TABLET
1285,1296.0,13594935397,114734863,2022-07-10 00:00:00,2022-07-16 00:00:00,TORSEMIDE 20 MG TABLET
1286,1297.0,13602759294,114734863,2022-08-27 00:00:00,2022-11-09 00:00:00,VANCOMYCIN 125 MG CAPSULE
1287,1298.0,13602759294,114734863,2022-08-16 00:00:00,2022-08-27 00:00:00,FLUTICASONE 250 MCG-SALMETEROL 50 MCG/DOSE BLISTR POWDR FOR INHALATION
1288,1299.0,13627460525,114734863,2022-12-17 00:00:00,2022-12-17 00:00:00,FENTANYL (PF) 50 MCG/ML INJECTION SOLUTION
1289,1300.0,13602759294,114734863,2022-08-16 00:00:00,2022-08-27 00:00:00,MULTIVITAMIN TAB/CAP SUPER ORDERABLE
1290,1301.0,13602759294,114734863,2022-08-16 00:00:00,2022-08-24 00:00:00,METOPROLOL TARTRATE 25 MG TABLET
1291,1302.0,13649533700,114734863,2023-04-04 00:00:00,2023-04-04 00:00:00,PROPOFOL 10 MG/ML INTRAVENOUS EMULSION
1292,1303.0,13602759294,114734863,2022-08-19 00:00:00,2022-08-18 00:00:00,INSULIN NPH ISOPHANE U-100 HUMAN 100 UNIT/ML SUBCUTANEOUS SUSPENSION
1293,1304.0,13602759294,114734863,2022-08-16 00:00:00,2022-08-27 00:00:00,FLUTICASONE 250 MCG-SALMETEROL 50 MCG/DOSE BLISTR POWDR FOR INHALATION
1294,1305.0,13602759294,114734863,2022-08-17 00:00:00,2022-08-19 00:00:00,METRONIDAZOLE 250 MG TABLET
1295,1306.0,13602759294,114734863,2022-08-22 00:00:00,2022-08-27 00:00:00,INSULIN NPH ISOPHANE U-100 HUMAN 100 UNIT/ML SUBCUTANEOUS SUSPENSION
1296,1307.0,13602759294,114734863,2022-08-16 00:00:00,2022-08-27 00:00:00,TAMSULOSIN 0.4 MG CAPSULE
1297,1308.0,13602759294,114734863,2022-08-16 00:00:00,2022-08-27 00:00:00,FAMOTIDINE 20 MG TABLET
1298,1309.0,13668231746,114734863,2023-07-03 00:00:00,2023-07-03 00:00:00,FENTANYL (PF) 50 MCG/ML INJECTION SOLUTION
1299,1310.0,13602759294,114734863,2022-08-16 00:00:00,2022-08-27 00:00:00,"ISOSORBIDE MONONITRATE ER 30 MG TABLET,EXTENDED RELEASE 24 HR"
1300,1311.0,13602759294,114734863,2022-08-16 00:00:00,2022-08-27 00:00:00,ACETAMINOPHEN 325 MG TABLET
1301,1312.0,13605714446,114734863,2022-08-30 00:00:00,2022-08-30 00:00:00,BUSPIRONE 7.5 MG TABLET
1302,1313.0,13602759294,114734863,2022-08-16 00:00:00,2022-08-19 00:00:00,INSULIN LISPRO (U-100) 100 UNIT/ML SUBCUTANEOUS SOLUTION
1303,1314.0,13666663225,114734863,2023-06-25 00:00:00,2023-06-25 00:00:00,"ISOSORBIDE MONONITRATE ER 30 MG TABLET,EXTENDED RELEASE 24 HR"
1304,1315.0,13668231746,114734863,2023-07-03 00:00:00,2023-07-03 00:00:00,DEXAMETHASONE SODIUM PHOSPHATE 4 MG/ML INJECTION SOLUTION
1305,1316.0,13602759294,114734863,2022-08-16 00:00:00,2022-08-27 00:00:00,APIXABAN 2.5 MG TABLET
1306,1317.0,13602759294,114734863,2022-08-18 00:00:00,2022-08-21 00:00:00,INSULIN NPH ISOPHANE U-100 HUMAN 100 UNIT/ML SUBCUTANEOUS SUSPENSION
1307,1318.0,13602759294,114734863,2022-08-19 00:00:00,2022-08-27 00:00:00,INSULIN LISPRO (U-100) 100 UNIT/ML SUBCUTANEOUS SOLUTION
1308,1319.0,13602759294,114734863,2022-08-21 00:00:00,2022-08-27 00:00:00,"LACTOBACILLUS ACIDOPHILUS, BULGARICUS 100 MILLION CELL GRANULES PACKET"
1309,1320.0,13666222513,114734863,2023-07-03 00:00:00,2023-07-04 00:00:00,FAMOTIDINE 20 MG TABLET
1310,1321.0,13627460525,114734863,2022-12-17 00:00:00,2022-12-17 00:00:00,LIDOCAINE HCL 20 MG/ML (2 %) INJECTION SOLUTION
1311,1322.0,13602759294,114734863,2022-08-19 00:00:00,2022-08-27 00:00:00,INSULIN LISPRO (U-100) 100 UNIT/ML SUBCUTANEOUS SOLUTION
1312,1323.0,13602759294,114734863,2022-08-16 00:00:00,2022-08-24 00:00:00,METOPROLOL TARTRATE 25 MG TABLET
1313,1324.0,13602759294,114734863,2022-08-20 00:00:00,2022-08-27 00:00:00,METRONIDAZOLE 250 MG TABLET
1314,1325.0,13602759294,114734863,2022-08-16 00:00:00,2022-08-27 00:00:00,"ISOSORBIDE MONONITRATE ER 30 MG TABLET,EXTENDED RELEASE 24 HR"
1315,1326.0,13602759294,114734863,2022-08-16 00:00:00,2022-08-27 00:00:00,"ISOSORBIDE MONONITRATE ER 30 MG TABLET,EXTENDED RELEASE 24 HR"
1316,1327.0,13602759294,114734863,2022-08-16 00:00:00,2022-08-27 00:00:00,APIXABAN 2.5 MG TABLET
1317,1328.0,13602759294,114734863,2022-08-16 00:00:00,2022-08-27 00:00:00,FAMOTIDINE 20 MG TABLET
1318,1329.0,13602759294,114734863,2022-08-20 00:00:00,2022-08-27 00:00:00,BUMETANIDE 1 MG TABLET
1319,1330.0,13602759294,114734863,2022-08-15 00:00:00,2022-08-15 00:00:00,MAGNESIUM SULFATE 2 GRAM/50 ML (4 %) IN WATER INTRAVENOUS PIGGYBACK
1320,1331.0,13602759294,114734863,2022-08-16 00:00:00,2022-08-27 00:00:00,APIXABAN 2.5 MG TABLET
1321,1332.0,13605714446,114734863,2022-08-30 00:00:00,2022-09-21 00:00:00,BUSPIRONE 7.5 MG TABLET
1322,1333.0,13612774197,114734863,2022-10-05 00:00:00,2022-10-09 00:00:00,INSULIN NPH ISOPHANE U-100 HUMAN 100 UNIT/ML SUBCUTANEOUS SUSPENSION
1323,1334.0,13602759294,114734863,2022-08-16 00:00:00,2022-08-27 00:00:00,FAMOTIDINE 20 MG TABLET
1324,1335.0,13602759294,114734863,2022-08-16 00:00:00,2022-08-27 00:00:00,MULTIVITAMIN TAB/CAP SUPER ORDERABLE
1325,1336.0,13602759294,114734863,2022-08-16 00:00:00,2022-08-27 00:00:00,TAMSULOSIN 0.4 MG CAPSULE
1326,1337.0,13602759294,114734863,2022-08-16 00:00:00,2022-08-27 00:00:00,FLUTICASONE 250 MCG-SALMETEROL 50 MCG/DOSE BLISTR POWDR FOR INHALATION
1327,1338.0,13602759294,114734863,2022-08-16 00:00:00,2022-08-20 00:00:00,BUMETANIDE 1 MG TABLET
1328,1339.0,13602759294,114734863,2022-08-19 00:00:00,2022-08-27 00:00:00,INSULIN LISPRO (U-100) 100 UNIT/ML SUBCUTANEOUS SOLUTION
1329,1340.0,13602759294,114734863,2022-08-16 00:00:00,2022-08-27 00:00:00,TIOTROPIUM BROMIDE 18 MCG CAPSULE WITH INHALATION DEVICE
1330,1341.0,13602759294,114734863,2022-08-19 00:00:00,2022-08-20 00:00:00,SODIUM CHLORIDE 0.9 % INTRAVENOUS SOLUTION
1331,1342.0,13602759294,114734863,2022-08-20 00:00:00,2022-08-27 00:00:00,VANCOMYCIN 125 MG CAPSULE
1332,1343.0,13626300533,114734863,2022-12-11 00:00:00,2022-12-11 00:00:00,SPIRIVA RESPIMAT 2.5 MCG/ACTUATION SOLUTION FOR INHALATION
1333,1344.0,13602759294,114734863,2022-08-16 00:00:00,2022-08-27 00:00:00,"CHOLECALCIFEROL (VITAMIN D3) 25 MCG (1,000 UNIT) TABLET"
1334,1345.0,13602759294,114734863,2022-08-16 00:00:00,2022-08-27 00:00:00,BRIMONIDINE 0.15 % EYE DROPS
1335,1346.0,13602759294,114734863,2022-08-16 00:00:00,2022-08-27 00:00:00,FAMOTIDINE 20 MG TABLET
1336,1347.0,13590480422,114734863,2022-06-14 00:00:00,2022-06-25 00:00:00,LATANOPROST 0.005 % EYE DROPS
1337,1348.0,13590480422,114734863,2022-06-14 00:00:00,2022-06-17 00:00:00,EMPAGLIFLOZIN 10 MG TABLET
1338,1349.0,13599695903,114734863,2022-08-07 00:00:00,2022-12-11 00:00:00,FLUTICASONE 250 MCG-SALMETEROL 50 MCG/DOSE BLISTR POWDR FOR INHALATION
1339,1350.0,13594935397,114734863,2022-07-13 00:00:00,2022-07-16 00:00:00,CETIRIZINE 10 MG TABLET
1340,1351.0,13590480422,114734863,2022-06-18 00:00:00,2022-06-25 00:00:00,INSULIN LISPRO (U-100) 100 UNIT/ML SUBCUTANEOUS SOLUTION
1341,1352.0,13590480422,114734863,2022-06-14 00:00:00,2022-06-15 00:00:00,PIPERACILLIN-TAZOBACTAM IVPB 3.375 G (50 ML) MBP
1342,1353.0,13597901743,114734863,2022-07-24 00:00:00,2022-07-24 00:00:00,IODIXANOL 270 MG IODINE/ML INTRAVENOUS SOLUTION
1343,1354.0,13594935397,114734863,2022-07-05 00:00:00,2022-07-16 00:00:00,ALBUTEROL SULFATE HFA 90 MCG/ACTUATION AEROSOL INHALER
1344,1355.0,13594935397,114734863,2022-07-07 00:00:00,2022-07-14 00:00:00,VANCOMYCIN 125 MG CAPSULE
1345,1356.0,13590480422,114734863,2022-06-16 00:00:00,2022-06-25 00:00:00,"HEPARIN (PORCINE) 5,000 UNIT/ML INJECTION SOLUTION"
1346,1357.0,13594935397,114734863,2022-07-06 00:00:00,2022-07-16 00:00:00,LOSARTAN 25 MG TABLET
1347,1358.0,13594935397,114734863,2022-07-05 00:00:00,2022-07-16 00:00:00,BRIMONIDINE 0.15 % EYE DROPS
1348,1359.0,13594935397,114734863,2022-07-05 00:00:00,2022-07-16 00:00:00,BRIMONIDINE 0.15 % EYE DROPS
1349,1360.0,13590480422,114734863,2022-06-14 00:00:00,2022-06-25 00:00:00,BRIMONIDINE 0.15 % EYE DROPS
1350,1361.0,13594935397,114734863,2022-07-05 00:00:00,2022-07-13 00:00:00,CETIRIZINE 10 MG TABLET
1351,1362.0,13590480422,114734863,2022-06-21 00:00:00,2022-06-25 00:00:00,CAMPHOR-MENTHOL 0.5 %-0.5 % LOTION
1352,1363.0,13590480422,114734863,2022-06-14 00:00:00,2022-06-25 00:00:00,CITALOPRAM 20 MG TABLET
1353,1364.0,13594935397,114734863,2022-07-14 00:00:00,2022-07-16 00:00:00,"METOPROLOL SUCCINATE ER 100 MG TABLET,EXTENDED RELEASE 24 HR"
1354,1365.0,13590480422,114734863,2022-06-14 00:00:00,2022-06-16 00:00:00,LACTATED RINGERS INTRAVENOUS SOLUTION
1355,1366.0,13590480422,114734863,2022-06-14 00:00:00,2022-06-25 00:00:00,TAMSULOSIN 0.4 MG CAPSULE
1356,1367.0,13590480422,114734863,2022-06-19 00:00:00,2022-06-25 00:00:00,LOSARTAN 25 MG TABLET
1357,1368.0,13530186202,114734863,2021-09-18 00:00:00,2022-01-01 00:00:00,BRIMONIDINE 0.1 % EYE DROPS
1358,1369.0,13306420186,114734863,2017-02-05 00:00:00,2017-02-05 00:00:00,ALBUTEROL SULFATE HFA 90 MCG/ACTUATION AEROSOL INHALER
1359,1370.0,13298898112,114734863,2009-10-14 00:00:00,2023-02-18 00:00:00,MULTIVITAMIN TABLET
1360,1371.0,13312987021,114734863,2017-04-12 00:00:00,2019-01-22 00:00:00,FREESTYLE LITE STRIPS
1361,1372.0,13602759294,114734863,2022-08-16 00:00:00,2022-08-27 00:00:00,MULTIVITAMIN TAB/CAP SUPER ORDERABLE
1362,1373.0,13602759294,114734863,2022-08-16 00:00:00,2022-08-27 00:00:00,APIXABAN 2.5 MG TABLET
1363,1374.0,13602759294,114734863,2022-08-16 00:00:00,2022-08-27 00:00:00,TIOTROPIUM BROMIDE 18 MCG CAPSULE WITH INHALATION DEVICE
1364,1375.0,13602759294,114734863,2022-08-16 00:00:00,2022-08-27 00:00:00,FAMOTIDINE 20 MG TABLET
1365,1376.0,13602759294,114734863,2022-08-16 00:00:00,2022-08-27 00:00:00,ACETAMINOPHEN 325 MG TABLET
1366,1377.0,13602759294,114734863,2022-08-17 00:00:00,2022-08-19 00:00:00,METRONIDAZOLE 250 MG TABLET
1367,1378.0,13640677282,114734863,2023-02-20 00:00:00,2023-06-11 00:00:00,MUPIROCIN CALCIUM 2 % TOPICAL CREAM
1368,1379.0,13602759294,114734863,2022-08-16 00:00:00,2022-08-27 00:00:00,"ISOSORBIDE MONONITRATE ER 30 MG TABLET,EXTENDED RELEASE 24 HR"
1369,1380.0,13666663225,114734863,2023-06-25 00:00:00,2023-06-25 00:00:00,CLINDAMYCIN 600 MG/50 ML IN 5 % DEXTROSE INTRAVENOUS PIGGYBACK
1370,1381.0,13602759294,114734863,2022-08-16 00:00:00,2022-08-24 00:00:00,METOPROLOL TARTRATE 25 MG TABLET
1371,1382.0,13602759294,114734863,2022-08-16 00:00:00,2022-08-27 00:00:00,"ISOSORBIDE MONONITRATE ER 30 MG TABLET,EXTENDED RELEASE 24 HR"
1372,1383.0,13602759294,114734863,2022-08-16 00:00:00,2022-08-27 00:00:00,"ISOSORBIDE MONONITRATE ER 30 MG TABLET,EXTENDED RELEASE 24 HR"
1373,1384.0,13602759294,114734863,2022-08-16 00:00:00,2022-08-27 00:00:00,"CHOLECALCIFEROL (VITAMIN D3) 25 MCG (1,000 UNIT) TABLET"
1374,1385.0,13668231746,114734863,2023-07-03 00:00:00,2023-07-03 00:00:00,ONDANSETRON HCL (PF) 4 MG/2 ML INJECTION SOLUTION
1375,1386.0,13602759294,114734863,2022-08-16 00:00:00,2022-08-27 00:00:00,APIXABAN 2.5 MG TABLET
1376,1387.0,13602759294,114734863,2022-08-17 00:00:00,2022-08-17 00:00:00,FENTANYL (PF) 50 MCG/ML INJECTION SOLUTION
1377,1388.0,13602759294,114734863,2022-08-16 00:00:00,2022-08-27 00:00:00,LATANOPROST 0.005 % EYE DROPS
1378,1389.0,13666222513,114734863,2023-07-03 00:00:00,2023-07-03 00:00:00,"ISOSORBIDE MONONITRATE ER 30 MG TABLET,EXTENDED RELEASE 24 HR"
1379,1390.0,13602759294,114734863,2022-08-18 00:00:00,2022-08-20 00:00:00,CIPROFLOXACIN 500 MG TABLET
1380,1391.0,13602759294,114734863,2022-08-20 00:00:00,2022-08-27 00:00:00,BUMETANIDE 1 MG TABLET
1381,1392.0,13666663225,114734863,2023-06-25 00:00:00,2023-06-25 00:00:00,FAMOTIDINE 20 MG TABLET
1382,1393.0,13602759294,114734863,2022-08-20 00:00:00,2022-08-27 00:00:00,VANCOMYCIN 125 MG CAPSULE
1383,1394.0,13602759294,114734863,2022-08-15 00:00:00,2022-08-27 00:00:00,ACETAMINOPHEN 325 MG TABLET
1384,1395.0,13602759294,114734863,2022-08-16 00:00:00,2022-08-24 00:00:00,METOPROLOL TARTRATE 25 MG TABLET
1385,1396.0,13666222513,114734863,2023-07-03 00:00:00,2023-07-04 00:00:00,"ISOSORBIDE MONONITRATE ER 30 MG TABLET,EXTENDED RELEASE 24 HR"
1386,1397.0,13590480422,114734863,2022-06-16 00:00:00,2022-06-22 00:00:00,TRAMADOL 50 MG TABLET
1387,1398.0,13590480422,114734863,2022-06-14 00:00:00,2022-06-14 00:00:00,BUMETANIDE 1 MG TABLET
1388,1399.0,13590480422,114734863,2022-06-14 00:00:00,2022-06-14 00:00:00,SODIUM CHLORIDE 0.9 % (FLUSH) INJECTION SYRINGE
1389,1400.0,13594935397,114734863,2022-07-11 00:00:00,2022-07-13 00:00:00,"CALCIUM CARBONATE 500 MG CALCIUM (1,250 MG) TABLET"
1390,1401.0,13590480422,114734863,2022-06-13 00:00:00,2022-06-13 00:00:00,DEXTROSE 50 % IN WATER (D50W) INTRAVENOUS SYRINGE
1391,1402.0,13590480422,114734863,2022-06-18 00:00:00,2022-06-25 00:00:00,INSULIN LISPRO (U-100) 100 UNIT/ML SUBCUTANEOUS SOLUTION
1392,1403.0,13594935397,114734863,2022-07-05 00:00:00,2022-07-13 00:00:00,FLUOCINOLONE 0.025 % TOPICAL CREAM
1393,1404.0,13594935397,114734863,2022-07-06 00:00:00,2022-07-15 00:00:00,ATENOLOL 25 MG TABLET
1394,1405.0,13590480422,114734863,2022-06-15 00:00:00,2022-06-25 00:00:00,IPRATROPIUM 0.5 MG-ALBUTEROL 3 MG (2.5 MG BASE)/3 ML NEBULIZATION SOLN
1395,1406.0,13590480422,114734863,2022-06-14 00:00:00,2022-06-22 00:00:00,ACETAMINOPHEN 325 MG TABLET
1396,1407.0,13594935397,114734863,2022-08-27 00:00:00,2022-07-11 00:00:00,PREDNISONE 20 MG TABLET
1397,1408.0,13594935397,114734863,2022-07-12 00:00:00,2022-07-14 00:00:00,METOPROLOL TARTRATE 25 MG TABLET
1398,1409.0,13590480422,114734863,2022-06-16 00:00:00,2022-06-25 00:00:00,"HEPARIN (PORCINE) 5,000 UNIT/ML INJECTION SOLUTION"
1399,1410.0,13594935397,114734863,2022-07-06 00:00:00,2022-07-14 00:00:00,TAMSULOSIN 0.4 MG CAPSULE
1400,1411.0,13594935397,114734863,2022-07-06 00:00:00,2022-07-10 00:00:00,"CHOLECALCIFEROL (VITAMIN D3) 25 MCG (1,000 UNIT) TABLET"
1401,1412.0,13590480422,114734863,2022-06-14 00:00:00,2022-06-25 00:00:00,TIOTROPIUM BROMIDE 18 MCG CAPSULE WITH INHALATION DEVICE
1402,1413.0,13594935397,114734863,2022-07-06 00:00:00,2022-07-16 00:00:00,MULTIVITAMIN TAB/CAP SUPER ORDERABLE
1403,1414.0,13590480422,114734863,2022-06-14 00:00:00,2022-06-14 00:00:00,BUMETANIDE 1 MG TABLET
1404,1415.0,13594935397,114734863,2022-07-05 00:00:00,2022-07-13 00:00:00,"HEPARIN (PORCINE) 5,000 UNIT/ML INJECTION SOLUTION"
1405,1416.0,13590480422,114734863,2022-06-14 00:00:00,2022-06-25 00:00:00,CITALOPRAM 20 MG TABLET
1406,1417.0,13594935397,114734863,2022-07-05 00:00:00,2022-07-13 00:00:00,FLUOCINOLONE 0.025 % TOPICAL CREAM
1407,1418.0,13594935397,114734863,2022-07-06 00:00:00,2022-07-16 00:00:00,MULTIVITAMIN TAB/CAP SUPER ORDERABLE
1408,1419.0,13590480422,114734863,2022-06-15 00:00:00,2022-06-17 00:00:00,INSULIN NPH ISOPHANE U-100 HUMAN 100 UNIT/ML SUBCUTANEOUS SUSPENSION
1409,1420.0,13590480422,114734863,2022-06-17 00:00:00,2022-06-18 00:00:00,INSULIN LISPRO (U-100) 100 UNIT/ML SUBCUTANEOUS SOLUTION
1410,1421.0,13590480422,114734863,2022-06-14 00:00:00,2022-06-22 00:00:00,ACETAMINOPHEN 325 MG TABLET
1411,1422.0,13594935397,114734863,2022-07-11 00:00:00,2022-07-13 00:00:00,"OMEPRAZOLE 20 MG CAPSULE,DELAYED RELEASE"
1412,1423.0,13594935397,114734863,2022-07-07 00:00:00,2022-07-14 00:00:00,VANCOMYCIN 125 MG CAPSULE
1413,1424.0,13594935397,114734863,2022-07-24 00:00:00,2022-07-11 00:00:00,ZZ IMS TEMPLATE
1414,1425.0,13590480422,114734863,2022-06-14 00:00:00,2022-06-25 00:00:00,ATENOLOL 25 MG TABLET
1415,1426.0,13594935397,114734863,2022-07-07 00:00:00,2022-07-07 00:00:00,FLUTICASONE PROPIONATE 220 MCG/ACTUATION HFA AEROSOL INHALER
1416,1427.0,13594935397,114734863,2022-07-06 00:00:00,2022-07-16 00:00:00,CITALOPRAM 20 MG TABLET
1417,1428.0,13298898112,114734863,2011-07-26 00:00:00,2017-04-11 00:00:00,ALBUTEROL SULFATE HFA 90 MCG/ACTUATION AEROSOL INHALER
1418,1429.0,13298898112,114734863,2014-04-26 00:00:00,2016-12-05 00:00:00,EZETIMIBE 10 MG TABLET
1419,1430.0,13590480422,114734863,2022-06-14 00:00:00,2022-06-25 00:00:00,"ISOSORBIDE MONONITRATE ER 30 MG TABLET,EXTENDED RELEASE 24 HR"
1420,1431.0,13594935397,114734863,2022-07-14 00:00:00,2022-07-16 00:00:00,TAMSULOSIN 0.4 MG CAPSULE
1421,1432.0,13590480422,114734863,2022-06-14 00:00:00,2022-06-19 00:00:00,LOSARTAN 25 MG TABLET
1422,1433.0,13540684535,114734863,2022-05-10 00:00:00,2022-07-16 00:00:00,"BD INSULIN SYRINGE ULTRA-FINE 1 ML 31 GAUGE X 5/16"""
1423,1434.0,13594935397,114734863,2022-07-13 00:00:00,2022-07-16 00:00:00,APIXABAN 2.5 MG TABLET
1424,1435.0,13590480422,114734863,2022-06-14 00:00:00,2022-06-17 00:00:00,INSULIN NPH ISOPHANE U-100 HUMAN 100 UNIT/ML SUBCUTANEOUS SUSPENSION
1425,1436.0,13590480422,114734863,2022-06-14 00:00:00,2022-06-25 00:00:00,LATANOPROST 0.005 % EYE DROPS
1426,1437.0,13590480422,114734863,2022-06-15 00:00:00,2022-06-25 00:00:00,CHOLESTYRAMINE-ASPARTAME 4 GRAM ORAL POWDER FOR SUSP IN A PACKET
1427,1438.0,13590480422,114734863,2022-06-17 00:00:00,2022-06-25 00:00:00,INSULIN NPH ISOPHANE U-100 HUMAN 100 UNIT/ML SUBCUTANEOUS SUSPENSION
1428,1439.0,13590480422,114734863,2022-06-14 00:00:00,2022-06-25 00:00:00,ATENOLOL 25 MG TABLET
1429,1440.0,13594935397,114734863,2022-07-07 00:00:00,2022-07-14 00:00:00,VANCOMYCIN 125 MG CAPSULE
1430,1441.0,13590480422,114734863,2022-06-15 00:00:00,2022-06-25 00:00:00,IPRATROPIUM 0.5 MG-ALBUTEROL 3 MG (2.5 MG BASE)/3 ML NEBULIZATION SOLN
1431,1442.0,13594935397,114734863,2022-07-13 00:00:00,2022-07-16 00:00:00,HYDROXYZINE HCL 25 MG TABLET
1432,1443.0,13594935397,114734863,2022-07-05 00:00:00,2022-07-08 00:00:00,INSULIN LISPRO (U-100) 100 UNIT/ML SUBCUTANEOUS SOLUTION
1433,1444.0,13590480422,114734863,2022-06-14 00:00:00,2022-06-17 00:00:00,INSULIN U-100 REGULAR HUMAN 100 UNIT/ML INJECTION SOLUTION
1434,1445.0,13594935397,114734863,2022-07-10 00:00:00,2022-07-16 00:00:00,TORSEMIDE 20 MG TABLET
1435,1446.0,13594935397,114734863,2022-07-08 00:00:00,2022-07-16 00:00:00,INSULIN LISPRO (U-100) 100 UNIT/ML SUBCUTANEOUS SOLUTION
1436,1447.0,13590480422,114734863,2022-06-16 00:00:00,2022-06-25 00:00:00,"HEPARIN (PORCINE) 5,000 UNIT/ML INJECTION SOLUTION"
1437,1448.0,13594935397,114734863,2022-07-05 00:00:00,2022-07-13 00:00:00,FLUOCINOLONE 0.025 % TOPICAL CREAM
1438,1449.0,13594935397,114734863,2022-07-07 00:00:00,2022-07-13 00:00:00,FAMOTIDINE 20 MG TABLET
1439,1450.0,13590480422,114734863,2022-06-14 00:00:00,2022-06-25 00:00:00,TIOTROPIUM BROMIDE 18 MCG CAPSULE WITH INHALATION DEVICE
1440,1451.0,13590480422,114734863,2022-06-18 00:00:00,2022-06-25 00:00:00,INSULIN NPH ISOPHANE U-100 HUMAN 100 UNIT/ML SUBCUTANEOUS SUSPENSION
1441,1452.0,13594935397,114734863,2022-07-05 00:00:00,2022-07-13 00:00:00,CETIRIZINE 10 MG TABLET
1442,1453.0,13590480422,114734863,2022-06-14 00:00:00,2022-06-25 00:00:00,"ISOSORBIDE MONONITRATE ER 30 MG TABLET,EXTENDED RELEASE 24 HR"
1443,1454.0,10392157409,114734863,2012-01-09 00:00:00,2012-01-09 00:00:00,Clobetasol propionate 0.05% (temovate) - LMR 1701
1444,1455.0,10519633733,114734863,2012-01-09 00:00:00,2012-01-09 00:00:00,Citalopram (celexa) - LMR 3115
1445,1456.0,10422194351,114734863,2015-07-29 00:00:00,2012-01-09 00:00:00,Losartan (cozaar) - LMR 1971
1446,1457.0,10626158382,114734863,2008-01-14 00:00:00,2008-01-27 04:06:48,Fluticasone propionate/salmeterol 250/50 (advair diskus 250/50)- lmr 3623
1447,1458.0,10599961104,114734863,2015-09-22 00:00:00,2014-09-20 00:00:00,Insulin 70/30 (human) - LMR 950
1448,1459.0,10578684351,114734863,2004-01-18 00:00:00,2008-02-13 00:00:00,Humulin n-oncall
1449,1460.0,10258017908,114734863,2008-04-22 00:00:00,2008-04-22 00:00:00,Byetta (exenatide) - LMR 5176
1450,1461.0,10308824150,114734863,2007-02-05 00:00:00,2006-11-19 00:00:00,Byetta (exenatide) - LMR 5228
1451,1462.0,10221268921,114734863,2016-02-02 00:00:00,2016-01-20 00:00:00,Furosemide (lasix) - LMR 323
1452,1463.0,10244172254,114734863,2008-01-20 00:00:00,2008-01-22 00:00:00,Magnesium sulfate 2 g/d 5 w
1453,1464.0,10666598469,114734863,2008-01-07 00:00:00,2017-09-06 00:00:00,"Aspirin 81 mg Tablet,Delayed Release"
1454,1465.0,10387975477,114734863,2016-10-04 00:00:00,2016-10-04 00:00:00,Dobutamine Hcl Inj Per 250mg HC (MGH)
1455,1466.0,13594935397,114734863,2022-07-11 00:00:00,2022-07-13 00:00:00,"CALCIUM CARBONATE 500 MG CALCIUM (1,250 MG) TABLET"
1456,1467.0,13594935397,114734863,2022-07-06 00:00:00,2022-07-15 00:00:00,ATENOLOL 25 MG TABLET
1457,1468.0,13590480422,114734863,2022-06-25 00:00:00,2022-07-16 00:00:00,INSULIN NPH ISOPHANE U-100 HUMAN 100 UNIT/ML SUBCUTANEOUS SUSPENSION
1458,1469.0,13594935397,114734863,2022-07-05 00:00:00,2022-07-16 00:00:00,CAMPHOR-MENTHOL 0.5 %-0.5 % LOTION
1459,1470.0,13594935397,114734863,2022-07-05 00:00:00,2022-07-13 00:00:00,FLUOCINOLONE 0.025 % TOPICAL CREAM
1460,1471.0,13594935397,114734863,2022-07-12 00:00:00,2022-07-14 00:00:00,PREDNISONE 20 MG TABLET
1461,1472.0,13590480422,114734863,2022-06-14 00:00:00,2022-06-17 00:00:00,INSULIN U-100 REGULAR HUMAN 100 UNIT/ML INJECTION SOLUTION
1462,1473.0,13590480422,114734863,2022-06-17 00:00:00,2022-06-25 00:00:00,FAMOTIDINE 20 MG TABLET
1463,1474.0,13590480422,114734863,2022-06-15 00:00:00,2022-06-25 00:00:00,IPRATROPIUM 0.5 MG-ALBUTEROL 3 MG (2.5 MG BASE)/3 ML NEBULIZATION SOLN
1464,1475.0,13594935397,114734863,2022-07-06 00:00:00,2022-07-16 00:00:00,ASPIRIN 81 MG CHEWABLE TABLET
1465,1476.0,13594935397,114734863,2022-07-05 00:00:00,2022-07-13 00:00:00,CETIRIZINE 10 MG TABLET
1466,1477.0,13590480422,114734863,2022-06-15 00:00:00,2022-06-19 00:00:00,CEFEPIME IVPB 1 G (50 ML) MBP
1467,1478.0,13594935397,114734863,2022-07-06 00:00:00,2022-07-14 00:00:00,TAMSULOSIN 0.4 MG CAPSULE
1468,1479.0,13594935397,114734863,2022-07-05 00:00:00,2022-07-05 00:00:00,LACTATED RINGERS IV BOLUS
1469,1480.0,13590480422,114734863,2022-06-21 00:00:00,2022-06-25 00:00:00,CAMPHOR-MENTHOL 0.5 %-0.5 % LOTION
1470,1481.0,13594935397,114734863,2022-07-08 00:00:00,2022-07-08 00:00:00,IPRATROPIUM 0.5 MG-ALBUTEROL 3 MG (2.5 MG BASE)/3 ML NEBULIZATION SOLN
1471,1482.0,13590480422,114734863,2022-06-14 00:00:00,2022-06-22 00:00:00,ACETAMINOPHEN 325 MG TABLET
1472,1483.0,13590480422,114734863,2022-06-17 00:00:00,2022-06-25 00:00:00,FAMOTIDINE 20 MG TABLET
1473,1484.0,13590480422,114734863,2022-06-14 00:00:00,2022-06-25 00:00:00,ATENOLOL 25 MG TABLET
1474,1485.0,13594935397,114734863,2022-07-05 00:00:00,2022-07-16 00:00:00,ALBUTEROL SULFATE HFA 90 MCG/ACTUATION AEROSOL INHALER
1475,1486.0,13594935397,114734863,2022-07-05 00:00:00,2022-07-10 00:00:00,"ISOSORBIDE MONONITRATE ER 30 MG TABLET,EXTENDED RELEASE 24 HR"
1476,1487.0,13590480422,114734863,2022-06-15 00:00:00,2022-06-21 00:00:00,METRONIDAZOLE 500 MG/100 ML-SODIUM CHLORIDE(ISO) INTRAVENOUS PIGGYBACK
1477,1488.0,13590480422,114734863,2022-06-14 00:00:00,2022-06-25 00:00:00,ASPIRIN 81 MG CHEWABLE TABLET
1478,1489.0,13594935397,114734863,2022-07-07 00:00:00,2022-07-16 00:00:00,FLUTICASONE PROPIONATE 220 MCG/ACTUATION HFA AEROSOL INHALER
1479,1490.0,13594935397,114734863,2022-07-05 00:00:00,2022-07-10 00:00:00,"ISOSORBIDE MONONITRATE ER 30 MG TABLET,EXTENDED RELEASE 24 HR"
1480,1491.0,13594935397,114734863,2022-07-05 00:00:00,2022-07-07 00:00:00,VANCOMYCIN 125 MG CAPSULE
1481,1492.0,13594935397,114734863,2022-07-08 00:00:00,2022-07-16 00:00:00,INSULIN LISPRO (U-100) 100 UNIT/ML SUBCUTANEOUS SOLUTION
1482,1493.0,13590480422,114734863,2022-06-18 00:00:00,2022-06-25 00:00:00,INSULIN LISPRO (U-100) 100 UNIT/ML SUBCUTANEOUS SOLUTION
1483,1494.0,13594935397,114734863,2022-07-10 00:00:00,2022-07-16 00:00:00,TORSEMIDE 20 MG TABLET
1484,1495.0,13594935397,114734863,2022-07-07 00:00:00,2022-07-16 00:00:00,FLUTICASONE PROPIONATE 220 MCG/ACTUATION HFA AEROSOL INHALER
1485,1496.0,13590480422,114734863,2022-06-19 00:00:00,2022-06-21 00:00:00,CEFEPIME IVPB 1 G (50 ML) MBP
1486,1497.0,13590480422,114734863,2022-06-17 00:00:00,2022-06-17 00:00:00,DEXTROSE 10 % IN WATER (D10W) INTRAVENOUS SOLUTION
1487,1498.0,13590480422,114734863,2022-06-14 00:00:00,2022-06-25 00:00:00,TIOTROPIUM BROMIDE 18 MCG CAPSULE WITH INHALATION DEVICE
1488,1499.0,13590480422,114734863,2022-06-14 00:00:00,2022-06-25 00:00:00,BUMETANIDE 1 MG TABLET
1489,1500.0,13605088575,114734863,2022-09-13 00:00:00,2023-08-13 00:00:00,"ISOSORBIDE MONONITRATE ER 60 MG TABLET,EXTENDED RELEASE 24 HR"
1490,1501.0,13602759294,114734863,2022-08-16 00:00:00,2022-08-27 00:00:00,MULTIVITAMIN TAB/CAP SUPER ORDERABLE
1491,1502.0,13602759294,114734863,2022-08-19 00:00:00,2022-08-27 00:00:00,INSULIN LISPRO (U-100) 100 UNIT/ML SUBCUTANEOUS SOLUTION
1492,1503.0,13602759294,114734863,2022-08-15 00:00:00,2022-08-15 00:00:00,MORPHINE 4 MG/ML INTRAVENOUS SOLUTION
1493,1504.0,13666663225,114734863,2023-06-25 00:00:00,2023-06-25 00:00:00,"FERROUS SULFATE 324 MG (65 MG IRON) TABLET,DELAYED RELEASE"
1494,1505.0,13602759294,114734863,2022-08-20 00:00:00,2022-08-27 00:00:00,VANCOMYCIN 125 MG CAPSULE
1495,1506.0,13602759294,114734863,2022-08-16 00:00:00,2022-08-27 00:00:00,APIXABAN 2.5 MG TABLET
1496,1507.0,13602759294,114734863,2022-08-16 00:00:00,2022-08-19 00:00:00,INSULIN LISPRO (U-100) 100 UNIT/ML SUBCUTANEOUS SOLUTION
1497,1508.0,13602759294,114734863,2022-08-16 00:00:00,2022-08-27 00:00:00,"ISOSORBIDE MONONITRATE ER 30 MG TABLET,EXTENDED RELEASE 24 HR"
1498,1509.0,13602280279,114734863,2022-08-14 00:00:00,2022-08-14 00:00:00,CETIRIZINE 10 MG TABLET
1499,1510.0,13666222513,114734863,2023-07-03 00:00:00,2023-07-04 00:00:00,METOCLOPRAMIDE 5 MG/ML INJECTION SOLUTION
1500,1511.0,13605800017,114734863,2022-08-31 00:00:00,2022-09-13 00:00:00,MIRTAZAPINE 15 MG TABLET
1501,1512.0,13602759294,114734863,2022-08-16 00:00:00,2022-08-27 00:00:00,ACETAMINOPHEN 325 MG TABLET
1502,1513.0,13602759294,114734863,2022-08-19 00:00:00,2022-08-27 00:00:00,INSULIN LISPRO (U-100) 100 UNIT/ML SUBCUTANEOUS SOLUTION
1503,1514.0,13602759294,114734863,2022-08-16 00:00:00,2022-08-27 00:00:00,"ISOSORBIDE MONONITRATE ER 30 MG TABLET,EXTENDED RELEASE 24 HR"
1504,1515.0,13602759294,114734863,2022-08-16 00:00:00,2022-08-27 00:00:00,ACETAMINOPHEN 650 MG RECTAL SUPPOSITORY
1505,1516.0,13602759294,114734863,2022-08-16 00:00:00,2022-08-27 00:00:00,TAMSULOSIN 0.4 MG CAPSULE
1506,1517.0,13602759294,114734863,2022-08-17 00:00:00,2022-08-17 00:00:00,MIDAZOLAM (PF) 1 MG/ML INJECTION SOLUTION
1507,1518.0,13590480422,114734863,2022-06-14 00:00:00,2022-06-25 00:00:00,"ISOSORBIDE MONONITRATE ER 30 MG TABLET,EXTENDED RELEASE 24 HR"
1508,1519.0,13590480422,114734863,2022-06-15 00:00:00,2022-06-25 00:00:00,CHOLESTYRAMINE-ASPARTAME 4 GRAM ORAL POWDER FOR SUSP IN A PACKET
1509,1520.0,13590480422,114734863,2022-06-15 00:00:00,2022-06-21 00:00:00,METRONIDAZOLE 500 MG/100 ML-SODIUM CHLORIDE(ISO) INTRAVENOUS PIGGYBACK
1510,1521.0,13590480422,114734863,2022-06-14 00:00:00,2022-06-14 00:00:00,ATENOLOL 25 MG TABLET
1511,1522.0,13590480422,114734863,2022-06-14 00:00:00,2022-06-25 00:00:00,TIOTROPIUM BROMIDE 18 MCG CAPSULE WITH INHALATION DEVICE
1512,1523.0,13594935397,114734863,2022-07-06 00:00:00,2022-07-16 00:00:00,LOSARTAN 25 MG TABLET
1513,1524.0,13590480422,114734863,2022-06-14 00:00:00,2022-06-25 00:00:00,TIOTROPIUM BROMIDE 18 MCG CAPSULE WITH INHALATION DEVICE
1514,1525.0,13594935397,114734863,2022-07-06 00:00:00,2022-07-10 00:00:00,"CHOLECALCIFEROL (VITAMIN D3) 25 MCG (1,000 UNIT) TABLET"
1515,1526.0,13590480422,114734863,2022-06-14 00:00:00,2022-06-25 00:00:00,ATENOLOL 25 MG TABLET
1516,1527.0,13590480422,114734863,2022-06-16 00:00:00,2022-06-25 00:00:00,"HEPARIN (PORCINE) 5,000 UNIT/ML INJECTION SOLUTION"
1517,1528.0,13590480422,114734863,2022-06-17 00:00:00,2022-06-25 00:00:00,INSULIN NPH ISOPHANE U-100 HUMAN 100 UNIT/ML SUBCUTANEOUS SUSPENSION
1518,1529.0,13590480422,114734863,2022-06-22 00:00:00,2022-06-25 00:00:00,CETIRIZINE 10 MG TABLET
1519,1530.0,13594935397,114734863,2022-07-06 00:00:00,2022-07-16 00:00:00,MULTIVITAMIN TAB/CAP SUPER ORDERABLE
1520,1531.0,13594935397,114734863,2022-07-06 00:00:00,2022-07-16 00:00:00,ASPIRIN 81 MG CHEWABLE TABLET
1521,1532.0,13594935397,114734863,2022-07-05 00:00:00,2022-07-05 00:00:00,FLUOCINOLONE 0.025 % TOPICAL CREAM
1522,1533.0,13590480422,114734863,2022-06-15 00:00:00,2022-06-14 00:00:00,INSULIN NPH ISOPHANE U-100 HUMAN 100 UNIT/ML SUBCUTANEOUS SUSPENSION
1523,1534.0,13590480422,114734863,2022-06-14 00:00:00,2022-06-19 00:00:00,LOSARTAN 25 MG TABLET
1524,1535.0,13594935397,114734863,2022-07-14 00:00:00,2022-07-14 00:00:00,MAGNESIUM SULFATE 2 GRAM/50 ML (4 %) IN WATER INTRAVENOUS PIGGYBACK
1525,1536.0,13594935397,114734863,2022-07-10 00:00:00,2022-07-16 00:00:00,"ISOSORBIDE MONONITRATE ER 30 MG TABLET,EXTENDED RELEASE 24 HR"
1526,1537.0,13590480422,114734863,2022-06-15 00:00:00,2022-06-19 00:00:00,CEFEPIME IVPB 1 G (50 ML) MBP
1527,1538.0,13594935397,114734863,2022-07-13 00:00:00,2022-07-16 00:00:00,APIXABAN 2.5 MG TABLET
1528,1539.0,13594935397,114734863,2022-07-06 00:00:00,2022-07-16 00:00:00,ASPIRIN 81 MG CHEWABLE TABLET
1529,1540.0,13590480422,114734863,2022-06-18 00:00:00,2022-06-25 00:00:00,INSULIN NPH ISOPHANE U-100 HUMAN 100 UNIT/ML SUBCUTANEOUS SUSPENSION
1530,1541.0,13590480422,114734863,2022-06-14 00:00:00,2022-06-25 00:00:00,"CHOLECALCIFEROL (VITAMIN D3) 25 MCG (1,000 UNIT) TABLET"
1531,1542.0,13594935397,114734863,2022-07-10 00:00:00,2022-07-16 00:00:00,TORSEMIDE 20 MG TABLET
1532,1543.0,13590480422,114734863,2022-06-22 00:00:00,2022-06-22 00:00:00,CETIRIZINE 10 MG TABLET
1533,1544.0,13590480422,114734863,2022-06-14 00:00:00,2022-06-25 00:00:00,BRIMONIDINE 0.15 % EYE DROPS
1534,1545.0,13594935397,114734863,2022-07-11 00:00:00,2022-07-12 00:00:00,INSULIN NPH ISOPHANE U-100 HUMAN 100 UNIT/ML SUBCUTANEOUS SUSPENSION
1535,1546.0,13590480422,114734863,2022-06-15 00:00:00,2022-06-25 00:00:00,IPRATROPIUM 0.5 MG-ALBUTEROL 3 MG (2.5 MG BASE)/3 ML NEBULIZATION SOLN
1536,1547.0,13590480422,114734863,2022-06-18 00:00:00,2022-06-25 00:00:00,INSULIN LISPRO (U-100) 100 UNIT/ML SUBCUTANEOUS SOLUTION
1537,1548.0,13594935397,114734863,2022-07-08 00:00:00,2022-07-16 00:00:00,INSULIN LISPRO (U-100) 100 UNIT/ML SUBCUTANEOUS SOLUTION
1538,1549.0,13590480422,114734863,2022-06-15 00:00:00,2022-06-19 00:00:00,CEFEPIME IVPB 1 G (50 ML) MBP
1539,1550.0,13594935397,114734863,2022-07-06 00:00:00,2022-07-16 00:00:00,CITALOPRAM 20 MG TABLET
1540,1551.0,13590480422,114734863,2022-06-14 00:00:00,2022-06-25 00:00:00,BUMETANIDE 1 MG TABLET
1541,1552.0,13594935397,114734863,2022-07-14 00:00:00,2022-07-16 00:00:00,"METOPROLOL SUCCINATE ER 100 MG TABLET,EXTENDED RELEASE 24 HR"
1542,1553.0,13594935397,114734863,2022-07-06 00:00:00,2022-07-15 00:00:00,ATENOLOL 25 MG TABLET
1543,1554.0,13543676751,114734863,2022-04-19 00:00:00,2022-08-07 00:00:00,LOSARTAN 50 MG TABLET
1544,1555.0,13594935397,114734863,2022-07-05 00:00:00,2022-07-16 00:00:00,CAMPHOR-MENTHOL 0.5 %-0.5 % LOTION
1545,1556.0,13594935397,114734863,2022-07-08 00:00:00,2022-07-16 00:00:00,INSULIN LISPRO (U-100) 100 UNIT/ML SUBCUTANEOUS SOLUTION
1546,1557.0,13594935397,114734863,2022-07-05 00:00:00,2022-07-13 00:00:00,FLUOCINOLONE 0.025 % TOPICAL CREAM
1547,1558.0,13590480422,114734863,2022-06-18 00:00:00,2022-06-25 00:00:00,INSULIN LISPRO (U-100) 100 UNIT/ML SUBCUTANEOUS SOLUTION
1548,1559.0,13666222513,114734863,2023-07-03 00:00:00,2023-07-04 00:00:00,LACTATED RINGERS INTRAVENOUS SOLUTION
1549,1560.0,13602759294,114734863,2022-08-19 00:00:00,2022-08-27 00:00:00,INSULIN LISPRO (U-100) 100 UNIT/ML SUBCUTANEOUS SOLUTION
1550,1561.0,13602759294,114734863,2022-08-20 00:00:00,2022-08-27 00:00:00,METRONIDAZOLE 250 MG TABLET
1551,1562.0,13602759294,114734863,2022-08-16 00:00:00,2022-08-27 00:00:00,TIOTROPIUM BROMIDE 18 MCG CAPSULE WITH INHALATION DEVICE
1552,1563.0,13602759294,114734863,2022-08-17 00:00:00,2022-08-18 00:00:00,DEXAMETHASONE SODIUM PHOSPHATE 4 MG/ML INJECTION SOLUTION
1553,1564.0,13602759294,114734863,2022-08-16 00:00:00,2022-08-27 00:00:00,ASPIRIN 81 MG CHEWABLE TABLET
1554,1565.0,13602759294,114734863,2022-08-21 00:00:00,2022-08-27 00:00:00,"LACTOBACILLUS ACIDOPHILUS, BULGARICUS 100 MILLION CELL GRANULES PACKET"
1555,1566.0,13602759294,114734863,2022-08-16 00:00:00,2022-08-27 00:00:00,FLUTICASONE 250 MCG-SALMETEROL 50 MCG/DOSE BLISTR POWDR FOR INHALATION
1556,1567.0,13602759294,114734863,2022-08-16 00:00:00,2022-08-27 00:00:00,TIOTROPIUM BROMIDE 18 MCG CAPSULE WITH INHALATION DEVICE
1557,1568.0,13602759294,114734863,2022-08-21 00:00:00,2022-08-27 00:00:00,"LACTOBACILLUS ACIDOPHILUS, BULGARICUS 100 MILLION CELL GRANULES PACKET"
1558,1569.0,13602759294,114734863,2022-08-27 00:00:00,2023-06-05 00:00:00,POLYETHYLENE GLYCOL 3350 17 GRAM ORAL POWDER PACKET
1559,1570.0,13647383358,114734863,2023-03-25 00:00:00,2023-05-06 00:00:00,DAILY PROBIOTIC ORAL
1560,1571.0,13602759294,114734863,2022-08-16 00:00:00,2022-08-27 00:00:00,ACETAMINOPHEN 325 MG TABLET
1561,1572.0,13602759294,114734863,2022-08-16 00:00:00,2022-08-24 00:00:00,METOPROLOL TARTRATE 25 MG TABLET
1562,1573.0,13602759294,114734863,2022-08-16 00:00:00,2022-08-27 00:00:00,TAMSULOSIN 0.4 MG CAPSULE
1563,1574.0,13602759294,114734863,2022-08-22 00:00:00,2022-08-27 00:00:00,INSULIN NPH ISOPHANE U-100 HUMAN 100 UNIT/ML SUBCUTANEOUS SUSPENSION
1564,1575.0,13590480422,114734863,2022-06-14 00:00:00,2022-06-25 00:00:00,TIOTROPIUM BROMIDE 18 MCG CAPSULE WITH INHALATION DEVICE
1565,1576.0,13594935397,114734863,2022-07-05 00:00:00,2022-07-13 00:00:00,CETIRIZINE 10 MG TABLET
1566,1577.0,13594935397,114734863,2022-07-06 00:00:00,2022-07-16 00:00:00,TIOTROPIUM BROMIDE 18 MCG CAPSULE WITH INHALATION DEVICE
1567,1578.0,13590480422,114734863,2022-06-14 00:00:00,2022-06-25 00:00:00,BRIMONIDINE 0.15 % EYE DROPS
1568,1579.0,13590480422,114734863,2022-06-14 00:00:00,2022-06-17 00:00:00,INSULIN NPH ISOPHANE U-100 HUMAN 100 UNIT/ML SUBCUTANEOUS SUSPENSION
1569,1580.0,13594935397,114734863,2022-07-15 00:00:00,2022-07-16 00:00:00,ZZ IMS TEMPLATE
1570,1581.0,13594935397,114734863,2022-07-05 00:00:00,2022-07-16 00:00:00,BRIMONIDINE 0.15 % EYE DROPS
1571,1582.0,13590480422,114734863,2022-06-14 00:00:00,2022-06-25 00:00:00,"ISOSORBIDE MONONITRATE ER 30 MG TABLET,EXTENDED RELEASE 24 HR"
1572,1583.0,13594935397,114734863,2022-07-14 00:00:00,2022-07-16 00:00:00,"METOPROLOL SUCCINATE ER 100 MG TABLET,EXTENDED RELEASE 24 HR"
1573,1584.0,13590480422,114734863,2022-06-15 00:00:00,2022-06-25 00:00:00,IPRATROPIUM 0.5 MG-ALBUTEROL 3 MG (2.5 MG BASE)/3 ML NEBULIZATION SOLN
1574,1585.0,13594935397,114734863,2022-07-07 00:00:00,2022-07-13 00:00:00,FAMOTIDINE 20 MG TABLET
1575,1586.0,13594935397,114734863,2022-07-05 00:00:00,2022-07-16 00:00:00,BRIMONIDINE 0.15 % EYE DROPS
1576,1587.0,13590480422,114734863,2022-06-14 00:00:00,2022-06-25 00:00:00,BRIMONIDINE 0.15 % EYE DROPS
1577,1588.0,13590480422,114734863,2022-06-16 00:00:00,2022-06-25 00:00:00,"HEPARIN (PORCINE) 5,000 UNIT/ML INJECTION SOLUTION"
1578,1589.0,13590480422,114734863,2022-06-17 00:00:00,2022-06-25 00:00:00,INSULIN NPH ISOPHANE U-100 HUMAN 100 UNIT/ML SUBCUTANEOUS SUSPENSION
1579,1590.0,13594935397,114734863,2022-07-10 00:00:00,2022-07-13 00:00:00,ATOVAQUONE 750 MG/5 ML ORAL SUSPENSION
1580,1591.0,13594935397,114734863,2022-07-08 00:00:00,2022-07-16 00:00:00,INSULIN LISPRO (U-100) 100 UNIT/ML SUBCUTANEOUS SOLUTION
1581,1592.0,13590480422,114734863,2022-06-17 00:00:00,2022-06-25 00:00:00,INSULIN NPH ISOPHANE U-100 HUMAN 100 UNIT/ML SUBCUTANEOUS SUSPENSION
1582,1593.0,13594935397,114734863,2022-07-17 00:00:00,2022-12-11 00:00:00,TIOTROPIUM BROMIDE 18 MCG CAPSULE WITH INHALATION DEVICE
1583,1594.0,13590480422,114734863,2022-06-22 00:00:00,2022-06-24 00:00:00,CIPROFLOXACIN 250 MG TABLET
1584,1595.0,13590480422,114734863,2022-06-15 00:00:00,2022-06-21 00:00:00,METRONIDAZOLE 500 MG/100 ML-SODIUM CHLORIDE(ISO) INTRAVENOUS PIGGYBACK
1585,1596.0,13590480422,114734863,2022-06-14 00:00:00,2022-06-22 00:00:00,ACETAMINOPHEN 325 MG TABLET
1586,1597.0,13590480422,114734863,2022-06-14 00:00:00,2022-06-25 00:00:00,"ISOSORBIDE MONONITRATE ER 30 MG TABLET,EXTENDED RELEASE 24 HR"
1587,1598.0,13590480422,114734863,2022-06-17 00:00:00,2022-06-18 00:00:00,INSULIN LISPRO (U-100) 100 UNIT/ML SUBCUTANEOUS SOLUTION
1588,1599.0,13594935397,114734863,2022-07-05 00:00:00,2022-07-16 00:00:00,BRIMONIDINE 0.15 % EYE DROPS
1589,1600.0,13327829854,114734863,2017-09-07 00:00:00,2017-09-14 00:00:00,LOSARTAN 25 MG TABLET
1590,1601.0,13327829854,114734863,2017-09-13 00:00:00,2017-09-17 00:00:00,FUROSEMIDE 10 MG/ML INJECTION SOLUTION
1591,1602.0,13327829854,114734863,2017-09-08 00:00:00,2017-09-13 00:00:00,ISOSORBIDE DINITRATE 20 MG TABLET
1592,1603.0,13327829854,114734863,2017-09-07 00:00:00,2017-09-18 00:00:00,PNEUMOCOCCAL 23 POLYVALENT VACCINE 25 MCG/0.5 ML INJECTION SOLUTION
1593,1604.0,13327829854,114734863,2017-09-06 00:00:00,2017-09-06 00:00:00,ENOXAPARIN 120 MG/0.8 ML SUBCUTANEOUS SYRINGE
1594,1605.0,13327829854,114734863,2017-09-12 00:00:00,2017-09-12 00:00:00,LIDOCAINE 20 MG/ML (2 %) INJECTION SOLUTION
1595,1606.0,13327829854,114734863,2017-09-12 00:00:00,2017-09-12 00:00:00,MIDAZOLAM (PF) 1 MG/ML INJECTION SOLUTION
1596,1607.0,13327829854,114734863,2017-09-06 00:00:00,2017-09-18 00:00:00,ALBUTEROL SULFATE HFA 90 MCG/ACTUATION AEROSOL INHALER
1597,1608.0,13327829854,114734863,2017-09-07 00:00:00,2017-09-18 00:00:00,IPRATROPIUM-ALBUTEROL 0.5 MG-3 MG(2.5 MG BASE)/3 ML NEBULIZATION SOLN
1598,1609.0,13327829854,114734863,2017-09-07 00:00:00,2017-09-13 00:00:00,INSULIN NPH HUMAN RECOMB 100 UNIT/ML SUBCUTANEOUS SUSPENSION
1599,1610.0,13594935397,114734863,2022-07-10 00:00:00,2022-07-11 00:00:00,INSULIN NPH ISOPHANE U-100 HUMAN 100 UNIT/ML SUBCUTANEOUS SUSPENSION
1600,1611.0,13599695903,114734863,2022-08-07 00:00:00,2022-12-19 00:00:00,APIXABAN 2.5 MG TABLET
1601,1612.0,13594935397,114734863,2022-07-08 00:00:00,2022-07-16 00:00:00,INSULIN LISPRO (U-100) 100 UNIT/ML SUBCUTANEOUS SOLUTION
1602,1613.0,13590480422,114734863,2022-06-14 00:00:00,2022-06-25 00:00:00,LATANOPROST 0.005 % EYE DROPS
1603,1614.0,13594935397,114734863,2022-07-06 00:00:00,2022-07-16 00:00:00,LOSARTAN 25 MG TABLET
1604,1615.0,13590480422,114734863,2022-06-14 00:00:00,2022-06-14 00:00:00,INSULIN NPH ISOPHANE U-100 HUMAN 100 UNIT/ML SUBCUTANEOUS SUSPENSION
1605,1616.0,13590480422,114734863,2022-06-14 00:00:00,2022-06-25 00:00:00,BRIMONIDINE 0.15 % EYE DROPS
1606,1617.0,13590480422,114734863,2022-06-19 00:00:00,2022-06-25 00:00:00,LOSARTAN 25 MG TABLET
1607,1618.0,13590480422,114734863,2022-06-14 00:00:00,2022-06-25 00:00:00,ATENOLOL 25 MG TABLET
1608,1619.0,13590480422,114734863,2022-06-14 00:00:00,2022-06-25 00:00:00,ATENOLOL 25 MG TABLET
1609,1620.0,13540684535,114734863,2022-05-10 00:00:00,2022-07-16 00:00:00,ATENOLOL 25 MG TABLET
1610,1621.0,13594935397,114734863,2022-07-05 00:00:00,2022-07-13 00:00:00,"HEPARIN (PORCINE) 5,000 UNIT/ML INJECTION SOLUTION"
1611,1622.0,13590480422,114734863,2022-06-17 00:00:00,2022-06-25 00:00:00,FAMOTIDINE 20 MG TABLET
1612,1623.0,13590480422,114734863,2022-06-19 00:00:00,2022-06-25 00:00:00,LOSARTAN 25 MG TABLET
1613,1624.0,13594935397,114734863,2022-07-12 00:00:00,2022-07-12 00:00:00,MAGNESIUM SULFATE 4 MEQ/ML (50 %) INJECTION SOLUTION
1614,1625.0,13594935397,114734863,2022-07-05 00:00:00,2022-07-10 00:00:00,"ISOSORBIDE MONONITRATE ER 30 MG TABLET,EXTENDED RELEASE 24 HR"
1615,1626.0,13594935397,114734863,2022-07-05 00:00:00,2022-07-13 00:00:00,CETIRIZINE 10 MG TABLET
1616,1627.0,13594935397,114734863,2022-07-05 00:00:00,2022-07-05 00:00:00,LACTATED RINGERS IV BOLUS
1617,1628.0,13590480422,114734863,2022-06-25 00:00:00,2022-07-16 00:00:00,"HEPARIN (PORCINE) 5,000 UNIT/ML INJECTION SOLUTION"
1618,1629.0,13594935397,114734863,2022-07-05 00:00:00,2022-07-13 00:00:00,CETIRIZINE 10 MG TABLET
1619,1630.0,13594935397,114734863,2022-07-05 00:00:00,2022-07-10 00:00:00,"ISOSORBIDE MONONITRATE ER 30 MG TABLET,EXTENDED RELEASE 24 HR"
1620,1631.0,13594935397,114734863,2022-08-13 00:00:00,2022-07-11 00:00:00,ZZ IMS TEMPLATE
1621,1632.0,13590480422,114734863,2022-06-15 00:00:00,2022-06-25 00:00:00,IPRATROPIUM 0.5 MG-ALBUTEROL 3 MG (2.5 MG BASE)/3 ML NEBULIZATION SOLN
1622,1633.0,13590480422,114734863,2022-06-18 00:00:00,2022-06-25 00:00:00,INSULIN LISPRO (U-100) 100 UNIT/ML SUBCUTANEOUS SOLUTION
1623,1634.0,13590480422,114734863,2022-06-14 00:00:00,2022-06-17 00:00:00,EMPAGLIFLOZIN 10 MG TABLET
1624,1635.0,13590480422,114734863,2022-06-15 00:00:00,2022-06-25 00:00:00,IPRATROPIUM 0.5 MG-ALBUTEROL 3 MG (2.5 MG BASE)/3 ML NEBULIZATION SOLN
1625,1636.0,13543676751,114734863,2022-04-19 00:00:00,2022-05-10 00:00:00,ATENOLOL 50 MG TABLET
1626,1637.0,13602759294,114734863,2022-08-20 00:00:00,2022-08-27 00:00:00,METRONIDAZOLE 250 MG TABLET
1627,1638.0,13602759294,114734863,2022-08-16 00:00:00,2022-08-27 00:00:00,APIXABAN 2.5 MG TABLET
1628,1639.0,13602759294,114734863,2022-08-16 00:00:00,2022-08-27 00:00:00,FLUTICASONE 250 MCG-SALMETEROL 50 MCG/DOSE BLISTR POWDR FOR INHALATION
1629,1640.0,13666663225,114734863,2023-06-24 00:00:00,2023-06-25 00:00:00,INSULIN LISPRO (U-100) 100 UNIT/ML SUBCUTANEOUS SOLUTION
1630,1641.0,13649533700,114734863,2023-04-04 00:00:00,2023-04-04 00:00:00,PROPOFOL 10 MG/ML INTRAVENOUS EMULSION
1631,1642.0,13666222513,114734863,2023-07-04 00:00:00,2023-07-03 00:00:00,"METOPROLOL SUCCINATE ER 25 MG TABLET,EXTENDED RELEASE 24 HR"
1632,1643.0,13602759294,114734863,2022-08-16 00:00:00,2022-08-27 00:00:00,TIOTROPIUM BROMIDE 18 MCG CAPSULE WITH INHALATION DEVICE
1633,1644.0,13627460525,114734863,2022-12-17 00:00:00,2022-12-17 00:00:00,LIDOCAINE HCL 20 MG/ML (2 %) INJECTION SOLUTION
1634,1645.0,13602759294,114734863,2022-08-16 00:00:00,2022-08-27 00:00:00,FAMOTIDINE 20 MG TABLET
1635,1646.0,13602759294,114734863,2022-08-21 00:00:00,2022-08-27 00:00:00,"LACTOBACILLUS ACIDOPHILUS, BULGARICUS 100 MILLION CELL GRANULES PACKET"
1636,1647.0,13602759294,114734863,2022-08-21 00:00:00,2022-08-27 00:00:00,"LACTOBACILLUS ACIDOPHILUS, BULGARICUS 100 MILLION CELL GRANULES PACKET"
1637,1648.0,13602759294,114734863,2022-08-16 00:00:00,2022-08-27 00:00:00,FAMOTIDINE 20 MG TABLET
1638,1649.0,13602759294,114734863,2022-08-16 00:00:00,2022-08-27 00:00:00,APIXABAN 2.5 MG TABLET
1639,1650.0,13602759294,114734863,2022-08-16 00:00:00,2022-08-27 00:00:00,"ISOSORBIDE MONONITRATE ER 30 MG TABLET,EXTENDED RELEASE 24 HR"
1640,1651.0,13602759294,114734863,2022-08-16 00:00:00,2022-08-27 00:00:00,FLUTICASONE 250 MCG-SALMETEROL 50 MCG/DOSE BLISTR POWDR FOR INHALATION
1641,1652.0,13608167276,114734863,2022-09-13 00:00:00,2022-09-13 00:00:00,IOPAMIDOL 61 % INTRAVENOUS SOLUTION
1642,1653.0,13602759294,114734863,2022-08-16 00:00:00,2022-08-27 00:00:00,BRIMONIDINE 0.15 % EYE DROPS
1643,1654.0,13602759294,114734863,2022-08-17 00:00:00,2022-08-20 00:00:00,REMDESIVIR <POWDER VIAL> IVPB 100 MG (100 ML) MBP
1644,1655.0,13610231056,114734863,2022-09-21 00:00:00,2022-09-21 00:00:00,OXYGEN-AIR DELIVERY SYSTEMS MISC
1645,1656.0,13602759294,114734863,2022-08-16 00:00:00,2022-08-27 00:00:00,TAMSULOSIN 0.4 MG CAPSULE
1646,1657.0,13645647523,114734863,2023-04-04 00:00:00,2023-04-05 00:00:00,SODIUM CHLORIDE 0.9 % (FLUSH) INJECTION SYRINGE
1647,1658.0,13602759294,114734863,2022-08-20 00:00:00,2022-08-27 00:00:00,BUMETANIDE 1 MG TABLET
1648,1659.0,13602759294,114734863,2022-08-19 00:00:00,2022-08-20 00:00:00,METRONIDAZOLE 250 MG TABLET
1649,1660.0,13668231746,114734863,2023-07-03 00:00:00,2023-07-03 00:00:00,ROCURONIUM 50 MG/5 ML (10 MG/ML) INTRAVENOUS SYRINGE
1650,1661.0,13602759294,114734863,2022-08-17 00:00:00,2022-08-19 00:00:00,METRONIDAZOLE 250 MG TABLET
1651,1662.0,13602759294,114734863,2022-08-16 00:00:00,2022-08-27 00:00:00,BRIMONIDINE 0.15 % EYE DROPS
1652,1663.0,13602759294,114734863,2022-08-17 00:00:00,2022-08-17 00:00:00,VANCOMYCIN 1.75 GRAM/500 ML IN 0.9 % SODIUM CHLORIDE INTRAVENOUS
1653,1664.0,13602759294,114734863,2022-08-17 00:00:00,2022-08-17 00:00:00,FENTANYL (PF) 50 MCG/ML INJECTION SOLUTION
1654,1665.0,13666663225,114734863,2023-06-24 00:00:00,2023-06-25 00:00:00,INSULIN LISPRO (U-100) 100 UNIT/ML SUBCUTANEOUS SOLUTION
1655,1666.0,13602759294,114734863,2022-08-16 00:00:00,2022-08-19 00:00:00,INSULIN LISPRO (U-100) 100 UNIT/ML SUBCUTANEOUS SOLUTION
1656,1667.0,13602759294,114734863,2022-08-16 00:00:00,2022-08-27 00:00:00,ASPIRIN 81 MG CHEWABLE TABLET
1657,1668.0,13602759294,114734863,2022-08-19 00:00:00,2022-08-27 00:00:00,INSULIN LISPRO (U-100) 100 UNIT/ML SUBCUTANEOUS SOLUTION
1658,1669.0,13602759294,114734863,2022-08-20 00:00:00,2022-08-27 00:00:00,METRONIDAZOLE 250 MG TABLET
1659,1670.0,13602759294,114734863,2022-08-16 00:00:00,2022-08-27 00:00:00,BRIMONIDINE 0.15 % EYE DROPS
1660,1671.0,13602759294,114734863,2022-08-16 00:00:00,2022-08-24 00:00:00,METOPROLOL TARTRATE 25 MG TABLET
1661,1672.0,13602759294,114734863,2022-08-16 00:00:00,2022-08-27 00:00:00,ASPIRIN 81 MG CHEWABLE TABLET
1662,1673.0,13635736305,114734863,2023-02-08 00:00:00,2023-02-08 00:00:00,GADOPENTETATE DIMEGLUMINE 10 MMOL/20 ML (469.01 MG/ML) IV SYRINGE
1663,1674.0,13602759294,114734863,2022-08-21 00:00:00,2022-08-27 00:00:00,ZZ IMS TEMPLATE
1664,1675.0,13602759294,114734863,2022-08-21 00:00:00,2022-08-27 00:00:00,ZZ IMS TEMPLATE
1665,1676.0,13668231746,114734863,2023-07-03 00:00:00,2023-07-03 00:00:00,SUGAMMADEX 100 MG/ML INTRAVENOUS SOLUTION
1666,1677.0,13602759294,114734863,2022-08-16 00:00:00,2022-08-20 00:00:00,BUMETANIDE 1 MG TABLET
1667,1678.0,13590480422,114734863,2022-06-17 00:00:00,2022-06-25 00:00:00,FAMOTIDINE 20 MG TABLET
1668,1679.0,13590480422,114734863,2022-06-14 00:00:00,2022-06-25 00:00:00,ATENOLOL 25 MG TABLET
1669,1680.0,13590480422,114734863,2022-06-16 00:00:00,2022-06-25 00:00:00,"HEPARIN (PORCINE) 5,000 UNIT/ML INJECTION SOLUTION"
1670,1681.0,13590480422,114734863,2022-06-14 00:00:00,2022-06-25 00:00:00,TAMSULOSIN 0.4 MG CAPSULE
1671,1682.0,13590480422,114734863,2022-06-17 00:00:00,2022-06-25 00:00:00,FAMOTIDINE 20 MG TABLET
1672,1683.0,13594935397,114734863,2022-07-05 00:00:00,2022-07-13 00:00:00,CETIRIZINE 10 MG TABLET
1673,1684.0,13590480422,114734863,2022-06-17 00:00:00,2022-06-25 00:00:00,INSULIN NPH ISOPHANE U-100 HUMAN 100 UNIT/ML SUBCUTANEOUS SUSPENSION
1674,1685.0,13590480422,114734863,2022-06-17 00:00:00,2022-06-18 00:00:00,INSULIN LISPRO (U-100) 100 UNIT/ML SUBCUTANEOUS SOLUTION
1675,1686.0,13594935397,114734863,2022-07-14 00:00:00,2022-07-16 00:00:00,TAMSULOSIN 0.4 MG CAPSULE
1676,1687.0,13590480422,114734863,2022-06-15 00:00:00,2022-06-25 00:00:00,IPRATROPIUM 0.5 MG-ALBUTEROL 3 MG (2.5 MG BASE)/3 ML NEBULIZATION SOLN
1677,1688.0,13594935397,114734863,2022-07-11 00:00:00,2022-07-16 00:00:00,CHOLECALCIFEROL (VITAMIN D3) 10 MCG (400 UNIT) TABLET
1678,1689.0,13586284997,114734863,2022-05-30 00:00:00,2022-06-04 00:00:00,FLUTICASONE FUR. 200 MCG-UMECLID 62.5 MCG-VILANT 25 MCG INHALAT.POWDER
1679,1690.0,13594935397,114734863,2022-07-05 00:00:00,2022-07-13 00:00:00,CETIRIZINE 10 MG TABLET
1680,1691.0,13590480422,114734863,2022-06-15 00:00:00,2022-06-15 00:00:00,CEFEPIME IVPB 1 G (50 ML) MBP
1681,1692.0,13594935397,114734863,2022-07-05 00:00:00,2022-07-16 00:00:00,BRIMONIDINE 0.15 % EYE DROPS
1682,1693.0,13590480422,114734863,2022-06-14 00:00:00,2022-06-25 00:00:00,BUMETANIDE 1 MG TABLET
1683,1694.0,13590480422,114734863,2022-06-14 00:00:00,2022-06-25 00:00:00,TAMSULOSIN 0.4 MG CAPSULE
1684,1695.0,13590480422,114734863,2022-06-13 00:00:00,2022-06-13 00:00:00,DEXTROSE 50 % IN WATER (D50W) INTRAVENOUS SYRINGE
1685,1696.0,13594935397,114734863,2022-07-05 00:00:00,2022-07-07 00:00:00,VANCOMYCIN 125 MG CAPSULE
1686,1697.0,13594935397,114734863,2022-07-06 00:00:00,2022-07-16 00:00:00,ASPIRIN 81 MG CHEWABLE TABLET
1687,1698.0,13590480422,114734863,2022-06-22 00:00:00,2022-06-25 00:00:00,ACETAMINOPHEN 325 MG TABLET
1688,1699.0,13590480422,114734863,2022-06-18 00:00:00,2022-06-25 00:00:00,INSULIN LISPRO (U-100) 100 UNIT/ML SUBCUTANEOUS SOLUTION
1689,1700.0,10602699444,114734863,2009-07-18 00:00:00,2016-11-09 00:00:00,Cozaar-oncall
1690,1701.0,10294295175,114734863,2012-01-09 00:00:00,2012-01-09 00:00:00,Meclizine hcl (antivert) - LMR 450
1691,1702.0,10313223288,114734863,2005-09-20 00:00:00,2006-05-07 00:00:00,Prednisone-oncall
1692,1703.0,10626158382,114734863,2008-01-14 00:00:00,2008-01-27 04:06:48,Aspirin enteric coated (ecotrin) - LMR 59
1693,1704.0,10503188363,114734863,2008-01-13 15:36:23,2008-01-13 15:36:23,Loratadine (claritin) - LMR 1019
1694,1705.0,10244172254,114734863,2008-01-19 00:00:00,2008-01-19 00:00:00,Chlorhexadine 0.12% 60 ml
1695,1706.0,10244172254,114734863,2008-01-22 00:00:00,2008-01-25 00:00:00,Atenolol 25mg tablet
1696,1707.0,10349167470,114734863,2011-03-07 00:00:00,2012-03-05 00:00:00,Zoloft-oncall
1697,1708.0,10540282404,114734863,2009-07-22 00:00:00,2009-07-22 00:00:00,Fluticasone propionate/salmeterol 250/50 (advair diskus 250/50)- lmr 3623
1698,1709.0,13590480422,114734863,2022-06-14 00:00:00,2022-06-25 00:00:00,TIOTROPIUM BROMIDE 18 MCG CAPSULE WITH INHALATION DEVICE
1699,1710.0,13590480422,114734863,2022-06-15 00:00:00,2022-06-17 00:00:00,INSULIN NPH ISOPHANE U-100 HUMAN 100 UNIT/ML SUBCUTANEOUS SUSPENSION
1700,1711.0,13594935397,114734863,2022-07-06 00:00:00,2022-07-16 00:00:00,CITALOPRAM 20 MG TABLET
1701,1712.0,13594935397,114734863,2022-07-06 00:00:00,2022-07-16 00:00:00,MULTIVITAMIN TAB/CAP SUPER ORDERABLE
1702,1713.0,13594935397,114734863,2022-07-05 00:00:00,2022-07-16 00:00:00,BRIMONIDINE 0.15 % EYE DROPS
1703,1714.0,13594935397,114734863,2022-07-14 00:00:00,2022-07-13 00:00:00,INSULIN NPH ISOPHANE U-100 HUMAN 100 UNIT/ML SUBCUTANEOUS SUSPENSION
1704,1715.0,13590480422,114734863,2022-06-14 00:00:00,2022-06-25 00:00:00,"CHOLECALCIFEROL (VITAMIN D3) 25 MCG (1,000 UNIT) TABLET"
1705,1716.0,13590480422,114734863,2022-06-15 00:00:00,2022-06-25 00:00:00,IPRATROPIUM 0.5 MG-ALBUTEROL 3 MG (2.5 MG BASE)/3 ML NEBULIZATION SOLN
1706,1717.0,13590480422,114734863,2022-06-25 00:00:00,2022-07-16 00:00:00,CETIRIZINE 10 MG TABLET
1707,1718.0,13590480422,114734863,2022-06-14 00:00:00,2022-06-25 00:00:00,"CHOLECALCIFEROL (VITAMIN D3) 25 MCG (1,000 UNIT) TABLET"
1708,1719.0,13590480422,114734863,2022-06-14 00:00:00,2022-06-16 00:00:00,LACTATED RINGERS INTRAVENOUS SOLUTION
1709,1720.0,13590480422,114734863,2022-06-15 00:00:00,2022-06-25 00:00:00,IPRATROPIUM 0.5 MG-ALBUTEROL 3 MG (2.5 MG BASE)/3 ML NEBULIZATION SOLN
1710,1721.0,13590480422,114734863,2022-06-14 00:00:00,2022-06-25 00:00:00,"ISOSORBIDE MONONITRATE ER 30 MG TABLET,EXTENDED RELEASE 24 HR"
1711,1722.0,13594935397,114734863,2022-07-06 00:00:00,2022-07-16 00:00:00,TIOTROPIUM BROMIDE 18 MCG CAPSULE WITH INHALATION DEVICE
1712,1723.0,13590480422,114734863,2022-06-14 00:00:00,2022-06-25 00:00:00,BRIMONIDINE 0.15 % EYE DROPS
1713,1724.0,13590480422,114734863,2022-06-14 00:00:00,2022-06-25 00:00:00,LATANOPROST 0.005 % EYE DROPS
1714,1725.0,13590480422,114734863,2022-06-14 00:00:00,2022-06-25 00:00:00,BUMETANIDE 1 MG TABLET
1715,1726.0,13590480422,114734863,2022-06-14 00:00:00,2022-06-25 00:00:00,ASPIRIN 81 MG CHEWABLE TABLET
1716,1727.0,13590480422,114734863,2022-06-15 00:00:00,2022-06-25 00:00:00,CHOLESTYRAMINE-ASPARTAME 4 GRAM ORAL POWDER FOR SUSP IN A PACKET
1717,1728.0,13594935397,114734863,2022-07-06 00:00:00,2022-07-15 00:00:00,ATENOLOL 25 MG TABLET
1718,1729.0,13590480422,114734863,2022-06-19 00:00:00,2022-06-21 00:00:00,CEFEPIME IVPB 1 G (50 ML) MBP
1719,1730.0,13590480422,114734863,2022-06-14 00:00:00,2022-06-22 00:00:00,ACETAMINOPHEN 325 MG TABLET
1720,1731.0,13590480422,114734863,2022-06-14 00:00:00,2022-06-25 00:00:00,"ISOSORBIDE MONONITRATE ER 30 MG TABLET,EXTENDED RELEASE 24 HR"
1721,1732.0,13594935397,114734863,2022-07-05 00:00:00,2022-07-16 00:00:00,LATANOPROST 0.005 % EYE DROPS
1722,1733.0,13594935397,114734863,2022-07-12 00:00:00,2022-07-12 00:00:00,MAGNESIUM SULFATE 2 GRAM/50 ML (4 %) IN WATER INTRAVENOUS PIGGYBACK
1723,1734.0,13594935397,114734863,2022-07-06 00:00:00,2022-07-16 00:00:00,TIOTROPIUM BROMIDE 18 MCG CAPSULE WITH INHALATION DEVICE
1724,1735.0,13602759294,114734863,2022-08-20 00:00:00,2022-08-27 00:00:00,METRONIDAZOLE 250 MG TABLET
1725,1736.0,13602759294,114734863,2022-08-16 00:00:00,2022-08-27 00:00:00,LATANOPROST 0.005 % EYE DROPS
1726,1737.0,13602759294,114734863,2022-08-16 00:00:00,2022-08-27 00:00:00,TAMSULOSIN 0.4 MG CAPSULE
1727,1738.0,13616771589,114734863,2022-10-25 00:00:00,2023-04-19 00:00:00,"NYSTATIN 100,000 UNIT/GRAM TOPICAL CREAM"
1728,1739.0,13602759294,114734863,2022-08-18 00:00:00,2022-08-20 00:00:00,VANCOMYCIN 1.25 GRAM/250 ML IN 0.9 % SODIUM CHLORIDE INTRAVENOUS
1729,1740.0,13668231746,114734863,2023-07-03 00:00:00,2023-07-03 00:00:00,LACTATED RINGERS INTRAVENOUS SOLUTION
1730,1741.0,13602759294,114734863,2022-08-16 00:00:00,2022-08-27 00:00:00,APIXABAN 2.5 MG TABLET
1731,1742.0,13602759294,114734863,2022-08-16 00:00:00,2022-08-27 00:00:00,APIXABAN 2.5 MG TABLET
1732,1743.0,13602759294,114734863,2022-08-16 00:00:00,2022-08-27 00:00:00,LATANOPROST 0.005 % EYE DROPS
1733,1744.0,13602759294,114734863,2022-08-16 00:00:00,2022-08-27 00:00:00,BRIMONIDINE 0.15 % EYE DROPS
1734,1745.0,13602759294,114734863,2022-08-16 00:00:00,2022-08-27 00:00:00,FLUTICASONE 250 MCG-SALMETEROL 50 MCG/DOSE BLISTR POWDR FOR INHALATION
1735,1746.0,13602759294,114734863,2022-08-19 00:00:00,2022-08-27 00:00:00,INSULIN LISPRO (U-100) 100 UNIT/ML SUBCUTANEOUS SOLUTION
1736,1747.0,13602759294,114734863,2022-08-22 00:00:00,2022-08-27 00:00:00,INSULIN NPH ISOPHANE U-100 HUMAN 100 UNIT/ML SUBCUTANEOUS SUSPENSION
1737,1748.0,13620267968,114734863,2023-04-01 00:00:00,2023-06-05 00:00:00,INSULIN ASPART (U-100) 100 UNIT/ML (3 ML) SUBCUTANEOUS PEN
1738,1749.0,13666222513,114734863,2023-07-04 00:00:00,2023-07-04 00:00:00,APIXABAN 2.5 MG TABLET
1739,1750.0,13666222513,114734863,2023-07-03 00:00:00,2023-07-03 00:00:00,OXYCODONE 5 MG TABLET
1740,1751.0,13602759294,114734863,2022-08-16 00:00:00,2022-08-19 00:00:00,INSULIN LISPRO (U-100) 100 UNIT/ML SUBCUTANEOUS SOLUTION
1741,1752.0,13627460525,114734863,2022-12-17 00:00:00,2022-12-17 00:00:00,SODIUM CHLORIDE 0.9 % INTRAVENOUS SOLUTION
1742,1753.0,13602759294,114734863,2022-08-19 00:00:00,2022-08-27 00:00:00,INSULIN LISPRO (U-100) 100 UNIT/ML SUBCUTANEOUS SOLUTION
1743,1754.0,13666663225,114734863,2023-06-25 00:00:00,2023-06-25 00:00:00,"METOPROLOL SUCCINATE ER 25 MG TABLET,EXTENDED RELEASE 24 HR"
1744,1755.0,13602759294,114734863,2022-08-16 00:00:00,2022-08-27 00:00:00,ACETAMINOPHEN 650 MG RECTAL SUPPOSITORY
1745,1756.0,13602759294,114734863,2022-08-16 00:00:00,2022-08-27 00:00:00,TIOTROPIUM BROMIDE 18 MCG CAPSULE WITH INHALATION DEVICE
1746,1757.0,13602759294,114734863,2022-08-16 00:00:00,2022-08-27 00:00:00,ALBUTEROL SULFATE HFA 90 MCG/ACTUATION AEROSOL INHALER
1747,1758.0,13602759294,114734863,2022-08-20 00:00:00,2022-08-27 00:00:00,BUMETANIDE 1 MG TABLET
1748,1759.0,13602759294,114734863,2022-08-16 00:00:00,2022-08-19 00:00:00,INSULIN LISPRO (U-100) 100 UNIT/ML SUBCUTANEOUS SOLUTION
1749,1760.0,13602759294,114734863,2022-08-16 00:00:00,2022-08-27 00:00:00,ALBUTEROL SULFATE HFA 90 MCG/ACTUATION AEROSOL INHALER
1750,1761.0,13602759294,114734863,2022-08-16 00:00:00,2022-08-27 00:00:00,APIXABAN 2.5 MG TABLET
1751,1762.0,13602759294,114734863,2022-08-21 00:00:00,2022-08-27 00:00:00,"NYSTATIN 100,000 UNIT/GRAM TOPICAL POWDER"
1752,1763.0,13602759294,114734863,2022-08-16 00:00:00,2022-08-27 00:00:00,BRIMONIDINE 0.15 % EYE DROPS
1753,1764.0,13602759294,114734863,2022-08-20 00:00:00,2022-08-27 00:00:00,BUMETANIDE 1 MG TABLET
1754,1765.0,13666663225,114734863,2023-06-25 00:00:00,2023-06-25 00:00:00,QUETIAPINE 25 MG TABLET
1755,1766.0,13602759294,114734863,2022-08-16 00:00:00,2022-08-27 00:00:00,BRIMONIDINE 0.15 % EYE DROPS
1756,1767.0,13602759294,114734863,2022-08-15 00:00:00,2022-08-16 00:00:00,SODIUM CHLORIDE 0.9 % (FLUSH) INJECTION SYRINGE
1757,1768.0,13673079756,114734863,2023-07-26 00:00:00,2023-08-02 00:00:00,"NYSTATIN 100,000 UNIT/GRAM TOPICAL CREAM"
1758,1769.0,13668231746,114734863,2023-07-03 00:00:00,2023-07-03 00:00:00,PHENYLEPHRINE INJECTION 80 MCG/ML (5 ML) CMPD MGH_MVH
1759,1770.0,13666222513,114734863,2023-07-03 00:00:00,2023-07-04 00:00:00,HALOPERIDOL LACTATE 5 MG/ML INJECTION SOLUTION
1760,1771.0,13602759294,114734863,2022-08-16 00:00:00,2022-08-27 00:00:00,"ISOSORBIDE MONONITRATE ER 30 MG TABLET,EXTENDED RELEASE 24 HR"
1761,1772.0,13590480422,114734863,2022-06-21 00:00:00,2022-06-22 00:00:00,AMOXICILLIN 875 MG-POTASSIUM CLAVULANATE 125 MG TABLET
1762,1773.0,13594935397,114734863,2022-07-13 00:00:00,2022-07-16 00:00:00,APIXABAN 2.5 MG TABLET
1763,1774.0,13590480422,114734863,2022-06-14 00:00:00,2022-06-25 00:00:00,ATENOLOL 25 MG TABLET
1764,1775.0,13590480422,114734863,2022-06-14 00:00:00,2022-06-25 00:00:00,ALBUTEROL SULFATE HFA 90 MCG/ACTUATION AEROSOL INHALER
1765,1776.0,13590480422,114734863,2022-06-15 00:00:00,2022-06-18 00:00:00,BUMETANIDE 1 MG TABLET
1766,1777.0,13594935397,114734863,2022-07-05 00:00:00,2022-07-16 00:00:00,LATANOPROST 0.005 % EYE DROPS
1767,1778.0,13590480422,114734863,2022-06-14 00:00:00,2022-06-25 00:00:00,"ISOSORBIDE MONONITRATE ER 30 MG TABLET,EXTENDED RELEASE 24 HR"
1768,1779.0,13590480422,114734863,2022-06-18 00:00:00,2022-06-25 00:00:00,BUMETANIDE 1 MG TABLET
1769,1780.0,13594935397,114734863,2022-07-06 00:00:00,2022-07-08 00:00:00,INSULIN NPH ISOPHANE U-100 HUMAN 100 UNIT/ML SUBCUTANEOUS SUSPENSION
1770,1781.0,13590480422,114734863,2022-06-18 00:00:00,2022-06-25 00:00:00,INSULIN NPH ISOPHANE U-100 HUMAN 100 UNIT/ML SUBCUTANEOUS SUSPENSION
1771,1782.0,13590480422,114734863,2022-06-25 00:00:00,2022-07-16 00:00:00,"NYSTATIN 100,000 UNIT/GRAM TOPICAL OINTMENT"
1772,1783.0,13594935397,114734863,2022-07-07 00:00:00,2022-07-07 00:00:00,VANCOMYCIN IVPB IN 100 ML (LESS THAN OR EQUAL TO 500 MG)
1773,1784.0,13590480422,114734863,2022-06-15 00:00:00,2022-06-25 00:00:00,IPRATROPIUM 0.5 MG-ALBUTEROL 3 MG (2.5 MG BASE)/3 ML NEBULIZATION SOLN
1774,1785.0,13590480422,114734863,2022-06-22 00:00:00,2022-06-25 00:00:00,CETIRIZINE 10 MG TABLET
1775,1786.0,13594935397,114734863,2022-07-21 00:00:00,2022-07-16 00:00:00,ZZ IMS TEMPLATE
1776,1787.0,13594935397,114734863,2022-07-13 00:00:00,2022-07-16 00:00:00,INSULIN NPH ISOPHANE U-100 HUMAN 100 UNIT/ML SUBCUTANEOUS SUSPENSION
1777,1788.0,13594935397,114734863,2022-07-13 00:00:00,2022-07-16 00:00:00,APIXABAN 2.5 MG TABLET
1778,1789.0,13594935397,114734863,2022-07-07 00:00:00,2022-07-14 00:00:00,VANCOMYCIN 125 MG CAPSULE
1779,1790.0,13590480422,114734863,2022-06-14 00:00:00,2022-06-25 00:00:00,CITALOPRAM 20 MG TABLET
1780,1791.0,13594935397,114734863,2022-07-05 00:00:00,2022-07-16 00:00:00,LATANOPROST 0.005 % EYE DROPS
1781,1792.0,13590480422,114734863,2022-06-18 00:00:00,2022-06-25 00:00:00,INSULIN LISPRO (U-100) 100 UNIT/ML SUBCUTANEOUS SOLUTION
1782,1793.0,13590480422,114734863,2022-06-19 00:00:00,2022-06-21 00:00:00,CEFEPIME IVPB 1 G (50 ML) MBP
1783,1794.0,13590480422,114734863,2022-06-13 00:00:00,2022-06-13 00:00:00,METRONIDAZOLE 500 MG/100 ML-SODIUM CHLORIDE(ISO) INTRAVENOUS PIGGYBACK
1784,1795.0,13594935397,114734863,2022-07-10 00:00:00,2022-07-16 00:00:00,"ISOSORBIDE MONONITRATE ER 30 MG TABLET,EXTENDED RELEASE 24 HR"
1785,1796.0,13594935397,114734863,2022-07-05 00:00:00,2022-07-16 00:00:00,BRIMONIDINE 0.15 % EYE DROPS
1786,1797.0,13594935397,114734863,2022-07-07 00:00:00,2022-07-14 00:00:00,VANCOMYCIN 125 MG CAPSULE
1787,1798.0,13590480422,114734863,2022-06-18 00:00:00,2022-06-25 00:00:00,INSULIN LISPRO (U-100) 100 UNIT/ML SUBCUTANEOUS SOLUTION
1788,1799.0,13590480422,114734863,2022-06-19 00:00:00,2022-06-25 00:00:00,"NYSTATIN 100,000 UNIT/GRAM TOPICAL OINTMENT"
1789,1800.0,13590480422,114734863,2022-06-14 00:00:00,2022-06-17 00:00:00,INSULIN U-100 REGULAR HUMAN 100 UNIT/ML INJECTION SOLUTION
1790,1801.0,13594935397,114734863,2022-07-10 00:00:00,2022-07-16 00:00:00,"ISOSORBIDE MONONITRATE ER 30 MG TABLET,EXTENDED RELEASE 24 HR"
1791,1802.0,13590480422,114734863,2022-06-26 00:00:00,2022-07-16 00:00:00,INSULIN LISPRO (U-100) 100 UNIT/ML SUBCUTANEOUS SOLUTION
1792,1803.0,13590480422,114734863,2022-06-18 00:00:00,2022-06-25 00:00:00,INSULIN LISPRO (U-100) 100 UNIT/ML SUBCUTANEOUS SOLUTION
1793,1804.0,13594935397,114734863,2022-07-07 00:00:00,2022-07-16 00:00:00,FLUTICASONE PROPIONATE 220 MCG/ACTUATION HFA AEROSOL INHALER
1794,1805.0,13590480422,114734863,2022-06-14 00:00:00,2022-06-15 00:00:00,PIPERACILLIN-TAZOBACTAM IVPB 3.375 G (50 ML) MBP
1795,1806.0,13590480422,114734863,2022-06-14 00:00:00,2022-06-25 00:00:00,BRIMONIDINE 0.15 % EYE DROPS
1796,1807.0,13594935397,114734863,2022-07-10 00:00:00,2022-07-16 00:00:00,TORSEMIDE 20 MG TABLET
1797,1808.0,13590480422,114734863,2022-06-14 00:00:00,2022-06-25 00:00:00,BRIMONIDINE 0.15 % EYE DROPS
1798,1809.0,13590480422,114734863,2022-06-14 00:00:00,2022-06-18 00:00:00,ALBUTEROL SULFATE 2.5 MG/3 ML (0.083 %) SOLUTION FOR NEBULIZATION
1799,1810.0,13594935397,114734863,2022-07-06 00:00:00,2022-07-16 00:00:00,ASPIRIN 81 MG CHEWABLE TABLET
1800,1811.0,13594935397,114734863,2022-07-08 00:00:00,2022-07-16 00:00:00,INSULIN LISPRO (U-100) 100 UNIT/ML SUBCUTANEOUS SOLUTION
1801,1812.0,13594935397,114734863,2022-07-05 00:00:00,2022-07-16 00:00:00,BRIMONIDINE 0.15 % EYE DROPS
1802,1813.0,13594935397,114734863,2022-07-07 00:00:00,2022-07-16 00:00:00,FLUTICASONE PROPIONATE 220 MCG/ACTUATION HFA AEROSOL INHALER
1803,1814.0,13590480422,114734863,2022-06-14 00:00:00,2022-06-25 00:00:00,"ISOSORBIDE MONONITRATE ER 30 MG TABLET,EXTENDED RELEASE 24 HR"
1804,1815.0,13594935397,114734863,2022-07-06 00:00:00,2022-07-16 00:00:00,ASPIRIN 81 MG CHEWABLE TABLET
1805,1816.0,13590480422,114734863,2022-06-15 00:00:00,2022-06-21 00:00:00,METRONIDAZOLE 500 MG/100 ML-SODIUM CHLORIDE(ISO) INTRAVENOUS PIGGYBACK
1806,1817.0,13594935397,114734863,2022-07-05 00:00:00,2022-07-16 00:00:00,ALBUTEROL SULFATE HFA 90 MCG/ACTUATION AEROSOL INHALER
1807,1818.0,13590480422,114734863,2022-06-14 00:00:00,2022-06-25 00:00:00,BRIMONIDINE 0.15 % EYE DROPS
1808,1819.0,13594935397,114734863,2022-07-12 00:00:00,2022-07-14 00:00:00,METOPROLOL TARTRATE 25 MG TABLET
1809,1820.0,13599695903,114734863,2022-08-07 00:00:00,2022-08-27 00:00:00,INSULIN NPH ISOPHANE U-100 HUMAN 100 UNIT/ML SUBCUTANEOUS SUSPENSION
1810,1821.0,13552068499,114734863,2021-12-04 00:00:00,2022-06-25 00:00:00,JARDIANCE 10 MG TABLET
1811,1822.0,13594935397,114734863,2022-07-05 00:00:00,2022-07-13 00:00:00,HYDROXYZINE HCL 25 MG TABLET
1812,1823.0,13594935397,114734863,2022-07-11 00:00:00,2022-07-13 00:00:00,"OMEPRAZOLE 20 MG CAPSULE,DELAYED RELEASE"
1813,1824.0,13594935397,114734863,2022-08-07 00:00:00,2022-07-11 00:00:00,PREDNISONE 20 MG TABLET
1814,1825.0,13590480422,114734863,2022-06-15 00:00:00,2022-06-25 00:00:00,IPRATROPIUM 0.5 MG-ALBUTEROL 3 MG (2.5 MG BASE)/3 ML NEBULIZATION SOLN
1815,1826.0,13590480422,114734863,2022-06-17 00:00:00,2022-06-25 00:00:00,FAMOTIDINE 20 MG TABLET
1816,1827.0,13594935397,114734863,2022-07-06 00:00:00,2022-07-10 00:00:00,"CHOLECALCIFEROL (VITAMIN D3) 25 MCG (1,000 UNIT) TABLET"
1817,1828.0,10638957153,114734863,2016-02-02 00:00:00,2011-07-26 00:00:00,Hydrochlorothiazide (hctz) - LMR 353
1818,1829.0,10428652696,114734863,2014-04-07 00:00:00,2011-06-15 00:00:00,Aspirin enteric coated (ecotrin) - LMR 59
1819,1830.0,10503188363,114734863,2008-01-13 15:36:22,2008-01-13 15:36:22,Felodipine - LMR 1212
1820,1831.0,10685336592,114734863,2014-04-07 00:00:00,2014-09-25 00:00:00,Latanoprost (xalatan) - LMR 2401
1821,1832.0,10503188363,114734863,2008-01-13 15:36:23,2008-01-13 15:36:23,Multivitamins (mvi centrum) - LMR 510
1822,1833.0,10435813410,114734863,2013-09-30 00:00:00,2014-12-09 00:00:00,Effexorxr-oncall
1823,1834.0,10614813614,114734863,2014-09-22 00:00:00,2012-01-09 00:00:00,Losartan (cozaar) - LMR 1971
1824,1835.0,10336470077,114734863,2014-06-24 00:00:00,2014-06-24 00:00:00,Fluticasone propionate/salmeterol 250/50 (advair diskus 250/50)- lmr 3623
1825,1836.0,13594935397,114734863,2022-07-06 00:00:00,2022-07-16 00:00:00,TIOTROPIUM BROMIDE 18 MCG CAPSULE WITH INHALATION DEVICE
1826,1837.0,13590480422,114734863,2022-06-18 00:00:00,2022-06-25 00:00:00,INSULIN LISPRO (U-100) 100 UNIT/ML SUBCUTANEOUS SOLUTION
1827,1838.0,13590480422,114734863,2022-06-17 00:00:00,2022-06-25 00:00:00,INSULIN NPH ISOPHANE U-100 HUMAN 100 UNIT/ML SUBCUTANEOUS SUSPENSION
1828,1839.0,13590480422,114734863,2022-06-16 00:00:00,2022-06-25 00:00:00,"HEPARIN (PORCINE) 5,000 UNIT/ML INJECTION SOLUTION"
1829,1840.0,13590480422,114734863,2022-06-22 00:00:00,2022-06-25 00:00:00,FLUOCINOLONE 0.025 % TOPICAL CREAM
1830,1841.0,13590480422,114734863,2022-06-19 00:00:00,2022-06-25 00:00:00,"NYSTATIN 100,000 UNIT/GRAM TOPICAL OINTMENT"
1831,1842.0,13594935397,114734863,2022-07-06 00:00:00,2022-07-15 00:00:00,ATENOLOL 25 MG TABLET
1832,1843.0,13590480422,114734863,2022-06-18 00:00:00,2022-06-25 00:00:00,INSULIN LISPRO (U-100) 100 UNIT/ML SUBCUTANEOUS SOLUTION
1833,1844.0,13590480422,114734863,2022-06-15 00:00:00,2022-06-25 00:00:00,IPRATROPIUM 0.5 MG-ALBUTEROL 3 MG (2.5 MG BASE)/3 ML NEBULIZATION SOLN
1834,1845.0,13594935397,114734863,2022-07-06 00:00:00,2022-07-16 00:00:00,TIOTROPIUM BROMIDE 18 MCG CAPSULE WITH INHALATION DEVICE
1835,1846.0,13594935397,114734863,2022-09-04 00:00:00,2022-07-11 00:00:00,PREDNISONE 20 MG TABLET
1836,1847.0,13594935397,114734863,2022-07-08 00:00:00,2022-07-16 00:00:00,INSULIN LISPRO (U-100) 100 UNIT/ML SUBCUTANEOUS SOLUTION
1837,1848.0,13590480422,114734863,2022-06-18 00:00:00,2022-06-25 00:00:00,INSULIN LISPRO (U-100) 100 UNIT/ML SUBCUTANEOUS SOLUTION
1838,1849.0,13594935397,114734863,2022-07-08 00:00:00,2022-07-16 00:00:00,INSULIN LISPRO (U-100) 100 UNIT/ML SUBCUTANEOUS SOLUTION
1839,1850.0,13594935397,114734863,2022-07-07 00:00:00,2022-07-16 00:00:00,FLUTICASONE PROPIONATE 220 MCG/ACTUATION HFA AEROSOL INHALER
1840,1851.0,13594935397,114734863,2022-07-08 00:00:00,2022-07-08 00:00:00,INSULIN NPH ISOPHANE U-100 HUMAN 100 UNIT/ML SUBCUTANEOUS SUSPENSION
1841,1852.0,13590480422,114734863,2022-06-15 00:00:00,2022-06-17 00:00:00,INSULIN NPH ISOPHANE U-100 HUMAN 100 UNIT/ML SUBCUTANEOUS SUSPENSION
1842,1853.0,13594935397,114734863,2022-07-11 00:00:00,2022-07-16 00:00:00,CHOLECALCIFEROL (VITAMIN D3) 10 MCG (400 UNIT) TABLET
1843,1854.0,13594935397,114734863,2022-07-05 00:00:00,2022-07-08 00:00:00,INSULIN LISPRO (U-100) 100 UNIT/ML SUBCUTANEOUS SOLUTION
1844,1855.0,13590480422,114734863,2022-06-14 00:00:00,2022-06-17 00:00:00,INSULIN NPH ISOPHANE U-100 HUMAN 100 UNIT/ML SUBCUTANEOUS SUSPENSION
1845,1856.0,13590480422,114734863,2022-06-14 00:00:00,2022-06-25 00:00:00,ASPIRIN 81 MG CHEWABLE TABLET
1846,1857.0,13594935397,114734863,2022-07-05 00:00:00,2022-07-16 00:00:00,BRIMONIDINE 0.15 % EYE DROPS
1847,1858.0,13590480422,114734863,2022-06-14 00:00:00,2022-06-22 00:00:00,ACETAMINOPHEN 325 MG TABLET
1848,1859.0,13594935397,114734863,2022-07-12 00:00:00,2022-07-11 00:00:00,PREDNISONE 20 MG TABLET
1849,1860.0,13602759294,114734863,2022-08-16 00:00:00,2022-08-27 00:00:00,FLUTICASONE 250 MCG-SALMETEROL 50 MCG/DOSE BLISTR POWDR FOR INHALATION
1850,1861.0,13602759294,114734863,2022-08-19 00:00:00,2022-08-20 00:00:00,SODIUM CHLORIDE 0.9 % INTRAVENOUS SOLUTION
1851,1862.0,13602759294,114734863,2022-08-18 00:00:00,2022-08-21 00:00:00,INSULIN NPH ISOPHANE U-100 HUMAN 100 UNIT/ML SUBCUTANEOUS SUSPENSION
1852,1863.0,13602759294,114734863,2022-08-19 00:00:00,2022-08-21 00:00:00,INSULIN NPH ISOPHANE U-100 HUMAN 100 UNIT/ML SUBCUTANEOUS SUSPENSION
1853,1864.0,13602759294,114734863,2022-08-16 00:00:00,2022-08-27 00:00:00,TAMSULOSIN 0.4 MG CAPSULE
1854,1865.0,13602759294,114734863,2022-08-22 00:00:00,2022-08-27 00:00:00,INSULIN NPH ISOPHANE U-100 HUMAN 100 UNIT/ML SUBCUTANEOUS SUSPENSION
1855,1866.0,13650132427,114734863,2023-03-29 00:00:00,2023-04-16 00:00:00,VANCOMYCIN 125 MG CAPSULE
1856,1867.0,13602759294,114734863,2022-08-16 00:00:00,2022-08-27 00:00:00,ALBUTEROL SULFATE HFA 90 MCG/ACTUATION AEROSOL INHALER
1857,1868.0,13602759294,114734863,2022-08-17 00:00:00,2022-08-18 00:00:00,DEXAMETHASONE SODIUM PHOSPHATE 4 MG/ML INJECTION SOLUTION
1858,1869.0,13668231746,114734863,2023-07-03 00:00:00,2023-07-03 00:00:00,PROPOFOL 10 MG/ML INTRAVENOUS EMULSION
1859,1870.0,13668231746,114734863,2023-07-03 00:00:00,2023-07-03 00:00:00,MEPIVACAINE (PF) 15 MG/ML (1.5 %) INJECTION SOLUTION
1860,1871.0,13626300533,114734863,2022-12-11 00:00:00,2022-12-11 00:00:00,FLUTICASONE 250 MCG-SALMETEROL 50 MCG/DOSE BLISTR POWDR FOR INHALATION
1861,1872.0,13666663225,114734863,2023-06-25 00:00:00,2023-06-25 00:00:00,"CHOLECALCIFEROL (VITAMIN D3) 25 MCG (1,000 UNIT) TABLET"
1862,1873.0,13594935397,114734863,2022-07-05 00:00:00,2022-07-16 00:00:00,BRIMONIDINE 0.15 % EYE DROPS
1863,1874.0,13594935397,114734863,2022-07-05 00:00:00,2022-07-10 00:00:00,"ISOSORBIDE MONONITRATE ER 30 MG TABLET,EXTENDED RELEASE 24 HR"
1864,1875.0,13590480422,114734863,2022-06-16 00:00:00,2022-06-25 00:00:00,"HEPARIN (PORCINE) 5,000 UNIT/ML INJECTION SOLUTION"
1865,1876.0,13540684535,114734863,2022-05-10 00:00:00,2022-07-16 00:00:00,TAMSULOSIN 0.4 MG CAPSULE
1866,1877.0,13594935397,114734863,2022-07-13 00:00:00,2022-07-16 00:00:00,"NYSTATIN 100,000 UNIT/GRAM TOPICAL POWDER"
1867,1878.0,13594935397,114734863,2022-07-05 00:00:00,2022-07-13 00:00:00,FLUOCINOLONE 0.025 % TOPICAL CREAM
1868,1879.0,13590480422,114734863,2022-06-19 00:00:00,2022-06-25 00:00:00,LOSARTAN 25 MG TABLET
1869,1880.0,13590480422,114734863,2022-06-14 00:00:00,2022-06-18 00:00:00,ALBUTEROL SULFATE 2.5 MG/3 ML (0.083 %) SOLUTION FOR NEBULIZATION
1870,1881.0,13594935397,114734863,2022-07-05 00:00:00,2022-07-13 00:00:00,"HEPARIN (PORCINE) 5,000 UNIT/ML INJECTION SOLUTION"
1871,1882.0,13594935397,114734863,2022-07-10 00:00:00,2022-07-16 00:00:00,"ISOSORBIDE MONONITRATE ER 30 MG TABLET,EXTENDED RELEASE 24 HR"
1872,1883.0,13594935397,114734863,2022-07-06 00:00:00,2022-07-16 00:00:00,LOSARTAN 25 MG TABLET
1873,1884.0,13590480422,114734863,2022-06-19 00:00:00,2022-06-19 00:00:00,AMOXICILLIN 875 MG-POTASSIUM CLAVULANATE 125 MG TABLET
1874,1885.0,13590480422,114734863,2022-06-16 00:00:00,2022-06-25 00:00:00,"HEPARIN (PORCINE) 5,000 UNIT/ML INJECTION SOLUTION"
1875,1886.0,13594935397,114734863,2022-07-06 00:00:00,2022-07-16 00:00:00,LOSARTAN 25 MG TABLET
1876,1887.0,13590480422,114734863,2022-06-16 00:00:00,2022-06-25 00:00:00,"HEPARIN (PORCINE) 5,000 UNIT/ML INJECTION SOLUTION"
1877,1888.0,13594935397,114734863,2022-07-18 00:00:00,2022-07-16 00:00:00,PREDNISONE 20 MG TABLET
1878,1889.0,13594935397,114734863,2022-07-10 00:00:00,2022-07-16 00:00:00,TORSEMIDE 20 MG TABLET
1879,1890.0,13590480422,114734863,2022-06-14 00:00:00,2022-06-17 00:00:00,INSULIN U-100 REGULAR HUMAN 100 UNIT/ML INJECTION SOLUTION
1880,1891.0,13590480422,114734863,2022-06-14 00:00:00,2022-06-25 00:00:00,ASPIRIN 81 MG CHEWABLE TABLET
1881,1892.0,13590480422,114734863,2022-06-14 00:00:00,2022-06-19 00:00:00,LOSARTAN 25 MG TABLET
1882,1893.0,13594935397,114734863,2022-07-12 00:00:00,2022-07-12 00:00:00,METOPROLOL TARTRATE 25 MG TABLET
1883,1894.0,13590480422,114734863,2022-06-17 00:00:00,2022-06-18 00:00:00,INSULIN LISPRO (U-100) 100 UNIT/ML SUBCUTANEOUS SOLUTION
1884,1895.0,13594935397,114734863,2022-07-06 00:00:00,2022-07-16 00:00:00,MULTIVITAMIN TAB/CAP SUPER ORDERABLE
1885,1896.0,13594935397,114734863,2022-07-10 00:00:00,2022-07-16 00:00:00,TORSEMIDE 20 MG TABLET
1886,1897.0,13590480422,114734863,2022-06-18 00:00:00,2022-06-25 00:00:00,INSULIN LISPRO (U-100) 100 UNIT/ML SUBCUTANEOUS SOLUTION
1887,1898.0,13594935397,114734863,2022-07-06 00:00:00,2022-07-14 00:00:00,TAMSULOSIN 0.4 MG CAPSULE
1888,1899.0,13594935397,114734863,2022-07-06 00:00:00,2022-07-15 00:00:00,ATENOLOL 25 MG TABLET
1889,1900.0,13590480422,114734863,2022-06-14 00:00:00,2022-06-25 00:00:00,BUMETANIDE 1 MG TABLET
1890,1901.0,13594935397,114734863,2022-07-14 00:00:00,2022-07-16 00:00:00,INSULIN NPH ISOPHANE U-100 HUMAN 100 UNIT/ML SUBCUTANEOUS SUSPENSION
1891,1902.0,13594935397,114734863,2022-07-08 00:00:00,2022-07-16 00:00:00,IPRATROPIUM 0.5 MG-ALBUTEROL 3 MG (2.5 MG BASE)/3 ML NEBULIZATION SOLN
1892,1903.0,13590480422,114734863,2022-06-14 00:00:00,2022-06-22 00:00:00,ACETAMINOPHEN 325 MG TABLET
1893,1904.0,13594935397,114734863,2022-07-08 00:00:00,2022-07-16 00:00:00,INSULIN LISPRO (U-100) 100 UNIT/ML SUBCUTANEOUS SOLUTION
1894,1905.0,13594935397,114734863,2022-07-07 00:00:00,2022-07-07 00:00:00,VANCOMYCIN 125 MG CAPSULE
1895,1906.0,13594935397,114734863,2022-07-16 00:00:00,2023-01-30 00:00:00,BRIMONIDINE 0.15 % EYE DROPS
1896,1907.0,13590480422,114734863,2022-06-14 00:00:00,2022-06-16 00:00:00,LACTATED RINGERS INTRAVENOUS SOLUTION
1897,1908.0,13586284997,114734863,2022-05-30 00:00:00,2022-08-28 00:00:00,ALBUTEROL SULFATE 2.5 MG/3 ML (0.083 %) SOLUTION FOR NEBULIZATION
1898,1909.0,13594935397,114734863,2022-07-10 00:00:00,2022-07-16 00:00:00,"ISOSORBIDE MONONITRATE ER 30 MG TABLET,EXTENDED RELEASE 24 HR"
1899,1910.0,13590480422,114734863,2022-06-15 00:00:00,2022-06-17 00:00:00,INSULIN NPH ISOPHANE U-100 HUMAN 100 UNIT/ML SUBCUTANEOUS SUSPENSION
1900,1911.0,13594935397,114734863,2022-07-08 00:00:00,2022-07-16 00:00:00,INSULIN LISPRO (U-100) 100 UNIT/ML SUBCUTANEOUS SOLUTION
1901,1912.0,13590480422,114734863,2022-06-14 00:00:00,2022-06-22 00:00:00,ACETAMINOPHEN 325 MG TABLET
1902,1913.0,13590480422,114734863,2022-06-18 00:00:00,2022-06-25 00:00:00,INSULIN LISPRO (U-100) 100 UNIT/ML SUBCUTANEOUS SOLUTION
1903,1914.0,13590480422,114734863,2022-06-19 00:00:00,2022-06-25 00:00:00,LOSARTAN 25 MG TABLET
1904,1915.0,13590480422,114734863,2022-06-14 00:00:00,2022-06-22 00:00:00,ACETAMINOPHEN 325 MG TABLET
1905,1916.0,13594935397,114734863,2022-07-10 00:00:00,2022-07-16 00:00:00,TORSEMIDE 20 MG TABLET
1906,1917.0,13594935397,114734863,2022-08-21 00:00:00,2022-07-11 00:00:00,ZZ IMS TEMPLATE
1907,1918.0,13590480422,114734863,2022-06-18 00:00:00,2022-06-25 00:00:00,INSULIN LISPRO (U-100) 100 UNIT/ML SUBCUTANEOUS SOLUTION
1908,1919.0,13594935397,114734863,2022-07-08 00:00:00,2022-07-16 00:00:00,INSULIN LISPRO (U-100) 100 UNIT/ML SUBCUTANEOUS SOLUTION
1909,1920.0,13413074558,114734863,2019-08-19 00:00:00,2019-08-19 00:00:00,ALBUTEROL SULFATE HFA 90 MCG/ACTUATION AEROSOL INHALER
1910,1921.0,13594935397,114734863,2022-07-07 00:00:00,2022-07-14 00:00:00,VANCOMYCIN 125 MG CAPSULE
1911,1922.0,13590480422,114734863,2022-06-14 00:00:00,2022-06-25 00:00:00,TAMSULOSIN 0.4 MG CAPSULE
1912,1923.0,13594935397,114734863,2022-07-05 00:00:00,2022-07-08 00:00:00,INSULIN LISPRO (U-100) 100 UNIT/ML SUBCUTANEOUS SOLUTION
1913,1924.0,13590480422,114734863,2022-06-18 00:00:00,2022-06-25 00:00:00,INSULIN NPH ISOPHANE U-100 HUMAN 100 UNIT/ML SUBCUTANEOUS SUSPENSION
1914,1925.0,13590480422,114734863,2022-06-14 00:00:00,2022-06-22 00:00:00,ACETAMINOPHEN 325 MG TABLET
1915,1926.0,13594935397,114734863,2022-07-07 00:00:00,2022-07-13 00:00:00,FAMOTIDINE 20 MG TABLET
1916,1927.0,13594935397,114734863,2022-07-16 00:00:00,2022-08-15 00:00:00,"NYSTATIN 100,000 UNIT/GRAM TOPICAL POWDER"
1917,1928.0,13594935397,114734863,2022-07-06 00:00:00,2022-07-15 00:00:00,ATENOLOL 25 MG TABLET
1918,1930.0,13594935397,114734863,2022-07-05 00:00:00,2022-07-16 00:00:00,BRIMONIDINE 0.15 % EYE DROPS
1919,1931.0,13594935397,114734863,2022-07-05 00:00:00,2022-07-16 00:00:00,BRIMONIDINE 0.15 % EYE DROPS
1920,1932.0,13594935397,114734863,2022-07-05 00:00:00,2022-07-16 00:00:00,LATANOPROST 0.005 % EYE DROPS
1921,1933.0,13676032590,114734863,2023-08-13 00:00:00,2023-08-13 00:00:00,"METOPROLOL SUCCINATE ER 50 MG TABLET,EXTENDED RELEASE 24 HR"
1922,1934.0,13676064215,114734863,2023-08-13 00:00:00,2023-08-14 00:00:00,"NIRMATRELVIR 300 MG (150 MG X2)-RITONAVIR 100 MG TABLET,DOSE PACK(EUA)"
1923,1935.0,13676032590,114734863,2023-08-13 00:00:00,2023-08-13 00:00:00,"ISOSORBIDE MONONITRATE ER 60 MG TABLET,EXTENDED RELEASE 24 HR"
1924,1936.0,13672110297,114734863,2023-08-22 00:00:00,2023-08-22 00:00:00,ONABOTULINUMTOXINA 100 UNIT SOLUTION FOR INJECTION
1925,1937.0,10244172254,114734863,2008-01-21 00:00:00,2008-01-24 00:00:00,Acetaminophen 325mg tab u
1926,1938.0,10244172254,114734863,2008-01-20 00:00:00,2008-01-20 00:00:00,Aspirin 325mg tablet
1927,1939.0,10626158382,114734863,2008-01-14 00:00:00,2013-03-07 00:59:35,Acetaminophen (tylenol) - LMR 4
1928,1940.0,10782292875,114734863,2014-09-03 00:00:00,2011-07-26 00:00:00,Albuterol inhaler hfa (albuterol hfa mdi) - LMR 3212
1929,1941.0,10487052806,114734863,2006-11-19 00:00:00,2006-11-19 00:00:00,Byetta (exenatide) - LMR 5228
1930,1942.0,10789118642,114734863,2014-09-03 00:00:00,2015-07-10 00:00:00,Furosemide (lasix) - LMR 323
1931,1943.0,10626158382,114734863,2008-01-14 00:00:00,2008-01-27 04:06:48,Furosemide (lasix) - LMR 323
1932,1944.0,13666222513,114734863,2023-07-03 00:00:00,2023-07-04 00:00:00,LATANOPROST 0.005 % EYE DROPS
1933,1945.0,13602759294,114734863,2022-08-16 00:00:00,2022-08-20 00:00:00,BUMETANIDE 1 MG TABLET
1934,1946.0,13602759294,114734863,2022-08-16 00:00:00,2022-08-27 00:00:00,ALBUTEROL SULFATE HFA 90 MCG/ACTUATION AEROSOL INHALER
1935,1947.0,13602759294,114734863,2022-08-20 00:00:00,2022-08-27 00:00:00,VANCOMYCIN 125 MG CAPSULE
1936,1948.0,13602759294,114734863,2022-08-16 00:00:00,2022-08-27 00:00:00,LATANOPROST 0.005 % EYE DROPS
1937,1949.0,13602759294,114734863,2022-08-16 00:00:00,2022-08-27 00:00:00,FAMOTIDINE 20 MG TABLET
1938,1950.0,13602759294,114734863,2022-08-16 00:00:00,2022-08-27 00:00:00,BRIMONIDINE 0.15 % EYE DROPS
1939,1951.0,13602759294,114734863,2022-08-16 00:00:00,2022-08-27 00:00:00,TAMSULOSIN 0.4 MG CAPSULE
1940,1952.0,13602759294,114734863,2022-08-20 00:00:00,2022-08-27 00:00:00,VANCOMYCIN 125 MG CAPSULE
1941,1953.0,13602759294,114734863,2022-08-21 00:00:00,2022-08-27 00:00:00,ZZ IMS TEMPLATE
1942,1954.0,13668231746,114734863,2023-07-03 00:00:00,2023-07-03 00:00:00,GLYCOPYRROLATE 0.2 MG/ML INJECTION SOLUTION
1943,1955.0,13666222513,114734863,2023-07-04 00:00:00,2023-07-04 00:00:00,"FERROUS SULFATE 324 MG (65 MG IRON) TABLET,DELAYED RELEASE"
1944,1956.0,13602759294,114734863,2022-08-21 00:00:00,2022-08-27 00:00:00,"NYSTATIN 100,000 UNIT/GRAM TOPICAL POWDER"
1945,1957.0,13602759294,114734863,2022-08-16 00:00:00,2022-08-27 00:00:00,MULTIVITAMIN TAB/CAP SUPER ORDERABLE
1946,1958.0,13602759294,114734863,2022-08-16 00:00:00,2022-08-27 00:00:00,MELATONIN 5 MG TABLET
1947,1959.0,13594935397,114734863,2022-07-05 00:00:00,2022-07-13 00:00:00,FLUOCINOLONE 0.025 % TOPICAL CREAM
1948,1960.0,13590480422,114734863,2022-06-14 00:00:00,2022-06-25 00:00:00,ASPIRIN 81 MG CHEWABLE TABLET
1949,1961.0,13590480422,114734863,2022-06-18 00:00:00,2022-06-25 00:00:00,INSULIN LISPRO (U-100) 100 UNIT/ML SUBCUTANEOUS SOLUTION
1950,1962.0,13590480422,114734863,2022-06-15 00:00:00,2022-06-25 00:00:00,IPRATROPIUM 0.5 MG-ALBUTEROL 3 MG (2.5 MG BASE)/3 ML NEBULIZATION SOLN
1951,1963.0,13590480422,114734863,2022-06-15 00:00:00,2022-06-25 00:00:00,IPRATROPIUM 0.5 MG-ALBUTEROL 3 MG (2.5 MG BASE)/3 ML NEBULIZATION SOLN
1952,1964.0,13590480422,114734863,2022-06-14 00:00:00,2022-06-17 00:00:00,EMPAGLIFLOZIN 10 MG TABLET
1953,1965.0,13594935397,114734863,2022-07-10 00:00:00,2022-07-13 00:00:00,ATOVAQUONE 750 MG/5 ML ORAL SUSPENSION
1954,1966.0,13590480422,114734863,2022-06-16 00:00:00,2022-06-25 00:00:00,"HEPARIN (PORCINE) 5,000 UNIT/ML INJECTION SOLUTION"
1955,1967.0,13590480422,114734863,2022-06-14 00:00:00,2022-06-25 00:00:00,"ISOSORBIDE MONONITRATE ER 30 MG TABLET,EXTENDED RELEASE 24 HR"
1956,1968.0,13556396439,114734863,2021-12-21 00:00:00,2022-01-30 00:00:00,REPATHA SURECLICK 140 MG/ML SUBCUTANEOUS PEN INJECTOR
1957,1969.0,13590480422,114734863,2022-06-14 00:00:00,2022-06-16 00:00:00,TRAMADOL 50 MG TABLET
1958,1970.0,13590480422,114734863,2022-06-15 00:00:00,2022-06-21 00:00:00,METRONIDAZOLE 500 MG/100 ML-SODIUM CHLORIDE(ISO) INTRAVENOUS PIGGYBACK
1959,1971.0,13590480422,114734863,2022-06-14 00:00:00,2022-06-25 00:00:00,BUMETANIDE 1 MG TABLET
1960,1972.0,13590480422,114734863,2022-06-18 00:00:00,2022-06-25 00:00:00,INSULIN LISPRO (U-100) 100 UNIT/ML SUBCUTANEOUS SOLUTION
1961,1973.0,13590480422,114734863,2022-06-14 00:00:00,2022-06-25 00:00:00,BRIMONIDINE 0.15 % EYE DROPS
1962,1974.0,13594935397,114734863,2022-07-06 00:00:00,2022-07-16 00:00:00,LOSARTAN 25 MG TABLET
1963,1975.0,13594935397,114734863,2022-07-05 00:00:00,2022-07-08 00:00:00,INSULIN LISPRO (U-100) 100 UNIT/ML SUBCUTANEOUS SOLUTION
1964,1976.0,13590480422,114734863,2022-06-15 00:00:00,2022-06-21 00:00:00,METRONIDAZOLE 500 MG/100 ML-SODIUM CHLORIDE(ISO) INTRAVENOUS PIGGYBACK
1965,1977.0,13592832918,114734863,2022-07-03 00:00:00,2022-07-03 00:00:00,LIDOCAINE HCL 10 MG/ML (1 %) INJECTION SOLUTION
1966,1978.0,13594935397,114734863,2022-07-14 00:00:00,2022-07-16 00:00:00,"METOPROLOL SUCCINATE ER 100 MG TABLET,EXTENDED RELEASE 24 HR"
1967,1979.0,13619857665,114734863,2022-11-09 00:00:00,2023-02-13 00:00:00,VANCOMYCIN 125 MG CAPSULE
1968,1980.0,13602759294,114734863,2022-08-22 00:00:00,2022-08-22 00:00:00,IODIXANOL 270 MG IODINE/ML INTRAVENOUS SOLUTION
1969,1981.0,13666222513,114734863,2023-07-04 00:00:00,2023-07-04 00:00:00,"METOPROLOL SUCCINATE ER 25 MG TABLET,EXTENDED RELEASE 24 HR"
1970,1982.0,13602759294,114734863,2022-08-17 00:00:00,2022-08-17 00:00:00,VANCOMYCIN 1.5 GRAM/500 ML IN 0.9 % SODIUM CHLORIDE INTRAVENOUS SOLN
1971,1983.0,13602759294,114734863,2022-08-18 00:00:00,2022-08-20 00:00:00,CIPROFLOXACIN 500 MG TABLET
1972,1984.0,13602759294,114734863,2022-08-16 00:00:00,2022-08-24 00:00:00,METOPROLOL TARTRATE 25 MG TABLET
1973,1985.0,13602759294,114734863,2022-08-16 00:00:00,2022-08-27 00:00:00,APIXABAN 2.5 MG TABLET
1974,1986.0,13666663225,114734863,2023-06-25 00:00:00,2023-06-25 00:00:00,FLUTICASONE 250 MCG-SALMETEROL 50 MCG/DOSE BLISTR POWDR FOR INHALATION
1975,1987.0,13602759294,114734863,2022-08-16 00:00:00,2022-08-24 00:00:00,METOPROLOL TARTRATE 25 MG TABLET
1976,1988.0,13668231746,114734863,2023-07-03 00:00:00,2023-07-03 00:00:00,PHENYLEPHRINE 20 MG/250 ML (80 MCG/ML) IN 0.9 % SODIUM CHLORIDE IV
1977,1989.0,13666663225,114734863,2023-06-25 00:00:00,2023-06-25 00:00:00,TIOTROPIUM BROMIDE 18 MCG CAPSULE WITH INHALATION DEVICE
1978,1990.0,13602759294,114734863,2022-08-16 00:00:00,2022-08-27 00:00:00,APIXABAN 2.5 MG TABLET
1979,1991.0,13666222513,114734863,2023-07-03 00:00:00,2023-07-04 00:00:00,FAMOTIDINE 20 MG TABLET
1980,1992.0,13602759294,114734863,2022-08-16 00:00:00,2022-08-18 00:00:00,CIPROFLOXACIN 400 MG/200 ML IN 5 % DEXTROSE INTRAVENOUS PIGGYBACK
1981,1993.0,13602759294,114734863,2022-08-16 00:00:00,2022-08-27 00:00:00,APIXABAN 2.5 MG TABLET
1982,1994.0,13605541054,114734863,2022-08-30 00:00:00,2022-08-30 00:00:00,BUSPIRONE 7.5 MG TABLET
1983,1995.0,13634322350,114734863,2023-01-17 00:00:00,2023-06-05 00:00:00,PROBIOTIC 20 BILLION CELL CAPSULE
1984,1996.0,13602759294,114734863,2022-08-16 00:00:00,2022-08-27 00:00:00,ACETAMINOPHEN 650 MG RECTAL SUPPOSITORY
1985,1997.0,13602759294,114734863,2022-08-20 00:00:00,2022-08-27 00:00:00,VANCOMYCIN 125 MG CAPSULE
1986,1998.0,13602759294,114734863,2022-08-16 00:00:00,2022-08-20 00:00:00,BUMETANIDE 1 MG TABLET
1987,1999.0,13590480422,114734863,2022-06-14 00:00:00,2022-06-22 00:00:00,ACETAMINOPHEN 325 MG TABLET
1988,2000.0,13590480422,114734863,2022-06-14 00:00:00,2022-06-25 00:00:00,"ISOSORBIDE MONONITRATE ER 30 MG TABLET,EXTENDED RELEASE 24 HR"
1989,2001.0,13594935397,114734863,2022-07-16 00:00:00,2022-08-27 00:00:00,CAMPHOR-MENTHOL 0.5 %-0.5 % LOTION
1990,2002.0,13594935397,114734863,2022-07-07 00:00:00,2022-07-16 00:00:00,FLUTICASONE PROPIONATE 220 MCG/ACTUATION HFA AEROSOL INHALER
1991,2003.0,13594935397,114734863,2022-07-05 00:00:00,2022-07-16 00:00:00,BRIMONIDINE 0.15 % EYE DROPS
1992,2004.0,13590480422,114734863,2022-06-14 00:00:00,2022-06-22 00:00:00,ACETAMINOPHEN 325 MG TABLET
1993,2005.0,13594935397,114734863,2022-07-05 00:00:00,2022-07-13 00:00:00,FLUOCINOLONE 0.025 % TOPICAL CREAM
1994,2006.0,13594935397,114734863,2022-07-06 00:00:00,2022-07-08 00:00:00,INSULIN NPH ISOPHANE U-100 HUMAN 100 UNIT/ML SUBCUTANEOUS SUSPENSION
1995,2007.0,13590480422,114734863,2022-06-15 00:00:00,2022-06-21 00:00:00,METRONIDAZOLE 500 MG/100 ML-SODIUM CHLORIDE(ISO) INTRAVENOUS PIGGYBACK
1996,2008.0,13594935397,114734863,2022-07-05 00:00:00,2022-07-07 00:00:00,VANCOMYCIN 125 MG CAPSULE
1997,2009.0,13594935397,114734863,2022-07-12 00:00:00,2022-07-14 00:00:00,PREDNISONE 20 MG TABLET
1998,2010.0,13590480422,114734863,2022-06-15 00:00:00,2022-06-25 00:00:00,IPRATROPIUM 0.5 MG-ALBUTEROL 3 MG (2.5 MG BASE)/3 ML NEBULIZATION SOLN
1999,2011.0,13590480422,114734863,2022-06-15 00:00:00,2022-06-21 00:00:00,METRONIDAZOLE 500 MG/100 ML-SODIUM CHLORIDE(ISO) INTRAVENOUS PIGGYBACK
2000,2012.0,13594935397,114734863,2022-07-13 00:00:00,2022-07-16 00:00:00,DEXTROSE 50 % IN WATER (D50W) INTRAVENOUS SYRINGE
2001,2013.0,13590480422,114734863,2022-06-22 00:00:00,2022-06-24 00:00:00,METRONIDAZOLE 250 MG TABLET
2002,2014.0,13594935397,114734863,2022-07-06 00:00:00,2022-07-16 00:00:00,MULTIVITAMIN TAB/CAP SUPER ORDERABLE
2003,2015.0,10208739576,114734863,2009-07-15 00:00:00,2009-07-18 00:00:00,Avapro-oncall
2004,2016.0,10666598469,114734863,2014-07-15 00:00:00,2017-07-25 00:00:00,Furosemide 40 mg Tablet
2005,2017.0,10758357610,114734863,2014-07-03 00:00:00,2014-07-03 00:00:00,Azithromycin (azithromax zithromax z-pack) - LMR 909
2006,2018.0,10626158382,114734863,2008-01-14 00:00:00,2008-01-27 04:06:48,Aspirin enteric coated (ecotrin) - LMR 59
2007,2019.0,10435813410,114734863,2013-09-30 00:00:00,2014-12-09 00:00:00,Effexorxr-oncall
2008,2020.0,10348501696,114734863,2012-05-15 00:00:00,2009-07-22 00:00:00,Fluticasone propionate/salmeterol 250/50 (advair diskus 250/50)- lmr 3623
2009,2021.0,10626158382,114734863,2008-01-14 00:00:00,2008-01-27 04:06:48,Atenolol (tenormin) - LMR 61
2010,2022.0,10794054013,114734863,2016-07-11 00:00:00,2016-07-11 00:00:00,Tobradex (tobramycin dexamethasone opht susp 0.3%-0.1%) - LMR 7776
2011,2023.0,10688237472,114734863,2009-07-26 00:00:00,2009-07-26 00:00:00,"Supply Of Radiopharmaceutical Diagnostic Imaging Agent, Technetium Tc 99M Sestamibi, Per Dose"
2012,2024.0,10602699444,114734863,2011-09-11 00:00:00,2016-11-09 00:00:00,Novolin 70/30 -oncall
2013,2025.0,10271369910,114734863,2012-05-12 00:00:00,2012-05-12 00:00:00,"Injection, Dobutamine Hydrochloride, Per 250 Mg"
2014,2026.0,10375615259,114734863,2012-01-28 00:00:00,2012-01-28 00:00:00,Topiramate (topamax) - LMR 2185
2015,2027.0,10515464740,114734863,2016-02-02 00:00:00,2015-06-02 00:00:00,Isosorbide mononitrate sr (imdur) - LMR 1016
2016,2028.0,10666598469,114734863,2011-09-11 00:00:00,2017-04-26 00:00:00,Insulin Nph & Reg Human Insulin 100 Unit/ml (70-30) Subcutaneous Susp
2017,2029.0,10503188363,114734863,2008-01-13 15:36:23,2008-01-13 15:36:23,Loratadine (claritin) - LMR 1019
2018,2030.0,13676269408,114734863,2023-08-14 00:00:00,2023-08-19 00:00:00,"NIRMATRELVIR 300 MG (150 MG X2)-RITONAVIR 100 MG TABLET,DOSE PACK(EUA)"
2019,2031.0,13676032590,114734863,2023-08-13 00:00:00,2023-08-13 00:00:00,APIXABAN 2.5 MG TABLET
2020,2032.0,13676032590,114734863,2023-08-13 00:00:00,2023-08-13 00:00:00,CITALOPRAM 40 MG TABLET
2021,2033.0,13592832918,114734863,2022-07-03 00:00:00,2022-07-03 00:00:00,IOPAMIDOL 61 % INTRAVENOUS SOLUTION
2022,2034.0,13590480422,114734863,2022-06-14 00:00:00,2022-06-25 00:00:00,CITALOPRAM 20 MG TABLET
2023,2035.0,13594935397,114734863,2022-07-10 00:00:00,2022-07-11 00:00:00,PREDNISONE 20 MG TABLET
2024,2036.0,13594935397,114734863,2022-07-06 00:00:00,2022-07-14 00:00:00,TAMSULOSIN 0.4 MG CAPSULE
2025,2037.0,13590480422,114734863,2022-06-15 00:00:00,2022-06-25 00:00:00,CHOLESTYRAMINE-ASPARTAME 4 GRAM ORAL POWDER FOR SUSP IN A PACKET
2026,2038.0,13590480422,114734863,2022-06-19 00:00:00,2022-06-25 00:00:00,"NYSTATIN 100,000 UNIT/GRAM TOPICAL OINTMENT"
2027,2039.0,13594935397,114734863,2022-07-10 00:00:00,2022-07-16 00:00:00,TORSEMIDE 20 MG TABLET
2028,2040.0,13594935397,114734863,2022-07-05 00:00:00,2022-07-13 00:00:00,"HEPARIN (PORCINE) 5,000 UNIT/ML INJECTION SOLUTION"
2029,2041.0,13590480422,114734863,2022-06-16 00:00:00,2022-06-25 00:00:00,"HEPARIN (PORCINE) 5,000 UNIT/ML INJECTION SOLUTION"
2030,2042.0,13594935397,114734863,2022-07-11 00:00:00,2022-07-12 00:00:00,INSULIN NPH ISOPHANE U-100 HUMAN 100 UNIT/ML SUBCUTANEOUS SUSPENSION
2031,2043.0,13590480422,114734863,2022-06-14 00:00:00,2022-06-22 00:00:00,ACETAMINOPHEN 325 MG TABLET
2032,2044.0,13594935397,114734863,2022-07-05 00:00:00,2022-07-13 00:00:00,CETIRIZINE 10 MG TABLET
2033,2045.0,13594935397,114734863,2022-07-07 00:00:00,2022-07-13 00:00:00,FAMOTIDINE 20 MG TABLET
2034,2046.0,13590480422,114734863,2022-06-14 00:00:00,2022-06-25 00:00:00,BRIMONIDINE 0.15 % EYE DROPS
2035,2047.0,13590480422,114734863,2022-06-18 00:00:00,2022-06-25 00:00:00,INSULIN LISPRO (U-100) 100 UNIT/ML SUBCUTANEOUS SOLUTION
2036,2048.0,13590480422,114734863,2022-06-15 00:00:00,2022-06-21 00:00:00,METRONIDAZOLE 500 MG/100 ML-SODIUM CHLORIDE(ISO) INTRAVENOUS PIGGYBACK
2037,2049.0,13590480422,114734863,2022-06-14 00:00:00,2022-06-22 00:00:00,ACETAMINOPHEN 325 MG TABLET
2038,2050.0,13590480422,114734863,2022-06-14 00:00:00,2022-06-17 00:00:00,EMPAGLIFLOZIN 10 MG TABLET
2039,2051.0,13594935397,114734863,2022-07-05 00:00:00,2022-07-13 00:00:00,"HEPARIN (PORCINE) 5,000 UNIT/ML INJECTION SOLUTION"
2040,2052.0,13590480422,114734863,2022-06-22 00:00:00,2022-06-24 00:00:00,METRONIDAZOLE 250 MG TABLET
2041,2053.0,13590480422,114734863,2022-06-15 00:00:00,2022-06-18 00:00:00,BUMETANIDE 1 MG TABLET
2042,2054.0,13594935397,114734863,2022-07-11 00:00:00,2022-07-13 00:00:00,"CALCIUM CARBONATE 500 MG CALCIUM (1,250 MG) TABLET"
2043,2055.0,13594935397,114734863,2022-07-05 00:00:00,2022-07-16 00:00:00,BRIMONIDINE 0.15 % EYE DROPS
2044,2056.0,13594935397,114734863,2022-07-06 00:00:00,2022-07-16 00:00:00,LOSARTAN 25 MG TABLET
2045,2057.0,13590480422,114734863,2022-06-14 00:00:00,2022-06-22 00:00:00,ACETAMINOPHEN 325 MG TABLET
2046,2058.0,13590480422,114734863,2022-06-14 00:00:00,2022-06-25 00:00:00,"ISOSORBIDE MONONITRATE ER 30 MG TABLET,EXTENDED RELEASE 24 HR"
2047,2059.0,13594935397,114734863,2022-07-06 00:00:00,2022-07-16 00:00:00,LOSARTAN 25 MG TABLET
2048,2060.0,13590480422,114734863,2022-06-21 00:00:00,2022-06-22 00:00:00,DIPHENHYDRAMINE 25 MG CAPSULE
2049,2061.0,13590480422,114734863,2022-06-14 00:00:00,2022-06-25 00:00:00,BRIMONIDINE 0.15 % EYE DROPS
2050,2062.0,13590480422,114734863,2022-06-14 00:00:00,2022-06-15 00:00:00,PIPERACILLIN-TAZOBACTAM IVPB 3.375 G (50 ML) MBP
2051,2063.0,13590480422,114734863,2022-06-17 00:00:00,2022-06-24 00:00:00,INSULIN LISPRO (U-100) 100 UNIT/ML SUBCUTANEOUS SOLUTION
2052,2064.0,13594935397,114734863,2022-07-08 00:00:00,2022-07-16 00:00:00,INSULIN LISPRO (U-100) 100 UNIT/ML SUBCUTANEOUS SOLUTION
2053,2065.0,13590480422,114734863,2022-06-17 00:00:00,2022-06-24 00:00:00,INSULIN LISPRO (U-100) 100 UNIT/ML SUBCUTANEOUS SOLUTION
2054,2066.0,13590480422,114734863,2022-06-25 00:00:00,2022-06-25 00:00:00,INSULIN LISPRO (U-100) 100 UNIT/ML SUBCUTANEOUS SOLUTION
2055,2067.0,13590480422,114734863,2022-06-14 00:00:00,2022-06-25 00:00:00,BUMETANIDE 1 MG TABLET
2056,2068.0,13594935397,114734863,2022-07-05 00:00:00,2022-07-08 00:00:00,INSULIN LISPRO (U-100) 100 UNIT/ML SUBCUTANEOUS SOLUTION
2057,2069.0,13590480422,114734863,2022-06-19 00:00:00,2022-06-25 00:00:00,LOSARTAN 25 MG TABLET
2058,2070.0,13590480422,114734863,2022-06-15 00:00:00,2022-06-25 00:00:00,IPRATROPIUM 0.5 MG-ALBUTEROL 3 MG (2.5 MG BASE)/3 ML NEBULIZATION SOLN
2059,2071.0,13594935397,114734863,2022-07-06 00:00:00,2022-07-16 00:00:00,ASPIRIN 81 MG CHEWABLE TABLET
2060,2072.0,13590480422,114734863,2022-06-13 00:00:00,2022-06-13 00:00:00,CEFTRIAXONE 2 GRAM SOLUTION FOR INJECTION
2061,2073.0,13590480422,114734863,2022-06-15 00:00:00,2022-06-21 00:00:00,METRONIDAZOLE 500 MG/100 ML-SODIUM CHLORIDE(ISO) INTRAVENOUS PIGGYBACK
2062,2074.0,13590480422,114734863,2022-06-14 00:00:00,2022-06-25 00:00:00,CITALOPRAM 20 MG TABLET
2063,2075.0,13594935397,114734863,2022-07-06 00:00:00,2022-07-16 00:00:00,TIOTROPIUM BROMIDE 18 MCG CAPSULE WITH INHALATION DEVICE
2064,2076.0,13590480422,114734863,2022-06-14 00:00:00,2022-06-22 00:00:00,ACETAMINOPHEN 325 MG TABLET
2065,2077.0,13590480422,114734863,2022-06-14 00:00:00,2022-06-19 00:00:00,LOSARTAN 25 MG TABLET
2066,2078.0,13594935397,114734863,2022-07-10 00:00:00,2022-07-16 00:00:00,TORSEMIDE 20 MG TABLET
2067,2079.0,13594935397,114734863,2022-07-12 00:00:00,2022-07-13 00:00:00,INSULIN NPH ISOPHANE U-100 HUMAN 100 UNIT/ML SUBCUTANEOUS SUSPENSION
2068,2080.0,13557386100,114734863,2021-12-27 00:00:00,2022-12-28 00:00:00,FREESTYLE LIBRE 14 DAY SENSOR KIT
2069,2081.0,13590480422,114734863,2022-06-16 00:00:00,2022-06-25 00:00:00,"HEPARIN (PORCINE) 5,000 UNIT/ML INJECTION SOLUTION"
2070,2082.0,13594935397,114734863,2022-07-06 00:00:00,2022-07-14 00:00:00,TAMSULOSIN 0.4 MG CAPSULE
2071,2083.0,13590480422,114734863,2022-06-14 00:00:00,2022-06-25 00:00:00,"ISOSORBIDE MONONITRATE ER 30 MG TABLET,EXTENDED RELEASE 24 HR"
2072,2084.0,13543676751,114734863,2022-04-19 00:00:00,2022-08-27 00:00:00,CITALOPRAM 40 MG TABLET
2073,2085.0,13590480422,114734863,2022-06-14 00:00:00,2022-06-14 00:00:00,ENOXAPARIN 40 MG/0.4 ML SUBCUTANEOUS SYRINGE
2074,2086.0,13594935397,114734863,2022-07-16 00:00:00,2023-06-05 00:00:00,MELATONIN 5 MG TABLET
2075,2087.0,13590480422,114734863,2022-06-14 00:00:00,2022-06-25 00:00:00,ATENOLOL 25 MG TABLET
2076,2088.0,13594935397,114734863,2022-07-07 00:00:00,2022-07-14 00:00:00,VANCOMYCIN 125 MG CAPSULE
2077,2089.0,13594935397,114734863,2022-07-13 00:00:00,2022-07-13 00:00:00,DEXTROSE 50 % IN WATER (D50W) INTRAVENOUS SYRINGE
2078,2090.0,13594935397,114734863,2022-07-08 00:00:00,2022-07-16 00:00:00,INSULIN LISPRO (U-100) 100 UNIT/ML SUBCUTANEOUS SOLUTION
2079,2091.0,13590480422,114734863,2022-06-14 00:00:00,2022-06-25 00:00:00,BRIMONIDINE 0.15 % EYE DROPS
2080,2092.0,13666222513,114734863,2023-07-03 00:00:00,2023-07-04 00:00:00,ACETAMINOPHEN 650 MG RECTAL SUPPOSITORY
2081,2093.0,13602759294,114734863,2022-08-17 00:00:00,2022-08-19 00:00:00,METRONIDAZOLE 250 MG TABLET
2082,2094.0,13602759294,114734863,2022-08-21 00:00:00,2022-08-27 00:00:00,"NYSTATIN 100,000 UNIT/GRAM TOPICAL POWDER"
2083,2095.0,13666222513,114734863,2023-07-04 00:00:00,2023-07-04 00:00:00,CITALOPRAM 20 MG TABLET
2084,2096.0,13602759294,114734863,2022-08-19 00:00:00,2022-08-27 00:00:00,INSULIN LISPRO (U-100) 100 UNIT/ML SUBCUTANEOUS SOLUTION
2085,2097.0,13602759294,114734863,2022-08-16 00:00:00,2022-08-27 00:00:00,"CHOLECALCIFEROL (VITAMIN D3) 25 MCG (1,000 UNIT) TABLET"
2086,2098.0,13634322350,114734863,2023-01-17 00:00:00,2023-04-01 00:00:00,NOVOLOG FLEXPEN U-100 INSULIN SUBQ
2087,2099.0,13615078801,114734863,2022-10-17 00:00:00,2022-10-25 00:00:00,"NYSTATIN 100,000 UNIT/GRAM TOPICAL CREAM"
2088,2100.0,13602759294,114734863,2022-08-20 00:00:00,2022-08-27 00:00:00,METRONIDAZOLE 250 MG TABLET
2089,2101.0,13602759294,114734863,2022-08-16 00:00:00,2022-08-27 00:00:00,TIOTROPIUM BROMIDE 18 MCG CAPSULE WITH INHALATION DEVICE
2090,2102.0,13602759294,114734863,2022-08-16 00:00:00,2022-08-27 00:00:00,BRIMONIDINE 0.15 % EYE DROPS
2091,2103.0,13602759294,114734863,2022-08-16 00:00:00,2022-08-27 00:00:00,TAMSULOSIN 0.4 MG CAPSULE
2092,2104.0,13602759294,114734863,2022-08-16 00:00:00,2022-08-27 00:00:00,FAMOTIDINE 20 MG TABLET
2093,2105.0,13645647523,114734863,2023-04-04 00:00:00,2023-04-04 00:00:00,LIDOCAINE HCL 10 MG/ML (1 %) INJECTION SOLUTION
2094,2106.0,13602759294,114734863,2022-08-19 00:00:00,2022-08-27 00:00:00,INSULIN LISPRO (U-100) 100 UNIT/ML SUBCUTANEOUS SOLUTION
2095,2107.0,13602759294,114734863,2022-08-16 00:00:00,2022-08-27 00:00:00,BRIMONIDINE 0.15 % EYE DROPS
2096,2108.0,13666663225,114734863,2023-06-25 00:00:00,2023-06-25 00:00:00,APIXABAN 2.5 MG TABLET
2097,2109.0,13602759294,114734863,2022-08-16 00:00:00,2022-08-27 00:00:00,ACETAMINOPHEN 650 MG/20.3 ML ORAL SOLUTION
2098,2110.0,13661865777,114734863,2023-06-05 00:00:00,2023-08-13 00:00:00,APIXABAN 2.5 MG TABLET
2099,2111.0,13602759294,114734863,2022-08-16 00:00:00,2022-08-16 00:00:00,DEXAMETHASONE SODIUM PHOSPHATE 4 MG/ML INJECTION SOLUTION
2100,2112.0,13666663225,114734863,2023-06-25 00:00:00,2023-06-25 00:00:00,SULFAMETHOXAZOLE 800 MG-TRIMETHOPRIM 160 MG TABLET
2101,2113.0,13666222513,114734863,2023-07-03 00:00:00,2023-07-04 00:00:00,ACETAMINOPHEN 325 MG TABLET
2102,2114.0,13666663225,114734863,2023-06-25 00:00:00,2023-06-25 00:00:00,SULFAMETHOXAZOLE 800 MG-TRIMETHOPRIM 160 MG TABLET
2103,2115.0,10666598469,114734863,2009-07-18 00:00:00,2017-10-23 00:00:00,Losartan 100 mg Tablet
2104,2116.0,10266009176,114734863,2014-09-22 00:00:00,2013-09-30 00:00:00,Loratadine (claritin) - LMR 1019
2105,2117.0,10260091985,114734863,2007-01-09 00:00:00,2007-04-09 00:00:00,Insulin nph human (humulin n) - LMR 384
2106,2118.0,10581609123,114734863,2014-04-07 00:00:00,2013-09-30 00:00:00,Venlafaxine extended release (effexor sr) - LMR 3285
2107,2119.0,10570374787,114734863,2015-07-29 00:00:00,2011-07-26 00:00:00,Albuterol inhaler hfa (albuterol hfa mdi) - LMR 3212
2108,2120.0,10626158382,114734863,2008-01-14 00:00:00,2008-01-27 04:06:48,Fluticasone propionate/salmeterol 250/50 (advair diskus 250/50)- lmr 3623
2109,2121.0,13594935397,114734863,2022-07-05 00:00:00,2022-07-16 00:00:00,LATANOPROST 0.005 % EYE DROPS
2110,2122.0,13594935397,114734863,2022-07-07 00:00:00,2022-07-16 00:00:00,FLUTICASONE PROPIONATE 220 MCG/ACTUATION HFA AEROSOL INHALER
2111,2123.0,13590480422,114734863,2022-06-15 00:00:00,2022-06-17 00:00:00,INSULIN NPH ISOPHANE U-100 HUMAN 100 UNIT/ML SUBCUTANEOUS SUSPENSION
2112,2124.0,13590480422,114734863,2022-06-19 00:00:00,2022-06-25 00:00:00,"NYSTATIN 100,000 UNIT/GRAM TOPICAL OINTMENT"
2113,2125.0,13590480422,114734863,2022-06-14 00:00:00,2022-06-25 00:00:00,BRIMONIDINE 0.15 % EYE DROPS
2114,2126.0,13594935397,114734863,2022-07-05 00:00:00,2022-07-16 00:00:00,BRIMONIDINE 0.15 % EYE DROPS
2115,2127.0,13594935397,114734863,2022-07-05 00:00:00,2022-07-16 00:00:00,LATANOPROST 0.005 % EYE DROPS
2116,2128.0,13594935397,114734863,2022-07-08 00:00:00,2022-07-16 00:00:00,INSULIN LISPRO (U-100) 100 UNIT/ML SUBCUTANEOUS SOLUTION
2117,2129.0,13590480422,114734863,2022-06-14 00:00:00,2022-06-25 00:00:00,CITALOPRAM 20 MG TABLET
2118,2130.0,13594935397,114734863,2022-07-07 00:00:00,2022-07-13 00:00:00,FAMOTIDINE 20 MG TABLET
2119,2131.0,13594935397,114734863,2022-07-14 00:00:00,2022-07-16 00:00:00,FAMOTIDINE 20 MG TABLET
2120,2132.0,13594935397,114734863,2022-07-07 00:00:00,2022-07-14 00:00:00,VANCOMYCIN 125 MG CAPSULE
2121,2133.0,13594935397,114734863,2022-07-10 00:00:00,2022-07-16 00:00:00,TORSEMIDE 20 MG TABLET
2122,2134.0,13594935397,114734863,2022-07-16 00:00:00,2022-08-07 00:00:00,TORSEMIDE 20 MG TABLET
2123,2135.0,13590480422,114734863,2022-06-17 00:00:00,2022-06-24 00:00:00,INSULIN LISPRO (U-100) 100 UNIT/ML SUBCUTANEOUS SOLUTION
2124,2136.0,13590480422,114734863,2022-06-15 00:00:00,2022-06-25 00:00:00,CHOLESTYRAMINE-ASPARTAME 4 GRAM ORAL POWDER FOR SUSP IN A PACKET
2125,2137.0,13590480422,114734863,2022-06-14 00:00:00,2022-06-25 00:00:00,"CHOLECALCIFEROL (VITAMIN D3) 25 MCG (1,000 UNIT) TABLET"
2126,2138.0,13590480422,114734863,2022-06-22 00:00:00,2022-06-25 00:00:00,FLUOCINOLONE 0.025 % TOPICAL CREAM
2127,2139.0,13594935397,114734863,2022-07-07 00:00:00,2022-07-13 00:00:00,FAMOTIDINE 20 MG TABLET
2128,2140.0,13590480422,114734863,2022-06-15 00:00:00,2022-06-25 00:00:00,IPRATROPIUM 0.5 MG-ALBUTEROL 3 MG (2.5 MG BASE)/3 ML NEBULIZATION SOLN
2129,2141.0,13594935397,114734863,2022-07-07 00:00:00,2022-07-14 00:00:00,VANCOMYCIN 125 MG CAPSULE
2130,2142.0,13590480422,114734863,2022-06-14 00:00:00,2022-06-14 00:00:00,DEXTROSE 5 % AND 0.45 % SODIUM CHLORIDE INTRAVENOUS SOLUTION
2131,2143.0,13590480422,114734863,2022-06-14 00:00:00,2022-06-25 00:00:00,ASPIRIN 81 MG CHEWABLE TABLET
2132,2144.0,13590480422,114734863,2022-06-22 00:00:00,2022-06-24 00:00:00,METRONIDAZOLE 250 MG TABLET
2133,2145.0,13634322350,114734863,2023-01-17 00:00:00,2023-04-25 00:00:00,METOPROLOL TARTRATE 25 MG TABLET
2134,2146.0,13602759294,114734863,2022-08-17 00:00:00,2022-08-20 00:00:00,REMDESIVIR <POWDER VIAL> IVPB 100 MG (100 ML) MBP
2135,2147.0,13602759294,114734863,2022-08-16 00:00:00,2022-08-18 00:00:00,CIPROFLOXACIN 400 MG/200 ML IN 5 % DEXTROSE INTRAVENOUS PIGGYBACK
2136,2148.0,13602343279,114734863,2022-08-14 00:00:00,2022-08-27 00:00:00,CETIRIZINE 10 MG TABLET
2137,2149.0,13602759294,114734863,2022-08-21 00:00:00,2022-08-27 00:00:00,"LACTOBACILLUS ACIDOPHILUS, BULGARICUS 100 MILLION CELL GRANULES PACKET"
2138,2150.0,13602759294,114734863,2022-08-17 00:00:00,2022-08-18 00:00:00,DEXAMETHASONE SODIUM PHOSPHATE 4 MG/ML INJECTION SOLUTION
2139,2151.0,13602759294,114734863,2022-08-21 00:00:00,2022-08-27 00:00:00,ZZ IMS TEMPLATE
2140,2152.0,13602759294,114734863,2022-08-16 00:00:00,2022-08-24 00:00:00,METOPROLOL TARTRATE 25 MG TABLET
2141,2153.0,13666222513,114734863,2023-07-03 00:00:00,2023-07-04 00:00:00,CLOTRIMAZOLE 1 % TOPICAL CREAM
2142,2154.0,13602759294,114734863,2022-08-16 00:00:00,2022-08-27 00:00:00,APIXABAN 2.5 MG TABLET
2143,2155.0,13602759294,114734863,2022-08-16 00:00:00,2022-08-27 00:00:00,FLUTICASONE 250 MCG-SALMETEROL 50 MCG/DOSE BLISTR POWDR FOR INHALATION
2144,2156.0,13666663225,114734863,2023-06-25 00:00:00,2023-06-25 00:00:00,CLINDAMYCIN HCL 150 MG CAPSULE
2145,2157.0,13666222513,114734863,2023-07-03 00:00:00,2023-07-03 00:00:00,MUPIROCIN 2 % TOPICAL OINTMENT
2146,2158.0,13602759294,114734863,2022-08-22 00:00:00,2022-08-27 00:00:00,INSULIN NPH ISOPHANE U-100 HUMAN 100 UNIT/ML SUBCUTANEOUS SUSPENSION
2147,2159.0,13602759294,114734863,2022-08-16 00:00:00,2022-08-27 00:00:00,FLUTICASONE 250 MCG-SALMETEROL 50 MCG/DOSE BLISTR POWDR FOR INHALATION
2148,2160.0,13602759294,114734863,2022-08-16 00:00:00,2022-08-24 00:00:00,METOPROLOL TARTRATE 25 MG TABLET
2149,2161.0,13602759294,114734863,2022-08-27 00:00:00,2022-10-09 00:00:00,INSULIN NPH ISOPHANE U-100 HUMAN 100 UNIT/ML SUBCUTANEOUS SUSPENSION
2150,2162.0,13602759294,114734863,2022-08-20 00:00:00,2022-08-27 00:00:00,METRONIDAZOLE 250 MG TABLET
2151,2163.0,13602759294,114734863,2022-08-18 00:00:00,2022-08-20 00:00:00,CIPROFLOXACIN 500 MG TABLET
2152,2164.0,13602759294,114734863,2022-08-16 00:00:00,2022-08-27 00:00:00,FAMOTIDINE 20 MG TABLET
2153,2165.0,13666222513,114734863,2023-07-03 00:00:00,2023-07-04 00:00:00,OXYCODONE 5 MG TABLET
2154,2166.0,13590480422,114734863,2022-06-18 00:00:00,2022-06-25 00:00:00,INSULIN LISPRO (U-100) 100 UNIT/ML SUBCUTANEOUS SOLUTION
2155,2167.0,13590480422,114734863,2022-06-14 00:00:00,2022-06-25 00:00:00,LATANOPROST 0.005 % EYE DROPS
2156,2168.0,13590480422,114734863,2022-06-22 00:00:00,2022-06-24 00:00:00,METRONIDAZOLE 250 MG TABLET
2157,2169.0,13594935397,114734863,2022-07-05 00:00:00,2022-07-16 00:00:00,ALBUTEROL SULFATE HFA 90 MCG/ACTUATION AEROSOL INHALER
2158,2170.0,13594935397,114734863,2022-07-07 00:00:00,2022-07-14 00:00:00,VANCOMYCIN 125 MG CAPSULE
2159,2171.0,13590480422,114734863,2022-06-14 00:00:00,2022-06-22 00:00:00,ACETAMINOPHEN 325 MG TABLET
2160,2172.0,13594935397,114734863,2022-07-05 00:00:00,2022-07-07 00:00:00,FAMOTIDINE 20 MG TABLET
2161,2173.0,13590480422,114734863,2022-06-14 00:00:00,2022-06-25 00:00:00,"ISOSORBIDE MONONITRATE ER 30 MG TABLET,EXTENDED RELEASE 24 HR"
2162,2174.0,13594935397,114734863,2022-07-27 00:00:00,2022-07-16 00:00:00,PREDNISONE 5 MG TABLET
2163,2175.0,13594935397,114734863,2022-09-18 00:00:00,2022-07-11 00:00:00,PREDNISONE 5 MG TABLET
2164,2176.0,13594935397,114734863,2022-07-10 00:00:00,2022-07-16 00:00:00,"ISOSORBIDE MONONITRATE ER 30 MG TABLET,EXTENDED RELEASE 24 HR"
2165,2177.0,13594935397,114734863,2022-07-12 00:00:00,2022-07-14 00:00:00,PREDNISONE 20 MG TABLET
2166,2178.0,13599724377,114734863,2022-07-30 00:00:00,2022-10-28 00:00:00,ALBUTEROL SULFATE 2.5 MG/3 ML (0.083 %) SOLUTION FOR NEBULIZATION
2167,2179.0,13594935397,114734863,2022-07-10 00:00:00,2022-07-13 00:00:00,ATOVAQUONE 750 MG/5 ML ORAL SUSPENSION
2168,2180.0,13590480422,114734863,2022-06-15 00:00:00,2022-06-25 00:00:00,IPRATROPIUM 0.5 MG-ALBUTEROL 3 MG (2.5 MG BASE)/3 ML NEBULIZATION SOLN
2169,2181.0,13590480422,114734863,2022-06-14 00:00:00,2022-06-25 00:00:00,TIOTROPIUM BROMIDE 18 MCG CAPSULE WITH INHALATION DEVICE
2170,2182.0,13590480422,114734863,2022-06-21 00:00:00,2022-06-22 00:00:00,DIPHENHYDRAMINE 25 MG CAPSULE
2171,2183.0,13590480422,114734863,2022-06-14 00:00:00,2022-06-22 00:00:00,ACETAMINOPHEN 325 MG TABLET
2172,2184.0,13590480422,114734863,2022-06-15 00:00:00,2022-06-21 00:00:00,METRONIDAZOLE 500 MG/100 ML-SODIUM CHLORIDE(ISO) INTRAVENOUS PIGGYBACK
2173,2185.0,13594935397,114734863,2022-07-08 00:00:00,2022-07-16 00:00:00,IPRATROPIUM 0.5 MG-ALBUTEROL 3 MG (2.5 MG BASE)/3 ML NEBULIZATION SOLN
2174,2186.0,13594935397,114734863,2022-07-05 00:00:00,2022-07-16 00:00:00,BRIMONIDINE 0.15 % EYE DROPS
2175,2187.0,13602759294,114734863,2022-08-16 00:00:00,2022-08-27 00:00:00,"ISOSORBIDE MONONITRATE ER 30 MG TABLET,EXTENDED RELEASE 24 HR"
2176,2188.0,13674003575,114734863,2023-07-31 00:00:00,2023-08-30 00:00:00,BANANA FLAKES-TRANSGALACTOOLIGOSACCHARIDE ORAL POWDER PACKET
2177,2189.0,13666222513,114734863,2023-07-03 00:00:00,2023-07-04 00:00:00,ACETAMINOPHEN 325 MG TABLET
2178,2190.0,13602759294,114734863,2022-08-27 00:00:00,2022-10-18 00:00:00,LEVOFLOXACIN 750 MG TABLET
2179,2191.0,13602759294,114734863,2022-08-16 00:00:00,2022-08-27 00:00:00,ACETAMINOPHEN 650 MG/20.3 ML ORAL SOLUTION
2180,2192.0,13602759294,114734863,2022-08-16 00:00:00,2022-08-27 00:00:00,BRIMONIDINE 0.15 % EYE DROPS
2181,2193.0,13602759294,114734863,2022-08-16 00:00:00,2022-08-27 00:00:00,BRIMONIDINE 0.15 % EYE DROPS
2182,2194.0,13602759294,114734863,2022-08-16 00:00:00,2022-08-27 00:00:00,APIXABAN 2.5 MG TABLET
2183,2195.0,13602759294,114734863,2022-08-16 00:00:00,2022-08-27 00:00:00,TAMSULOSIN 0.4 MG CAPSULE
2184,2196.0,13666222513,114734863,2023-07-04 00:00:00,2023-07-04 00:00:00,INSULIN U-100 REGULAR HUMAN 100 UNIT/ML INJECTION SOLUTION
2185,2197.0,13602343279,114734863,2022-08-14 00:00:00,2022-08-27 00:00:00,PREDNISONE 50 MG TABLET
2186,2198.0,13627460525,114734863,2022-12-17 00:00:00,2022-12-17 00:00:00,PROPOFOL 10 MG/ML INTRAVENOUS EMULSION
2187,2199.0,13649533700,114734863,2023-04-04 00:00:00,2023-04-04 00:00:00,FENTANYL (PF) 50 MCG/ML INJECTION SOLUTION
2188,2200.0,13602759294,114734863,2022-08-20 00:00:00,2022-08-27 00:00:00,SENNOSIDES 8.6 MG TABLET
2189,2201.0,13590480422,114734863,2022-06-15 00:00:00,2022-06-25 00:00:00,IPRATROPIUM 0.5 MG-ALBUTEROL 3 MG (2.5 MG BASE)/3 ML NEBULIZATION SOLN
2190,2202.0,13590480422,114734863,2022-06-14 00:00:00,2022-06-15 00:00:00,PIPERACILLIN-TAZOBACTAM IVPB 3.375 G (50 ML) MBP
2191,2203.0,13594935397,114734863,2022-07-05 00:00:00,2022-07-10 00:00:00,"ISOSORBIDE MONONITRATE ER 30 MG TABLET,EXTENDED RELEASE 24 HR"
2192,2204.0,13590480422,114734863,2022-06-14 00:00:00,2022-06-25 00:00:00,"CHOLECALCIFEROL (VITAMIN D3) 25 MCG (1,000 UNIT) TABLET"
2193,2205.0,13594935397,114734863,2022-07-06 00:00:00,2022-07-14 00:00:00,TAMSULOSIN 0.4 MG CAPSULE
2194,2206.0,13594935397,114734863,2022-07-13 00:00:00,2022-07-16 00:00:00,INSULIN NPH ISOPHANE U-100 HUMAN 100 UNIT/ML SUBCUTANEOUS SUSPENSION
2195,2207.0,13590480422,114734863,2022-06-15 00:00:00,2022-06-25 00:00:00,CHOLESTYRAMINE-ASPARTAME 4 GRAM ORAL POWDER FOR SUSP IN A PACKET
2196,2208.0,13594935397,114734863,2022-07-10 00:00:00,2022-07-16 00:00:00,TORSEMIDE 20 MG TABLET
2197,2209.0,13594935397,114734863,2022-07-07 00:00:00,2022-07-14 00:00:00,VANCOMYCIN 125 MG CAPSULE
2198,2210.0,13594935397,114734863,2022-07-05 00:00:00,2022-07-13 00:00:00,CETIRIZINE 10 MG TABLET
2199,2211.0,13594935397,114734863,2022-07-05 00:00:00,2022-07-13 00:00:00,CETIRIZINE 10 MG TABLET
2200,2212.0,13594935397,114734863,2022-07-14 00:00:00,2022-07-16 00:00:00,TAMSULOSIN 0.4 MG CAPSULE
2201,2213.0,13590480422,114734863,2022-06-15 00:00:00,2022-06-25 00:00:00,IPRATROPIUM 0.5 MG-ALBUTEROL 3 MG (2.5 MG BASE)/3 ML NEBULIZATION SOLN
2202,2214.0,13590480422,114734863,2022-06-16 00:00:00,2022-06-25 00:00:00,"HEPARIN (PORCINE) 5,000 UNIT/ML INJECTION SOLUTION"
2203,2215.0,13590480422,114734863,2022-06-14 00:00:00,2022-06-25 00:00:00,ASPIRIN 81 MG CHEWABLE TABLET
2204,2216.0,13590480422,114734863,2022-06-15 00:00:00,2022-06-25 00:00:00,IPRATROPIUM 0.5 MG-ALBUTEROL 3 MG (2.5 MG BASE)/3 ML NEBULIZATION SOLN
2205,2217.0,13594935397,114734863,2022-07-14 00:00:00,2022-07-16 00:00:00,INSULIN NPH ISOPHANE U-100 HUMAN 100 UNIT/ML SUBCUTANEOUS SUSPENSION
2206,2218.0,13594935397,114734863,2022-07-05 00:00:00,2022-07-16 00:00:00,BRIMONIDINE 0.15 % EYE DROPS
2207,2219.0,13594935397,114734863,2022-07-06 00:00:00,2022-07-16 00:00:00,ASPIRIN 81 MG CHEWABLE TABLET
2208,2220.0,13590480422,114734863,2022-06-14 00:00:00,2022-06-17 00:00:00,INSULIN NPH ISOPHANE U-100 HUMAN 100 UNIT/ML SUBCUTANEOUS SUSPENSION
2209,2221.0,13590480422,114734863,2022-06-14 00:00:00,2022-06-16 00:00:00,FAMOTIDINE 20 MG TABLET
2210,2222.0,13590480422,114734863,2022-06-25 00:00:00,2023-06-05 00:00:00,ACETAMINOPHEN 325 MG TABLET
2211,2223.0,13594935397,114734863,2022-07-07 00:00:00,2022-07-14 00:00:00,VANCOMYCIN 125 MG CAPSULE
2212,2224.0,13590480422,114734863,2022-06-25 00:00:00,2022-07-16 00:00:00,INSULIN LISPRO (U-100) 100 UNIT/ML SUBCUTANEOUS SOLUTION
2213,2225.0,13590480422,114734863,2022-06-15 00:00:00,2022-06-25 00:00:00,CHOLESTYRAMINE-ASPARTAME 4 GRAM ORAL POWDER FOR SUSP IN A PACKET
2214,2226.0,13594935397,114734863,2022-07-05 00:00:00,2022-07-13 00:00:00,FLUOCINOLONE 0.025 % TOPICAL CREAM
2215,2227.0,13594935397,114734863,2022-07-05 00:00:00,2022-07-16 00:00:00,LATANOPROST 0.005 % EYE DROPS
2216,2228.0,13594935397,114734863,2022-07-05 00:00:00,2022-07-13 00:00:00,"HEPARIN (PORCINE) 5,000 UNIT/ML INJECTION SOLUTION"
2217,2229.0,13590480422,114734863,2022-06-17 00:00:00,2022-06-17 00:00:00,DEXTROSE 5 % AND 0.45 % SODIUM CHLORIDE INTRAVENOUS SOLUTION
2218,2230.0,13594935397,114734863,2022-07-05 00:00:00,2022-07-08 00:00:00,INSULIN LISPRO (U-100) 100 UNIT/ML SUBCUTANEOUS SOLUTION
2219,2231.0,13590480422,114734863,2022-06-14 00:00:00,2022-06-25 00:00:00,"CHOLECALCIFEROL (VITAMIN D3) 25 MCG (1,000 UNIT) TABLET"
2220,2232.0,13594935397,114734863,2022-07-13 00:00:00,2022-07-13 00:00:00,APIXABAN 5 MG (74 TABS) TABLETS IN A DOSE PACK
2221,2233.0,13590480422,114734863,2022-06-17 00:00:00,2022-06-18 00:00:00,INSULIN LISPRO (U-100) 100 UNIT/ML SUBCUTANEOUS SOLUTION
2222,2234.0,13590480422,114734863,2022-06-13 00:00:00,2022-06-13 00:00:00,IOHEXOL 350 MG IODINE/ML INTRAVENOUS SOLUTION
2223,2235.0,13590480422,114734863,2022-06-18 00:00:00,2022-06-25 00:00:00,INSULIN NPH ISOPHANE U-100 HUMAN 100 UNIT/ML SUBCUTANEOUS SUSPENSION
2224,2236.0,13590480422,114734863,2022-06-14 00:00:00,2022-06-25 00:00:00,"ISOSORBIDE MONONITRATE ER 30 MG TABLET,EXTENDED RELEASE 24 HR"
2225,2237.0,13594935397,114734863,2022-07-07 00:00:00,2022-07-09 00:00:00,METHYLPREDNISOLONE SOD SUCC (PF) 125 MG/2 ML SOLUTION FOR INJECTION
2226,2238.0,13590480422,114734863,2022-06-14 00:00:00,2022-06-17 00:00:00,EMPAGLIFLOZIN 10 MG TABLET
2227,2239.0,13590480422,114734863,2022-06-14 00:00:00,2022-06-25 00:00:00,ATENOLOL 25 MG TABLET
2228,2240.0,13590480422,114734863,2022-06-14 00:00:00,2022-06-25 00:00:00,ATENOLOL 25 MG TABLET
2229,2241.0,13594935397,114734863,2022-07-09 00:00:00,2022-07-10 00:00:00,INSULIN NPH ISOPHANE U-100 HUMAN 100 UNIT/ML SUBCUTANEOUS SUSPENSION
2230,2242.0,13594935397,114734863,2022-07-06 00:00:00,2022-07-16 00:00:00,TIOTROPIUM BROMIDE 18 MCG CAPSULE WITH INHALATION DEVICE
2231,2243.0,13590480422,114734863,2022-06-14 00:00:00,2022-06-25 00:00:00,TIOTROPIUM BROMIDE 18 MCG CAPSULE WITH INHALATION DEVICE
2232,2244.0,13594935397,114734863,2022-07-07 00:00:00,2022-07-14 00:00:00,VANCOMYCIN 125 MG CAPSULE
2233,2245.0,13590480422,114734863,2022-06-18 00:00:00,2022-06-25 00:00:00,INSULIN LISPRO (U-100) 100 UNIT/ML SUBCUTANEOUS SOLUTION
2234,2246.0,13594935397,114734863,2022-07-08 00:00:00,2022-07-16 00:00:00,INSULIN LISPRO (U-100) 100 UNIT/ML SUBCUTANEOUS SOLUTION
2235,2247.0,13594935397,114734863,2022-07-12 00:00:00,2022-07-14 00:00:00,METOPROLOL TARTRATE 25 MG TABLET
2236,2248.0,13594935397,114734863,2022-07-05 00:00:00,2022-07-13 00:00:00,FLUOCINOLONE 0.025 % TOPICAL CREAM
2237,2249.0,13594935397,114734863,2022-07-05 00:00:00,2022-07-07 00:00:00,FAMOTIDINE 20 MG TABLET
2238,2250.0,13590480422,114734863,2022-06-14 00:00:00,2022-06-25 00:00:00,CITALOPRAM 20 MG TABLET
2239,2251.0,13594935397,114734863,2022-07-06 00:00:00,2022-07-16 00:00:00,MULTIVITAMIN TAB/CAP SUPER ORDERABLE
2240,2252.0,13594935397,114734863,2022-07-07 00:00:00,2022-07-13 00:00:00,FAMOTIDINE 20 MG TABLET
2241,2253.0,13590480422,114734863,2022-06-14 00:00:00,2022-06-17 00:00:00,EMPAGLIFLOZIN 10 MG TABLET
2242,2254.0,13594935397,114734863,2022-07-13 00:00:00,2022-07-16 00:00:00,APIXABAN 2.5 MG TABLET
2243,2255.0,13594935397,114734863,2022-07-05 00:00:00,2022-07-13 00:00:00,CETIRIZINE 10 MG TABLET
2244,2256.0,13590480422,114734863,2022-06-25 00:00:00,2022-06-25 00:00:00,TRIAMCINOLONE ACETONIDE 0.1 % TOPICAL OINTMENT
2245,2257.0,13594935397,114734863,2022-07-05 00:00:00,2022-07-10 00:00:00,"ISOSORBIDE MONONITRATE ER 30 MG TABLET,EXTENDED RELEASE 24 HR"
2246,2258.0,13594935397,114734863,2022-07-16 00:00:00,2022-07-16 00:00:00,LACTATED RINGERS IV BOLUS
2247,2259.0,10360928767,114734863,2009-10-14 00:00:00,2013-02-25 00:00:00,Prilosec-oncall
2248,2260.0,10271225614,114734863,2009-12-29 00:00:00,2013-09-04 00:00:00,Zocor-oncall
2249,2261.0,10562782648,114734863,2013-06-10 00:00:00,2013-06-10 00:00:00,Citalopram (celexa) - LMR 3115
2250,2262.0,10759499975,114734863,2010-10-30 00:00:00,2014-07-23 00:00:00,Hydrochlorothiazide-oncall
2251,2263.0,10759899831,114734863,2015-06-02 00:00:00,2014-09-20 00:00:00,Insulin 70/30 (human) - LMR 950
2252,2264.0,10280796354,114734863,2015-07-29 00:00:00,2011-06-15 00:00:00,Aspirin enteric coated (ecotrin) - LMR 59
2253,2265.0,10601721574,114734863,2014-07-15 00:00:00,2014-07-15 00:00:00,"Low osmolar contrast material, 300-399 mg/ml iodine concentration, per ml"
2254,2266.0,10519744637,114734863,2014-09-22 00:00:00,2011-06-15 00:00:00,Aspirin enteric coated (ecotrin) - LMR 59
2255,2267.0,10244172254,114734863,2008-01-18 00:00:00,2008-01-19 00:00:00,Lorazepam 1mg tablet
2256,2268.0,10244172254,114734863,2008-01-19 00:00:00,2008-01-19 00:00:00,Morphine sulfate 2 mg/ml solution
2257,2269.0,10666598469,114734863,2009-07-18 00:00:00,2017-10-23 00:00:00,Losartan 100 mg Tablet
2258,2270.0,10244172254,114734863,2008-01-25 00:00:00,2008-01-25 00:00:00,Cephalexin monohydrate monohydrate 500mg capsule
2259,2271.0,13594935397,114734863,2022-07-05 00:00:00,2022-07-13 00:00:00,FLUOCINOLONE 0.025 % TOPICAL CREAM
2260,2272.0,13594935397,114734863,2022-07-12 00:00:00,2022-07-13 00:00:00,INSULIN NPH ISOPHANE U-100 HUMAN 100 UNIT/ML SUBCUTANEOUS SUSPENSION
2261,2273.0,13590480422,114734863,2022-06-22 00:00:00,2022-06-24 00:00:00,CIPROFLOXACIN 250 MG TABLET
2262,2274.0,13590480422,114734863,2022-06-18 00:00:00,2022-06-25 00:00:00,INSULIN LISPRO (U-100) 100 UNIT/ML SUBCUTANEOUS SOLUTION
2263,2275.0,13590480422,114734863,2022-06-15 00:00:00,2022-06-21 00:00:00,METRONIDAZOLE 500 MG/100 ML-SODIUM CHLORIDE(ISO) INTRAVENOUS PIGGYBACK
2264,2276.0,13590480422,114734863,2022-06-14 00:00:00,2022-06-22 00:00:00,ACETAMINOPHEN 325 MG TABLET
2265,2277.0,13594935397,114734863,2022-07-10 00:00:00,2022-07-16 00:00:00,TORSEMIDE 20 MG TABLET
2266,2278.0,13590480422,114734863,2022-06-14 00:00:00,2022-06-15 00:00:00,PIPERACILLIN-TAZOBACTAM IVPB 3.375 G (50 ML) MBP
2267,2279.0,13599695903,114734863,2022-08-07 00:00:00,2023-08-13 00:00:00,"METOPROLOL SUCCINATE ER 50 MG TABLET,EXTENDED RELEASE 24 HR"
2268,2280.0,13590480422,114734863,2022-06-14 00:00:00,2022-06-25 00:00:00,ASPIRIN 81 MG CHEWABLE TABLET
2269,2281.0,13594935397,114734863,2022-07-05 00:00:00,2022-07-07 00:00:00,VANCOMYCIN 125 MG CAPSULE
2270,2282.0,13594935397,114734863,2022-07-11 00:00:00,2022-07-16 00:00:00,CHOLECALCIFEROL (VITAMIN D3) 10 MCG (400 UNIT) TABLET
2271,2283.0,13594935397,114734863,2022-07-07 00:00:00,2022-07-13 00:00:00,FAMOTIDINE 20 MG TABLET
2272,2284.0,13594935397,114734863,2022-07-05 00:00:00,2022-07-10 00:00:00,"ISOSORBIDE MONONITRATE ER 30 MG TABLET,EXTENDED RELEASE 24 HR"
2273,2285.0,13594935397,114734863,2022-07-05 00:00:00,2022-07-16 00:00:00,BRIMONIDINE 0.15 % EYE DROPS
2274,2286.0,13594935397,114734863,2022-07-05 00:00:00,2022-07-16 00:00:00,BRIMONIDINE 0.15 % EYE DROPS
2275,2287.0,13590480422,114734863,2022-06-14 00:00:00,2022-06-22 00:00:00,ACETAMINOPHEN 325 MG TABLET
2276,2288.0,13594935397,114734863,2022-07-05 00:00:00,2022-07-16 00:00:00,ACETAMINOPHEN 325 MG TABLET
2277,2289.0,13590480422,114734863,2022-06-15 00:00:00,2022-06-25 00:00:00,CHOLESTYRAMINE-ASPARTAME 4 GRAM ORAL POWDER FOR SUSP IN A PACKET
2278,2290.0,13590480422,114734863,2022-06-14 00:00:00,2022-06-25 00:00:00,TIOTROPIUM BROMIDE 18 MCG CAPSULE WITH INHALATION DEVICE
2279,2291.0,13594935397,114734863,2022-07-10 00:00:00,2022-07-13 00:00:00,ATOVAQUONE 750 MG/5 ML ORAL SUSPENSION
2280,2292.0,13594935397,114734863,2022-07-13 00:00:00,2022-07-16 00:00:00,"NYSTATIN 100,000 UNIT/GRAM TOPICAL POWDER"
2281,2293.0,13590480422,114734863,2022-06-23 00:00:00,2022-06-23 00:00:00,MAGNESIUM SULFATE 2 GRAM/50 ML (4 %) IN WATER INTRAVENOUS PIGGYBACK
2282,2294.0,13594935397,114734863,2022-07-05 00:00:00,2022-07-13 00:00:00,HYDROXYZINE HCL 25 MG TABLET
2283,2295.0,13594935397,114734863,2022-07-10 00:00:00,2022-07-11 00:00:00,INSULIN NPH ISOPHANE U-100 HUMAN 100 UNIT/ML SUBCUTANEOUS SUSPENSION
2284,2296.0,13590480422,114734863,2022-06-14 00:00:00,2022-06-16 00:00:00,FAMOTIDINE 20 MG TABLET
2285,2297.0,13594935397,114734863,2022-07-05 00:00:00,2022-07-13 00:00:00,HYDROXYZINE HCL 25 MG TABLET
2286,2298.0,13590480422,114734863,2022-06-15 00:00:00,2022-06-25 00:00:00,IPRATROPIUM 0.5 MG-ALBUTEROL 3 MG (2.5 MG BASE)/3 ML NEBULIZATION SOLN
2287,2299.0,13590480422,114734863,2022-06-15 00:00:00,2022-06-21 00:00:00,METRONIDAZOLE 500 MG/100 ML-SODIUM CHLORIDE(ISO) INTRAVENOUS PIGGYBACK
2288,2300.0,13590480422,114734863,2022-06-14 00:00:00,2022-06-14 00:00:00,FENTANYL (PF) 50 MCG/ML INJECTION SOLUTION
2289,2301.0,13590480422,114734863,2022-06-14 00:00:00,2022-06-25 00:00:00,TAMSULOSIN 0.4 MG CAPSULE
2290,2302.0,13594935397,114734863,2022-07-05 00:00:00,2022-07-07 00:00:00,VANCOMYCIN 125 MG CAPSULE
2291,2303.0,13590480422,114734863,2022-06-16 00:00:00,2022-06-25 00:00:00,"HEPARIN (PORCINE) 5,000 UNIT/ML INJECTION SOLUTION"
2292,2304.0,13594935397,114734863,2022-07-17 00:00:00,2022-08-07 00:00:00,FLUTICASONE PROPIONATE 220 MCG/ACTUATION HFA AEROSOL INHALER
2293,2305.0,13594935397,114734863,2022-07-06 00:00:00,2022-07-06 00:00:00,SODIUM BICARBONATE INFUSION 150 MEQ/1000 ML
2294,2306.0,13590480422,114734863,2022-06-22 00:00:00,2022-06-25 00:00:00,FLUOCINOLONE 0.025 % TOPICAL CREAM
2295,2307.0,13594935397,114734863,2022-07-06 00:00:00,2022-07-16 00:00:00,LOSARTAN 25 MG TABLET
2296,2308.0,13594935397,114734863,2022-07-06 00:00:00,2022-07-16 00:00:00,MULTIVITAMIN TAB/CAP SUPER ORDERABLE
2297,2309.0,13590480422,114734863,2022-06-14 00:00:00,2022-06-25 00:00:00,DEXTROSE 50 % IN WATER (D50W) INTRAVENOUS SYRINGE
2298,2310.0,13594935397,114734863,2022-07-07 00:00:00,2022-07-14 00:00:00,VANCOMYCIN 125 MG CAPSULE
2299,2311.0,13594935397,114734863,2022-07-06 00:00:00,2022-07-16 00:00:00,MULTIVITAMIN TAB/CAP SUPER ORDERABLE
2300,2312.0,13594935397,114734863,2022-07-15 00:00:00,2022-07-16 00:00:00,ZZ IMS TEMPLATE
2301,2313.0,13594935397,114734863,2022-07-06 00:00:00,2022-07-06 00:00:00,CHOLESTYRAMINE-ASPARTAME 4 GRAM ORAL POWDER FOR SUSP IN A PACKET
2302,2314.0,13590480422,114734863,2022-06-14 00:00:00,2022-06-25 00:00:00,CITALOPRAM 20 MG TABLET
2303,2315.0,13594935397,114734863,2022-07-06 00:00:00,2022-07-10 00:00:00,"CHOLECALCIFEROL (VITAMIN D3) 25 MCG (1,000 UNIT) TABLET"
2304,2316.0,13590480422,114734863,2022-06-18 00:00:00,2022-06-25 00:00:00,INSULIN LISPRO (U-100) 100 UNIT/ML SUBCUTANEOUS SOLUTION
2305,2317.0,13590480422,114734863,2022-06-14 00:00:00,2022-06-16 00:00:00,LACTATED RINGERS INTRAVENOUS SOLUTION
2306,2318.0,13594935397,114734863,2022-07-06 00:00:00,2022-07-16 00:00:00,TIOTROPIUM BROMIDE 18 MCG CAPSULE WITH INHALATION DEVICE
2307,2319.0,13594935397,114734863,2022-07-05 00:00:00,2022-07-13 00:00:00,"HEPARIN (PORCINE) 5,000 UNIT/ML INJECTION SOLUTION"
2308,2320.0,13590480422,114734863,2022-06-14 00:00:00,2022-06-22 00:00:00,ACETAMINOPHEN 325 MG TABLET
2309,2321.0,13594935397,114734863,2022-07-05 00:00:00,2022-07-16 00:00:00,ALBUTEROL SULFATE HFA 90 MCG/ACTUATION AEROSOL INHALER
2310,2322.0,13590480422,114734863,2022-06-15 00:00:00,2022-06-25 00:00:00,IPRATROPIUM 0.5 MG-ALBUTEROL 3 MG (2.5 MG BASE)/3 ML NEBULIZATION SOLN
2311,2323.0,13590480422,114734863,2022-06-14 00:00:00,2022-06-25 00:00:00,BUMETANIDE 1 MG TABLET
2312,2324.0,13590480422,114734863,2022-06-14 00:00:00,2022-06-25 00:00:00,"CHOLECALCIFEROL (VITAMIN D3) 25 MCG (1,000 UNIT) TABLET"
2313,2325.0,13590480422,114734863,2022-06-14 00:00:00,2022-06-25 00:00:00,BUMETANIDE 1 MG TABLET
2314,2326.0,13590480422,114734863,2022-06-14 00:00:00,2022-06-22 00:00:00,ACETAMINOPHEN 325 MG TABLET
2315,2327.0,13590480422,114734863,2022-06-17 00:00:00,2022-06-25 00:00:00,INSULIN NPH ISOPHANE U-100 HUMAN 100 UNIT/ML SUBCUTANEOUS SUSPENSION
2316,2328.0,13590480422,114734863,2022-06-14 00:00:00,2022-06-17 00:00:00,INSULIN U-100 REGULAR HUMAN 100 UNIT/ML INJECTION SOLUTION
2317,2329.0,13594935397,114734863,2022-07-07 00:00:00,2022-07-16 00:00:00,FLUTICASONE PROPIONATE 220 MCG/ACTUATION HFA AEROSOL INHALER
2318,2330.0,13590480422,114734863,2022-06-14 00:00:00,2022-06-25 00:00:00,BRIMONIDINE 0.15 % EYE DROPS
2319,2331.0,13594935397,114734863,2022-07-11 00:00:00,2022-07-13 00:00:00,"OMEPRAZOLE 20 MG CAPSULE,DELAYED RELEASE"
2320,2332.0,13590480422,114734863,2022-06-15 00:00:00,2022-06-18 00:00:00,BUMETANIDE 1 MG TABLET
2321,2333.0,13594935397,114734863,2022-07-16 00:00:00,2022-10-09 00:00:00,INSULIN LISPRO (U-100) 100 UNIT/ML SUBCUTANEOUS SOLUTION
2322,2334.0,13590480422,114734863,2022-06-18 00:00:00,2022-06-25 00:00:00,INSULIN NPH ISOPHANE U-100 HUMAN 100 UNIT/ML SUBCUTANEOUS SUSPENSION
2323,2335.0,13590480422,114734863,2022-06-14 00:00:00,2022-06-25 00:00:00,BUMETANIDE 1 MG TABLET
2324,2336.0,13594935397,114734863,2022-07-05 00:00:00,2022-07-16 00:00:00,ALBUTEROL SULFATE HFA 90 MCG/ACTUATION AEROSOL INHALER
2325,2337.0,13594935397,114734863,2022-07-08 00:00:00,2022-07-16 00:00:00,IPRATROPIUM 0.5 MG-ALBUTEROL 3 MG (2.5 MG BASE)/3 ML NEBULIZATION SOLN
2326,2338.0,13594935397,114734863,2022-07-06 00:00:00,2022-07-16 00:00:00,ASPIRIN 81 MG CHEWABLE TABLET
2327,2339.0,13590480422,114734863,2022-06-14 00:00:00,2022-06-25 00:00:00,TIOTROPIUM BROMIDE 18 MCG CAPSULE WITH INHALATION DEVICE
2328,2340.0,13590480422,114734863,2022-06-15 00:00:00,2022-06-18 00:00:00,BUMETANIDE 1 MG TABLET
2329,2341.0,10626158382,114734863,2008-01-14 00:00:00,2008-01-27 04:06:48,Fexofenadine hcl (allegra) - LMR 2387
2330,2342.0,10461453548,114734863,2008-02-20 00:00:00,2008-02-20 00:00:00,"Supply Of Radiopharmaceutical Diagnostic Imaging Agent, Technetium Tc 99M Sestamibi, Per Dose"
2331,2343.0,10776171322,114734863,2013-09-25 00:00:00,2014-09-20 00:00:00,Insulin 70/30 (human) - LMR 950
2332,2344.0,10503188363,114734863,2008-01-13 15:36:22,2008-01-13 15:36:22,Irbesartan (avapro) - LMR 2934
2333,2345.0,10588022591,114734863,2014-04-16 00:00:00,2014-09-20 00:00:00,Insulin 70/30 (human) - LMR 950
2334,2346.0,10515245665,114734863,2008-07-26 00:00:00,2008-10-24 00:00:00,Insulin 70/30 (human) - LMR 950
2335,2347.0,10557243445,114734863,2012-09-23 00:00:00,2013-09-18 00:00:00,Insulin 70/30 (human) - LMR 950
2336,2348.0,10626158382,114734863,2008-01-14 00:00:00,2013-03-07 00:59:35,Fexofenadine hcl (allegra) - LMR 2387
2337,2349.0,10759314556,114734863,2014-09-22 00:00:00,2011-07-26 00:00:00,Albuterol inhaler hfa (albuterol hfa mdi) - LMR 3212
2338,2350.0,10626158382,114734863,2008-01-14 00:00:00,2013-03-07 00:59:35,Atenolol (tenormin) - LMR 61
2339,2351.0,10478906130,114734863,2008-04-22 00:00:00,2008-05-16 00:00:00,Metformin extended release (glucophagexr) - LMR 3502
2340,2352.0,10441538501,114734863,2014-08-25 00:00:00,2008-04-22 00:00:00,Metformin (glucophage) - LMR 1084
2341,2353.0,10626158382,114734863,2008-01-14 00:00:00,2013-03-07 00:59:35,Aspirin enteric coated (ecotrin) - LMR 59
2342,2354.0,10666598469,114734863,2009-10-14 00:00:00,2009-10-14 00:00:00,Multivitamin Tablet
2343,2355.0,10243899028,114734863,2015-07-29 00:00:00,2015-07-29 00:00:00,Venlafaxine extended release (effexor sr) - LMR 3285
2344,2356.0,10626158382,114734863,2008-01-25 00:00:00,2013-03-07 00:59:35,Insulin 70/30 (human) - LMR 950
2345,2357.0,13557327200,114734863,2021-12-27 00:00:00,2022-07-16 00:00:00,FREESTYLE LIBRE 14 DAY SENSOR KIT
2346,2358.0,13594935397,114734863,2022-07-13 00:00:00,2022-07-16 00:00:00,"NYSTATIN 100,000 UNIT/GRAM TOPICAL POWDER"
2347,2359.0,13594935397,114734863,2022-07-07 00:00:00,2022-07-14 00:00:00,VANCOMYCIN 125 MG CAPSULE
2348,2360.0,13590480422,114734863,2022-06-15 00:00:00,2022-06-21 00:00:00,METRONIDAZOLE 500 MG/100 ML-SODIUM CHLORIDE(ISO) INTRAVENOUS PIGGYBACK
2349,2361.0,13594935397,114734863,2022-07-16 00:00:00,2022-08-07 00:00:00,INSULIN NPH ISOPHANE U-100 HUMAN 100 UNIT/ML SUBCUTANEOUS SUSPENSION
2350,2362.0,13590480422,114734863,2022-06-15 00:00:00,2022-06-25 00:00:00,IPRATROPIUM 0.5 MG-ALBUTEROL 3 MG (2.5 MG BASE)/3 ML NEBULIZATION SOLN
2351,2363.0,13590480422,114734863,2022-06-14 00:00:00,2022-06-25 00:00:00,TAMSULOSIN 0.4 MG CAPSULE
2352,2364.0,13590480422,114734863,2022-06-14 00:00:00,2022-06-25 00:00:00,ASPIRIN 81 MG CHEWABLE TABLET
2353,2365.0,13590480422,114734863,2022-06-16 00:00:00,2022-06-25 00:00:00,"HEPARIN (PORCINE) 5,000 UNIT/ML INJECTION SOLUTION"
2354,2366.0,13594935397,114734863,2022-07-10 00:00:00,2022-07-16 00:00:00,"ISOSORBIDE MONONITRATE ER 30 MG TABLET,EXTENDED RELEASE 24 HR"
2355,2367.0,13590480422,114734863,2022-06-14 00:00:00,2022-06-25 00:00:00,"ISOSORBIDE MONONITRATE ER 30 MG TABLET,EXTENDED RELEASE 24 HR"
2356,2368.0,13590480422,114734863,2022-06-17 00:00:00,2022-06-18 00:00:00,INSULIN LISPRO (U-100) 100 UNIT/ML SUBCUTANEOUS SOLUTION
2357,2369.0,13590480422,114734863,2022-06-16 00:00:00,2022-06-25 00:00:00,"HEPARIN (PORCINE) 5,000 UNIT/ML INJECTION SOLUTION"
2358,2370.0,13590480422,114734863,2022-06-19 00:00:00,2022-06-25 00:00:00,LOSARTAN 25 MG TABLET
2359,2371.0,13590480422,114734863,2022-06-15 00:00:00,2022-06-25 00:00:00,CHOLESTYRAMINE-ASPARTAME 4 GRAM ORAL POWDER FOR SUSP IN A PACKET
2360,2372.0,13590480422,114734863,2022-06-19 00:00:00,2022-06-25 00:00:00,LOSARTAN 25 MG TABLET
2361,2373.0,13594935397,114734863,2022-07-16 00:00:00,2022-08-07 00:00:00,APIXABAN 2.5 MG TABLET
2362,2374.0,13590480422,114734863,2022-06-13 00:00:00,2022-06-13 00:00:00,METRONIDAZOLE 500 MG/100 ML-SODIUM CHLORIDE(ISO) INTRAVENOUS PIGGYBACK
2363,2375.0,13590480422,114734863,2022-06-17 00:00:00,2022-06-25 00:00:00,INSULIN NPH ISOPHANE U-100 HUMAN 100 UNIT/ML SUBCUTANEOUS SUSPENSION
2364,2376.0,13590480422,114734863,2022-06-14 00:00:00,2022-06-25 00:00:00,BRIMONIDINE 0.15 % EYE DROPS
2365,2377.0,13590480422,114734863,2022-06-19 00:00:00,2022-06-25 00:00:00,"NYSTATIN 100,000 UNIT/GRAM TOPICAL OINTMENT"
2366,2378.0,13590480422,114734863,2022-06-17 00:00:00,2022-06-25 00:00:00,INSULIN NPH ISOPHANE U-100 HUMAN 100 UNIT/ML SUBCUTANEOUS SUSPENSION
2367,2379.0,13590480422,114734863,2022-06-17 00:00:00,2022-06-25 00:00:00,FAMOTIDINE 20 MG TABLET
2368,2380.0,13594935397,114734863,2022-07-10 00:00:00,2022-07-16 00:00:00,"ISOSORBIDE MONONITRATE ER 30 MG TABLET,EXTENDED RELEASE 24 HR"
2369,2381.0,10666598469,114734863,2010-10-30 00:00:00,2017-11-20 00:00:00,"Felodipine Er 5 mg Tablet,Extended Release 24 Hr"
2370,2382.0,10503188363,114734863,2008-01-13 15:36:23,2008-01-13 15:36:23,Citalopram (celexa) - LMR 3115
2371,2383.0,10324244720,114734863,2004-06-05 00:00:00,2004-06-05 00:00:00,"Influenza virus vaccine, whole virus, for intramuscular or jet injection use"
2372,2384.0,10626158382,114734863,2008-01-14 00:00:00,2008-01-27 04:06:48,Acetaminophen (tylenol) - LMR 4
2373,2385.0,10626158382,114734863,2008-01-14 00:00:00,2008-01-27 04:06:48,Fexofenadine hcl (allegra) - LMR 2387
2374,2386.0,10673615587,114734863,2012-01-09 00:00:00,2008-04-22 00:00:00,Metformin (glucophage) - LMR 1084
2375,2387.0,10626158382,114734863,2008-01-14 00:00:00,2008-01-27 04:06:48,Acetaminophen (tylenol) - LMR 4
2376,2388.0,10393898655,114734863,2016-07-11 00:00:00,2016-07-11 00:00:00,Metformin (glucophage) - LMR 1084
2377,2389.0,10204767235,114734863,2015-06-21 00:00:00,2015-11-18 00:00:00,Metformin hydrochloride er-oncall
2378,2390.0,10539752293,114734863,2015-07-29 00:00:00,2015-09-30 00:00:00,Furosemide (lasix) - LMR 323
2379,2391.0,10739873441,114734863,2014-04-07 00:00:00,2011-07-26 00:00:00,Albuterol inhaler hfa (albuterol hfa mdi) - LMR 3212
2380,2392.0,10311524460,114734863,2013-09-30 00:00:00,2013-09-30 00:00:00,Loratadine (claritin) - LMR 1019
2381,2393.0,13602759294,114734863,2022-08-27 00:00:00,2023-02-18 00:00:00,ACETAMINOPHEN 325 MG TABLET
2382,2394.0,13602759294,114734863,2022-08-16 00:00:00,2022-08-27 00:00:00,"ISOSORBIDE MONONITRATE ER 30 MG TABLET,EXTENDED RELEASE 24 HR"
2383,2395.0,13602759294,114734863,2022-08-17 00:00:00,2022-08-18 00:00:00,DEXAMETHASONE SODIUM PHOSPHATE 4 MG/ML INJECTION SOLUTION
2384,2396.0,13602759294,114734863,2022-08-16 00:00:00,2022-08-27 00:00:00,ALBUTEROL SULFATE HFA 90 MCG/ACTUATION AEROSOL INHALER
2385,2397.0,13602759294,114734863,2022-08-20 00:00:00,2022-08-27 00:00:00,BUMETANIDE 1 MG TABLET
2386,2398.0,13602759294,114734863,2022-08-16 00:00:00,2022-08-27 00:00:00,"ISOSORBIDE MONONITRATE ER 30 MG TABLET,EXTENDED RELEASE 24 HR"
2387,2399.0,13602759294,114734863,2022-08-16 00:00:00,2022-08-27 00:00:00,LATANOPROST 0.005 % EYE DROPS
2388,2400.0,13602759294,114734863,2022-08-22 00:00:00,2022-08-27 00:00:00,INSULIN NPH ISOPHANE U-100 HUMAN 100 UNIT/ML SUBCUTANEOUS SUSPENSION
2389,2401.0,13602759294,114734863,2022-08-20 00:00:00,2022-08-27 00:00:00,POLYETHYLENE GLYCOL 3350 17 GRAM ORAL POWDER PACKET
2390,2402.0,13613916046,114734863,2022-10-11 00:00:00,2023-06-05 00:00:00,ERYTHROMYCIN 5 MG/GRAM (0.5 %) EYE OINTMENT
2391,2403.0,13602759294,114734863,2022-08-16 00:00:00,2022-08-27 00:00:00,MULTIVITAMIN TAB/CAP SUPER ORDERABLE
2392,2404.0,13639496132,114734863,2023-02-13 00:00:00,2023-02-13 00:00:00,"NYSTOP 100,000 UNIT/GRAM TOPICAL POWDER"
2393,2405.0,13602759294,114734863,2022-08-16 00:00:00,2022-08-27 00:00:00,BRIMONIDINE 0.15 % EYE DROPS
2394,2406.0,13602759294,114734863,2022-08-17 00:00:00,2022-08-20 00:00:00,REMDESIVIR <POWDER VIAL> IVPB 100 MG (100 ML) MBP
2395,2407.0,13602759294,114734863,2022-08-16 00:00:00,2022-08-18 00:00:00,CIPROFLOXACIN 400 MG/200 ML IN 5 % DEXTROSE INTRAVENOUS PIGGYBACK
2396,2408.0,13666663225,114734863,2023-06-24 00:00:00,2023-06-25 00:00:00,ALBUTEROL SULFATE HFA 90 MCG/ACTUATION AEROSOL INHALER
2397,2409.0,13602759294,114734863,2022-08-20 00:00:00,2022-08-27 00:00:00,VANCOMYCIN 125 MG CAPSULE
2398,2410.0,13666663225,114734863,2023-06-25 00:00:00,2023-06-25 00:00:00,VANCOMYCIN 1.5 GRAM/500 ML IN 0.9 % SODIUM CHLORIDE INTRAVENOUS SOLN
2399,2411.0,13666222513,114734863,2023-07-03 00:00:00,2023-07-04 00:00:00,ACETAMINOPHEN 650 MG RECTAL SUPPOSITORY
2400,2412.0,13610234204,114734863,2022-09-21 00:00:00,2022-10-17 00:00:00,"NYSTATIN 100,000 UNIT/GRAM TOPICAL POWDER"
2401,2413.0,10630986525,114734863,2012-05-07 00:00:00,2014-02-26 00:00:00,Glucosamine and chondroitin sulfate-oncall
2402,2414.0,10666598469,114734863,2009-10-14 00:00:00,2009-10-14 00:00:00,Multivitamin Tablet
2403,2415.0,10626158382,114734863,2008-01-25 00:00:00,2008-01-27 04:06:48,Levofloxacin (levaquin) - LMR 2455
2404,2416.0,10503188363,114734863,2008-01-13 15:36:24,2008-01-13 15:36:24,Metformin extended release (glucophagexr) - LMR 3502
2405,2417.0,10244172254,114734863,2008-01-15 00:00:00,2008-01-20 00:00:00,Avapro 75mg tablet
2406,2418.0,10503188363,114734863,2008-01-13 15:36:23,2008-01-13 15:36:23,Loratadine (claritin) - LMR 1019
2407,2419.0,10271225614,114734863,2009-10-14 00:00:00,2013-09-04 00:00:00,Fish oil-oncall
2408,2420.0,10244172254,114734863,2008-01-20 00:00:00,2008-01-20 00:00:00,Fluticasone 250 salmetero
2409,2421.0,10244172254,114734863,2008-01-19 00:00:00,2008-01-19 00:00:00,Morphine sulf. 4 mgml 1 m
2410,2422.0,10653836400,114734863,2012-01-09 00:00:00,2012-01-09 00:00:00,Prednisone - LMR 634
2411,2423.0,10503188363,114734863,2008-01-13 15:36:22,2008-01-13 15:36:22,Irbesartan (avapro) - LMR 2934
2412,2424.0,10418625399,114734863,2009-09-02 00:00:00,2009-09-02 00:00:00,"Low osmolar contrast material, 300-399 mg/ml iodine concentration, per ml"
2413,2425.0,10626158382,114734863,2008-01-14 00:00:00,2013-03-07 00:59:35,Acetaminophen (tylenol) - LMR 4
2414,2426.0,10503188363,114734863,2008-01-13 15:36:24,2008-01-13 15:36:24,Metformin extended release (glucophagexr) - LMR 3502
2415,2427.0,10679187839,114734863,2013-06-10 00:00:00,2012-02-12 00:00:00,Acetylsalicylic acid (asa aspirin ecotrin) - LMR 15
2416,2428.0,10707290556,114734863,2008-04-22 00:00:00,2008-04-22 00:00:00,Citalopram (celexa) - LMR 3115
2417,2429.0,10244172254,114734863,2008-01-20 00:00:00,2008-01-25 00:00:00,Humulin n human recombinant 100 u/ml injection
2418,2430.0,10714146218,114734863,2013-09-30 00:00:00,2014-09-19 00:00:00,Latanoprost (xalatan) - LMR 2401
2419,2431.0,10279571989,114734863,2006-05-07 00:00:00,2007-06-17 00:00:00,Welchol-oncall
2420,2432.0,10335925276,114734863,2006-10-17 00:00:00,2006-10-17 00:00:00,Carbamide peroxide 10% - LMR 114
2421,2433.0,10654238533,114734863,2013-06-10 00:00:00,2013-09-21 00:00:00,Insulin 70/30 (human) - LMR 950
2422,2434.0,10208538568,114734863,2008-09-15 00:00:00,2008-09-15 00:00:00,Hydroxyzine hcl (atarax) - LMR 368
2423,2435.0,10551188016,114734863,2012-05-14 00:00:00,2007-11-10 00:00:00,Loratadine (claritin) - LMR 1019
2424,2436.0,10431037158,114734863,2013-09-30 00:00:00,2014-09-20 00:00:00,Insulin 70/30 (human) - LMR 950
2425,2437.0,10503188363,114734863,2008-01-13 15:36:23,2008-01-13 15:36:23,Insulin 70/30 (human) - LMR 950
2426,2438.0,10418370805,114734863,2016-02-02 00:00:00,2011-06-15 00:00:00,Aspirin enteric coated (ecotrin) - LMR 59
2427,2439.0,10271225614,114734863,2012-05-07 00:00:00,2013-09-04 00:00:00,Vitamin b 12 -oncall
2428,2440.0,10388355618,114734863,2014-09-03 00:00:00,2011-07-26 00:00:00,Hydrochlorothiazide (hctz) - LMR 353
2429,2441.0,10244172254,114734863,2008-01-19 00:00:00,2008-01-19 00:00:00,Col hol stoma cap w/fil
2430,2442.0,10406910355,114734863,2014-09-03 00:00:00,2008-04-22 00:00:00,Metformin (glucophage) - LMR 1084
2431,2443.0,10264678805,114734863,2012-01-09 00:00:00,2012-01-09 00:00:00,Triamcinolone acetonide 0.1% (kenalog 0.1%) - LMR 1265
2432,2444.0,10690386708,114734863,2016-07-11 00:00:00,2014-09-20 00:00:00,Insulin 70/30 (human) - LMR 950
2433,2445.0,10626158382,114734863,2008-01-14 00:00:00,2008-01-27 04:06:48,Rosuvastatin (crestor) - LMR 4372
2434,2446.0,10626158382,114734863,2008-01-14 00:00:00,2013-03-07 00:59:35,Atenolol (tenormin) - LMR 61
2435,2447.0,10627676141,114734863,2014-09-22 00:00:00,2014-06-24 00:00:00,Fluticasone propionate/salmeterol 250/50 (advair diskus 250/50)- lmr 3623
2436,2448.0,10626158382,114734863,2008-01-14 00:00:00,2013-03-07 00:59:35,Fluticasone propionate/salmeterol 250/50 (advair diskus 250/50)- lmr 3623
2437,2449.0,10687684772,114734863,2006-12-18 00:00:00,2011-03-02 00:00:00,Nystatin powder-oncall
2438,2450.0,10663487201,114734863,2013-09-04 00:00:00,2013-10-21 00:00:00,Atorvastatin-oncall
2439,2451.0,10626158382,114734863,2008-01-14 00:00:00,2008-01-27 04:06:48,Fexofenadine hcl (allegra) - LMR 2387
2440,2452.0,10215976192,114734863,2013-05-28 00:00:00,2013-05-28 00:00:00,"Influenza virus vaccine, split virus, 3 years and above dosage, for intramuscular or jet injection use"
2441,2453.0,10626158382,114734863,2008-01-14 00:00:00,2008-01-27 04:06:48,Fluticasone propionate/salmeterol 250/50 (advair diskus 250/50)- lmr 3623
2442,2454.0,13602759294,114734863,2022-08-16 00:00:00,2022-08-24 00:00:00,METOPROLOL TARTRATE 25 MG TABLET
2443,2455.0,13602759294,114734863,2022-08-16 00:00:00,2022-08-27 00:00:00,MULTIVITAMIN TAB/CAP SUPER ORDERABLE
2444,2456.0,13649533700,114734863,2023-04-04 00:00:00,2023-04-04 00:00:00,MIDAZOLAM (PF) 1 MG/ML INJECTION SOLUTION
2445,2457.0,13666222513,114734863,2023-07-04 00:00:00,2023-07-04 00:00:00,"CHOLECALCIFEROL (VITAMIN D3) 25 MCG (1,000 UNIT) TABLET"
2446,2458.0,13602759294,114734863,2022-08-18 00:00:00,2022-08-20 00:00:00,CIPROFLOXACIN 500 MG TABLET
2447,2459.0,13602759294,114734863,2022-08-20 00:00:00,2022-08-27 00:00:00,METRONIDAZOLE 250 MG TABLET
2448,2460.0,13649533700,114734863,2023-04-04 00:00:00,2023-04-04 00:00:00,PROPOFOL 10 MG/ML INTRAVENOUS EMULSION
2449,2461.0,13602759294,114734863,2022-08-16 00:00:00,2022-08-27 00:00:00,BRIMONIDINE 0.15 % EYE DROPS
2450,2462.0,13602759294,114734863,2022-08-16 00:00:00,2022-08-27 00:00:00,FLUTICASONE 250 MCG-SALMETEROL 50 MCG/DOSE BLISTR POWDR FOR INHALATION
2451,2463.0,13602759294,114734863,2022-08-19 00:00:00,2022-08-27 00:00:00,INSULIN LISPRO (U-100) 100 UNIT/ML SUBCUTANEOUS SOLUTION
2452,2464.0,13602759294,114734863,2022-08-16 00:00:00,2022-08-24 00:00:00,METOPROLOL TARTRATE 25 MG TABLET
2453,2465.0,13602759294,114734863,2022-08-18 00:00:00,2022-08-18 00:00:00,INSULIN NPH ISOPHANE U-100 HUMAN 100 UNIT/ML SUBCUTANEOUS SUSPENSION
2454,2466.0,13602759294,114734863,2022-08-16 00:00:00,2022-08-27 00:00:00,ACETAMINOPHEN 650 MG/20.3 ML ORAL SOLUTION
2455,2467.0,13651517628,114734863,2023-04-16 00:00:00,2023-06-05 00:00:00,VANCOMYCIN 125 MG CAPSULE
2456,2468.0,13602759294,114734863,2022-08-16 00:00:00,2022-08-27 00:00:00,FAMOTIDINE 20 MG TABLET
2457,2469.0,13602759294,114734863,2022-08-16 00:00:00,2022-08-24 00:00:00,METOPROLOL TARTRATE 25 MG TABLET
2458,2470.0,13602759294,114734863,2022-08-16 00:00:00,2022-08-27 00:00:00,BRIMONIDINE 0.15 % EYE DROPS
2459,2471.0,13602759294,114734863,2022-08-16 00:00:00,2022-08-24 00:00:00,METOPROLOL TARTRATE 25 MG TABLET
2460,2472.0,13602759294,114734863,2022-08-21 00:00:00,2022-08-27 00:00:00,"NYSTATIN 100,000 UNIT/GRAM TOPICAL POWDER"
2461,2473.0,13602759294,114734863,2022-08-22 00:00:00,2022-08-27 00:00:00,INSULIN NPH ISOPHANE U-100 HUMAN 100 UNIT/ML SUBCUTANEOUS SUSPENSION
2462,2474.0,13602759294,114734863,2022-08-16 00:00:00,2022-08-27 00:00:00,"CHOLECALCIFEROL (VITAMIN D3) 25 MCG (1,000 UNIT) TABLET"
2463,2475.0,13602759294,114734863,2022-08-16 00:00:00,2022-08-27 00:00:00,TAMSULOSIN 0.4 MG CAPSULE
2464,2476.0,13602759294,114734863,2022-08-16 00:00:00,2022-08-27 00:00:00,"CHOLECALCIFEROL (VITAMIN D3) 25 MCG (1,000 UNIT) TABLET"
2465,2477.0,13602759294,114734863,2022-08-27 00:00:00,2023-06-05 00:00:00,"LACTOBACILLUS ACIDOPHILUS, BULGARICUS 100 MILLION CELL GRANULES PACKET"
2466,2478.0,13602759294,114734863,2022-08-21 00:00:00,2022-08-27 00:00:00,"LACTOBACILLUS ACIDOPHILUS, BULGARICUS 100 MILLION CELL GRANULES PACKET"
2467,2479.0,13590480422,114734863,2022-06-15 00:00:00,2022-06-19 00:00:00,CEFEPIME IVPB 1 G (50 ML) MBP
2468,2480.0,13594935397,114734863,2022-07-07 00:00:00,2022-07-14 00:00:00,VANCOMYCIN 125 MG CAPSULE
2469,2481.0,13590480422,114734863,2022-06-15 00:00:00,2022-06-25 00:00:00,CHOLESTYRAMINE-ASPARTAME 4 GRAM ORAL POWDER FOR SUSP IN A PACKET
2470,2482.0,13590480422,114734863,2022-06-14 00:00:00,2022-06-19 00:00:00,LOSARTAN 25 MG TABLET
2471,2483.0,13590480422,114734863,2022-06-14 00:00:00,2022-06-25 00:00:00,BUMETANIDE 1 MG TABLET
2472,2484.0,13594935397,114734863,2022-07-05 00:00:00,2022-07-13 00:00:00,"HEPARIN (PORCINE) 5,000 UNIT/ML INJECTION SOLUTION"
2473,2485.0,13594935397,114734863,2022-07-12 00:00:00,2022-07-14 00:00:00,METOPROLOL TARTRATE 25 MG TABLET
2474,2486.0,13594935397,114734863,2022-07-16 00:00:00,2022-07-16 00:00:00,METOPROLOL TARTRATE 25 MG TABLET
2475,2487.0,13594935397,114734863,2022-07-05 00:00:00,2022-07-16 00:00:00,BRIMONIDINE 0.15 % EYE DROPS
2476,2488.0,13594935397,114734863,2022-07-05 00:00:00,2022-07-13 00:00:00,HYDROXYZINE HCL 25 MG TABLET
2477,2489.0,13594935397,114734863,2022-07-06 00:00:00,2022-07-14 00:00:00,TAMSULOSIN 0.4 MG CAPSULE
2478,2490.0,13594935397,114734863,2022-07-07 00:00:00,2022-07-14 00:00:00,VANCOMYCIN 125 MG CAPSULE
2479,2491.0,13590480422,114734863,2022-06-14 00:00:00,2022-06-25 00:00:00,CITALOPRAM 20 MG TABLET
2480,2492.0,13594935397,114734863,2022-07-06 00:00:00,2022-07-16 00:00:00,LOSARTAN 25 MG TABLET
2481,2493.0,13594935397,114734863,2022-07-06 00:00:00,2022-07-15 00:00:00,ATENOLOL 25 MG TABLET
2482,2494.0,13549947745,114734863,2021-11-28 00:00:00,2021-12-19 00:00:00,REPATHA SURECLICK 140 MG/ML SUBCUTANEOUS PEN INJECTOR
2483,2495.0,13590480422,114734863,2022-06-14 00:00:00,2022-06-25 00:00:00,LATANOPROST 0.005 % EYE DROPS
2484,2496.0,13590480422,114734863,2022-06-14 00:00:00,2022-06-25 00:00:00,ATENOLOL 25 MG TABLET
2485,2497.0,13594935397,114734863,2022-07-10 00:00:00,2022-07-16 00:00:00,TORSEMIDE 20 MG TABLET
2486,2498.0,13590480422,114734863,2022-06-14 00:00:00,2022-06-17 00:00:00,INSULIN U-100 REGULAR HUMAN 100 UNIT/ML INJECTION SOLUTION
2487,2499.0,13590480422,114734863,2022-06-18 00:00:00,2022-06-25 00:00:00,INSULIN LISPRO (U-100) 100 UNIT/ML SUBCUTANEOUS SOLUTION
2488,2500.0,10626158382,114734863,2008-01-14 00:00:00,2008-01-27 04:06:48,Aspirin enteric coated (ecotrin) - LMR 59
2489,2501.0,10626158382,114734863,2008-01-14 00:00:00,2008-01-27 04:06:48,Acetaminophen (tylenol) - LMR 4
2490,2502.0,10627016208,114734863,2007-11-10 00:00:00,2007-11-10 00:00:00,Insulin syringes
2491,2503.0,10700332810,114734863,2015-07-29 00:00:00,2015-11-13 00:00:00,Latanoprost (xalatan) - LMR 2401
2492,2504.0,10353278291,114734863,2006-10-17 00:00:00,2006-10-17 00:00:00,Insulin 70/30 (human) - LMR 950
2493,2505.0,10503188363,114734863,2008-01-13 15:36:23,2008-01-13 15:36:23,Acetylsalicylic acid (asa aspirin ecotrin) - LMR 15
2494,2506.0,10756662781,114734863,2014-08-25 00:00:00,2013-09-30 00:00:00,Loratadine (claritin) - LMR 1019
2495,2507.0,10391719557,114734863,2013-02-16 00:00:00,2013-02-16 00:00:00,Venlafaxine extended release (effexor sr) - LMR 3285
2496,2508.0,10478403164,114734863,2015-07-29 00:00:00,2014-09-20 00:00:00,Insulin 70/30 (human) - LMR 950
2497,2509.0,10503188363,114734863,2008-01-13 15:36:23,2008-01-13 15:36:23,Metformin extended release (glucophagexr) - LMR 3502
2498,2510.0,10376994487,114734863,2014-09-22 00:00:00,2011-07-26 00:00:00,Atenolol (tenormin) - LMR 61
2499,2511.0,10472165542,114734863,2007-06-19 00:00:00,2007-06-19 00:00:00,Metformin (glucophage) - LMR 1084
2500,2512.0,10615563789,114734863,2015-07-20 00:00:00,2015-07-20 00:00:00,Admin Pneumococcal Vaccine (As 1st Or Single) HC
2501,2513.0,10427271370,114734863,2008-09-15 00:00:00,2008-09-15 00:00:00,Clobetasol propionate 0.05% (temovate) - LMR 1701
2502,2514.0,10503188363,114734863,2008-01-13 15:36:23,2008-01-13 15:36:23,Rosuvastatin (crestor) - LMR 4372
2503,2515.0,10454547306,114734863,2012-02-20 00:00:00,2012-02-20 00:00:00,Venlafaxine extended release (effexor sr) - LMR 3285
2504,2516.0,10319878254,114734863,2008-09-11 00:00:00,2008-09-15 00:00:00,Prednisone - LMR 634
2505,2517.0,10503188363,114734863,2008-01-13 15:36:23,2008-01-13 15:36:23,Insulin nph human (humulin n) - LMR 384
2506,2518.0,10666598469,114734863,2008-06-18 00:00:00,2017-06-24 00:00:00,Claritin Oral
2507,2519.0,10626158382,114734863,2008-01-14 00:00:00,2013-03-07 00:59:35,Aspirin enteric coated (ecotrin) - LMR 59
2508,2520.0,10214664183,114734863,2014-06-13 00:00:00,2014-06-13 00:00:00,Azithromycin 250mg pack (z-pak) - LMR 4494
2509,2521.0,10244172254,114734863,2008-01-19 00:00:00,2008-01-21 00:00:00,Lasix (Furosemide) Up To 20MG IM IV
2510,2522.0,10602699444,114734863,2008-02-13 00:00:00,2016-11-09 00:00:00,Atenolol-oncall
2511,2523.0,10752510496,114734863,2013-02-07 00:00:00,2013-02-07 00:00:00,Venlafaxine extended release (effexor sr) - LMR 3285
2512,2524.0,10503188363,114734863,2008-01-13 15:36:23,2008-01-13 15:36:23,Multivitamins (mvi centrum) - LMR 510
2513,2525.0,10419170439,114734863,2014-04-07 00:00:00,2011-07-26 00:00:00,Felodipine - LMR 1212
2514,2526.0,10412457280,114734863,2008-01-02 00:00:00,2008-01-02 00:00:00,"Supply Of Radiopharmaceutical Diagnostic Imaging Agent, Technetium Tc 99M Sestamibi, Per Dose"
2515,2527.0,10626158382,114734863,2008-01-25 00:00:00,2008-01-27 04:06:48,Levofloxacin (levaquin) - LMR 2455
2516,2528.0,10537492924,114734863,2010-05-19 00:00:00,2010-05-19 00:00:00,"Influenza virus vaccine, split virus, 3 years and above dosage, for intramuscular or jet injection use"
2517,2529.0,10353046514,114734863,2014-09-22 00:00:00,2015-07-10 00:00:00,Furosemide (lasix) - LMR 323
2518,2530.0,10777878387,114734863,2007-05-22 00:00:00,2007-08-19 00:00:00,Metformin extended release (glucophagexr) - LMR 3502
2519,2531.0,10503188363,114734863,2008-01-13 15:36:23,2008-01-13 15:36:23,Metformin extended release (glucophagexr) - LMR 3502
2520,2532.0,10503188363,114734863,2008-01-13 15:36:23,2008-01-13 15:36:23,Acetylsalicylic acid (asa aspirin ecotrin) - LMR 15
2521,2533.0,10626158382,114734863,2008-01-14 00:00:00,2008-01-27 04:06:48,Fexofenadine hcl (allegra) - LMR 2387
2522,2534.0,10503188363,114734863,2008-01-13 15:36:23,2008-01-13 15:36:23,Citalopram (celexa) - LMR 3115
2523,2535.0,10666598469,114734863,2009-10-14 00:00:00,2009-10-14 00:00:00,Multivitamin Tablet
2524,2536.0,10486070449,114734863,2012-01-09 00:00:00,2012-01-09 00:00:00,Diphenhydramine hcl (benadryl) - LMR 238
2525,2537.0,10503188363,114734863,2008-01-13 15:36:23,2008-01-13 15:36:23,Insulin 70/30 (human) - LMR 950
2526,2538.0,10503188363,114734863,2008-01-13 15:36:23,2008-01-13 15:36:23,Metoprolol succinate extended release (toprolxl) - LMR 964
2527,2539.0,10359510367,114734863,2014-08-25 00:00:00,2014-09-20 00:00:00,Insulin 70/30 (human) - LMR 950
2528,2540.0,10310817605,114734863,2012-01-09 00:00:00,2012-01-09 00:00:00,Erythromycin ophthalmic ointment (ilotycin) - LMR 3427
2529,2541.0,10756961397,114734863,2011-07-26 00:00:00,2011-07-26 00:00:00,Felodipine - LMR 1212
2530,2542.0,10217455268,114734863,2010-04-24 00:00:00,2010-04-24 00:00:00,Albuterol inhaler hfa (albuterol hfa mdi) - LMR 3212
2531,2543.0,10271225614,114734863,2011-06-18 00:00:00,2013-09-04 00:00:00,Vitamin d 3 -oncall
2532,2544.0,10605939982,114734863,2013-06-10 00:00:00,2013-02-16 00:00:00,Venlafaxine extended release (effexor sr) - LMR 3285
2533,2545.0,10796221877,114734863,2014-09-22 00:00:00,2014-08-25 00:00:00,Citalopram (celexa) - LMR 3115
2534,2546.0,10632657392,114734863,2014-09-03 00:00:00,2011-07-26 00:00:00,Felodipine - LMR 1212
2535,2547.0,10759499975,114734863,2010-10-30 00:00:00,2014-07-23 00:00:00,Hydrochlorothiazide-oncall
2536,2548.0,10626158382,114734863,2008-01-14 00:00:00,2013-03-07 00:59:35,Fluticasone propionate/salmeterol 250/50 (advair diskus 250/50)- lmr 3623
2537,2549.0,10396955731,114734863,2012-03-19 00:00:00,2012-03-19 00:00:00,Venlafaxine extended release (effexor sr) - LMR 3285
2538,2550.0,10602699444,114734863,2014-08-24 00:00:00,2016-11-09 00:00:00,Imdur-oncall
2539,2551.0,10626158382,114734863,2008-01-25 00:00:00,2013-03-07 00:59:35,Insulin 70/30 (human) - LMR 950
2540,2552.0,10399629937,114734863,2014-09-22 00:00:00,2014-09-25 00:00:00,Latanoprost (xalatan) - LMR 2401
2541,2553.0,10246582718,114734863,2012-01-09 00:00:00,2012-01-09 00:00:00,Tadalafil (cialis) - LMR 4317
2542,2554.0,10666598469,114734863,2011-07-26 00:00:00,2017-04-11 00:00:00,Albuterol Sulfate Hfa 90 mcg/Actuation Aerosol Inhaler
2543,2555.0,10244172254,114734863,2008-01-14 00:00:00,2008-01-14 00:00:00,Nitroglycerin 2% ointment
2544,2556.0,10594046103,114734863,2009-12-08 00:00:00,2010-06-30 00:00:00,Insulin 70/30 (human) - LMR 950
2545,2557.0,10626158382,114734863,2008-01-14 00:00:00,2008-01-27 04:06:48,Rosuvastatin (crestor) - LMR 4372
2546,2558.0,10666598469,114734863,2010-10-30 00:00:00,2017-11-20 00:00:00,"Felodipine Er 5 mg Tablet,Extended Release 24 Hr"
2547,2559.0,10664893451,114734863,2013-06-10 00:00:00,2011-07-26 00:00:00,Atenolol (tenormin) - LMR 61
2548,2560.0,10626158382,114734863,2008-01-25 00:00:00,2008-01-27 04:06:48,Levofloxacin (levaquin) - LMR 2455
2549,2561.0,10626158382,114734863,2008-01-14 00:00:00,2013-03-07 00:59:35,Acetaminophen (tylenol) - LMR 4
2550,2562.0,13594935397,114734863,2022-07-10 00:00:00,2022-07-16 00:00:00,TORSEMIDE 20 MG TABLET
2551,2563.0,13590480422,114734863,2022-06-17 00:00:00,2022-06-24 00:00:00,INSULIN LISPRO (U-100) 100 UNIT/ML SUBCUTANEOUS SOLUTION
2552,2564.0,13594935397,114734863,2022-07-06 00:00:00,2022-07-16 00:00:00,CITALOPRAM 20 MG TABLET
2553,2565.0,13590480422,114734863,2022-06-15 00:00:00,2022-06-19 00:00:00,CEFEPIME IVPB 1 G (50 ML) MBP
2554,2566.0,13590480422,114734863,2022-06-14 00:00:00,2022-06-25 00:00:00,TIOTROPIUM BROMIDE 18 MCG CAPSULE WITH INHALATION DEVICE
2555,2567.0,13594935397,114734863,2022-07-05 00:00:00,2022-07-07 00:00:00,FAMOTIDINE 20 MG TABLET
2556,2568.0,13590480422,114734863,2022-06-19 00:00:00,2022-06-25 00:00:00,"NYSTATIN 100,000 UNIT/GRAM TOPICAL OINTMENT"
2557,2569.0,13590480422,114734863,2022-06-14 00:00:00,2022-06-25 00:00:00,TAMSULOSIN 0.4 MG CAPSULE
2558,2570.0,13594935397,114734863,2022-07-13 00:00:00,2022-07-16 00:00:00,"NYSTATIN 100,000 UNIT/GRAM TOPICAL POWDER"
2559,2571.0,13594935397,114734863,2022-07-07 00:00:00,2022-07-13 00:00:00,FAMOTIDINE 20 MG TABLET
2560,2572.0,13590480422,114734863,2022-06-14 00:00:00,2022-06-25 00:00:00,BUMETANIDE 1 MG TABLET
2561,2573.0,13590480422,114734863,2022-06-16 00:00:00,2022-06-25 00:00:00,"HEPARIN (PORCINE) 5,000 UNIT/ML INJECTION SOLUTION"
2562,2574.0,13594935397,114734863,2022-07-05 00:00:00,2022-07-16 00:00:00,BRIMONIDINE 0.15 % EYE DROPS
2563,2575.0,13594935397,114734863,2022-07-10 00:00:00,2022-07-16 00:00:00,TORSEMIDE 20 MG TABLET
2564,2576.0,13590480422,114734863,2022-06-14 00:00:00,2022-06-25 00:00:00,BUMETANIDE 1 MG TABLET
2565,2577.0,13590480422,114734863,2022-06-15 00:00:00,2022-06-25 00:00:00,IPRATROPIUM 0.5 MG-ALBUTEROL 3 MG (2.5 MG BASE)/3 ML NEBULIZATION SOLN
2566,2578.0,13594935397,114734863,2022-07-05 00:00:00,2022-07-13 00:00:00,HYDROXYZINE HCL 25 MG TABLET
2567,2579.0,13594935397,114734863,2022-07-12 00:00:00,2022-07-14 00:00:00,METOPROLOL TARTRATE 25 MG TABLET
2568,2580.0,13590480422,114734863,2022-06-14 00:00:00,2022-06-15 00:00:00,PIPERACILLIN-TAZOBACTAM IVPB 3.375 G (50 ML) MBP
2569,2581.0,13666222513,114734863,2023-07-03 00:00:00,2023-07-03 00:00:00,BRIMONIDINE 0.2 % EYE DROPS
2570,2582.0,13666663225,114734863,2023-06-24 00:00:00,2023-06-25 00:00:00,DEXTROSE 50 % IN WATER (D50W) INTRAVENOUS SYRINGE
2571,2583.0,13602759294,114734863,2022-08-20 00:00:00,2022-08-27 00:00:00,VANCOMYCIN 125 MG CAPSULE
2572,2584.0,13602759294,114734863,2022-08-16 00:00:00,2022-08-24 00:00:00,METOPROLOL TARTRATE 25 MG TABLET
2573,2585.0,13602759294,114734863,2022-08-20 00:00:00,2022-08-27 00:00:00,BUMETANIDE 1 MG TABLET
2574,2586.0,13622256715,114734863,2022-12-17 00:00:00,2022-12-18 00:00:00,SODIUM CHLORIDE 0.9 % (FLUSH) INJECTION SYRINGE
2575,2587.0,13628345654,114734863,2022-12-19 00:00:00,2023-06-05 00:00:00,APIXABAN 2.5 MG TABLET
2576,2588.0,13602759294,114734863,2022-08-16 00:00:00,2022-08-27 00:00:00,BRIMONIDINE 0.15 % EYE DROPS
2577,2589.0,13602759294,114734863,2022-08-16 00:00:00,2022-08-27 00:00:00,"CHOLECALCIFEROL (VITAMIN D3) 25 MCG (1,000 UNIT) TABLET"
2578,2590.0,10503188363,114734863,2008-01-13 15:36:23,2008-01-13 15:36:23,Multivitamins (mvi centrum) - LMR 510
2579,2591.0,10626158382,114734863,2008-01-14 00:00:00,2008-01-27 04:06:48,Aspirin enteric coated (ecotrin) - LMR 59
2580,2592.0,10503188363,114734863,2008-01-13 15:36:23,2008-01-13 15:36:23,Rosuvastatin (crestor) - LMR 4372
2581,2593.0,10578684351,114734863,2005-07-24 00:00:00,2008-02-13 00:00:00,Novolog insulin-oncall
2582,2594.0,10524065196,114734863,2010-03-05 00:00:00,2015-06-21 00:00:00,Glucophage-oncall
2583,2595.0,10320473406,114734863,2005-07-23 00:00:00,2005-12-17 00:00:00,Levaquin-oncall
2584,2596.0,10666598469,114734863,2008-01-07 00:00:00,2017-09-06 00:00:00,"Aspirin 81 mg Tablet,Delayed Release"
2585,2597.0,10607350427,114734863,2015-01-06 00:00:00,2008-04-22 00:00:00,Metformin (glucophage) - LMR 1084
2586,2598.0,10762379646,114734863,2013-06-10 00:00:00,2011-07-26 00:00:00,Albuterol inhaler hfa (albuterol hfa mdi) - LMR 3212
2587,2599.0,10475846015,114734863,2014-07-28 00:00:00,2014-07-28 00:00:00,"Transthoracic echocardiography with contrast, or without contrast followed by with contrast, real-time with image documentation (2d), includes m-mode recording, when performed, complete, with spectral doppler echocardiography, and with color flow doppler echocardiography"
2588,2600.0,10335895826,114734863,2013-09-30 00:00:00,2013-09-24 00:00:00,Atorvastatin(- lmr 2027
2589,2601.0,10503188363,114734863,2008-01-13 15:36:22,2008-01-13 15:36:22,Felodipine - LMR 1212
2590,2602.0,10650201307,114734863,2009-06-29 00:00:00,2009-06-29 00:00:00,"Influenza virus vaccine, split virus, 3 years and above dosage, for intramuscular or jet injection use"
2591,2603.0,10244172254,114734863,2008-01-23 00:00:00,2008-01-25 00:00:00,Furosemide 40mg tablet
2592,2604.0,10424715375,114734863,2013-11-26 00:00:00,2014-01-05 00:00:00,Red yeast rice-oncall
2593,2605.0,13627460525,114734863,2022-12-17 00:00:00,2022-12-17 00:00:00,MIDAZOLAM (PF) 1 MG/ML INJECTION SOLUTION
2594,2606.0,13602759294,114734863,2022-08-16 00:00:00,2022-08-27 00:00:00,"CHOLECALCIFEROL (VITAMIN D3) 25 MCG (1,000 UNIT) TABLET"
2595,2607.0,13602759294,114734863,2022-08-19 00:00:00,2022-08-27 00:00:00,INSULIN LISPRO (U-100) 100 UNIT/ML SUBCUTANEOUS SOLUTION
2596,2608.0,13602759294,114734863,2022-08-21 00:00:00,2022-08-27 00:00:00,"NYSTATIN 100,000 UNIT/GRAM TOPICAL POWDER"
2597,2609.0,13602759294,114734863,2022-08-16 00:00:00,2022-08-27 00:00:00,APIXABAN 2.5 MG TABLET
2598,2610.0,13602759294,114734863,2022-08-16 00:00:00,2022-08-27 00:00:00,"CHOLECALCIFEROL (VITAMIN D3) 25 MCG (1,000 UNIT) TABLET"
2599,2611.0,13666222513,114734863,2023-07-03 00:00:00,2023-07-04 00:00:00,DEXTROSE 50 % IN WATER (D50W) INTRAVENOUS SYRINGE
2600,2612.0,13602759294,114734863,2022-08-16 00:00:00,2022-08-27 00:00:00,BRIMONIDINE 0.15 % EYE DROPS
2601,2613.0,13602759294,114734863,2022-08-16 00:00:00,2022-08-27 00:00:00,APIXABAN 2.5 MG TABLET
2602,2614.0,13622256715,114734863,2022-12-17 00:00:00,2022-12-17 00:00:00,LIDOCAINE HCL 10 MG/ML (1 %) INJECTION SOLUTION
2603,2615.0,13602759294,114734863,2022-08-16 00:00:00,2022-08-27 00:00:00,ASPIRIN 81 MG CHEWABLE TABLET
2604,2616.0,10567598315,114734863,2012-07-09 00:00:00,2012-10-29 00:00:00,Tylenol with codeine #3 -oncall
2605,2617.0,10503188363,114734863,2008-01-13 15:36:23,2008-01-13 15:36:23,Rosuvastatin (crestor) - LMR 4372
2606,2618.0,10626158382,114734863,2008-01-14 00:00:00,2008-01-27 04:06:48,Furosemide (lasix) - LMR 323
2607,2619.0,10666598469,114734863,2014-04-26 00:00:00,2016-12-05 00:00:00,Ezetimibe 10 mg Tablet
2608,2620.0,10503188363,114734863,2008-01-13 15:36:23,2008-01-13 15:36:23,Citalopram (celexa) - LMR 3115
2609,2621.0,10503188363,114734863,2008-01-13 15:36:22,2008-01-13 15:36:22,Ramipril (altace) - LMR 970
2610,2622.0,10630986525,114734863,2013-09-04 00:00:00,2014-02-26 00:00:00,Resveratrol-oncall
2611,2623.0,10503188363,114734863,2008-01-13 15:36:23,2008-01-13 15:36:23,Acetylsalicylic acid (asa aspirin ecotrin) - LMR 15
2612,2624.0,10602699444,114734863,2008-01-07 00:00:00,2016-11-09 00:00:00,Aspirin-oncall
2613,2625.0,10304826671,114734863,2014-08-25 00:00:00,2014-08-25 00:00:00,Venlafaxine extended release (effexor sr) - LMR 3285
2614,2626.0,10711833604,114734863,2008-04-22 00:00:00,2008-04-22 00:00:00,Irbesartan (avapro) - LMR 2934
2615,2627.0,10199608362,114734863,2005-07-04 00:00:00,2005-07-04 00:00:00,"Influenza virus vaccine, split virus, 3 years and above dosage, for intramuscular or jet injection use"
2616,2628.0,10666598469,114734863,2008-01-07 00:00:00,2017-09-06 00:00:00,"Aspirin 81 mg Tablet,Delayed Release"
2617,2629.0,10626158382,114734863,2008-01-14 00:00:00,2013-03-07 00:59:35,Acetaminophen (tylenol) - LMR 4
2618,2630.0,10306718013,114734863,2012-05-07 00:00:00,2012-05-07 00:00:00,"Influenza virus vaccine, split virus, 3 years and above dosage, for intramuscular or jet injection use"
2619,2631.0,10626158382,114734863,2008-01-25 00:00:00,2008-01-27 04:06:48,Insulin 70/30 (human) - LMR 950
2620,2632.0,10666598469,114734863,2010-10-30 00:00:00,2017-11-20 00:00:00,"Felodipine Er 5 mg Tablet,Extended Release 24 Hr"
2621,2633.0,10503188363,114734863,2008-01-13 15:36:23,2008-01-13 15:36:23,Loratadine (claritin) - LMR 1019
2622,2634.0,10371208530,114734863,2016-07-11 00:00:00,2016-07-11 00:00:00,Theophylline (qd dosing) - LMR 733
2623,2635.0,10749386720,114734863,2013-09-30 00:00:00,2013-09-30 00:00:00,Venlafaxine extended release (effexor sr) - LMR 3285
2624,2636.0,10257983873,114734863,2016-02-02 00:00:00,2015-12-29 00:00:00,Ezetimibe (zetia) - LMR 4048
2625,2637.0,13602759294,114734863,2022-08-19 00:00:00,2022-08-27 00:00:00,INSULIN LISPRO (U-100) 100 UNIT/ML SUBCUTANEOUS SOLUTION
2626,2638.0,13602759294,114734863,2022-08-16 00:00:00,2022-08-27 00:00:00,TAMSULOSIN 0.4 MG CAPSULE
2627,2639.0,13602759294,114734863,2022-08-16 00:00:00,2022-08-27 00:00:00,ASPIRIN 81 MG CHEWABLE TABLET
2628,2640.0,13668231746,114734863,2023-07-03 00:00:00,2023-07-03 00:00:00,LIDOCAINE HCL 20 MG/ML (2 %) INJECTION SOLUTION
2629,2641.0,13630561206,114734863,2022-12-31 00:00:00,2023-02-05 00:00:00,REPATHA SURECLICK 140 MG/ML SUBCUTANEOUS PEN INJECTOR
2630,2642.0,13627887482,114734863,2022-12-18 00:00:00,2022-12-18 00:00:00,FAMOTIDINE 20 MG TABLET
2631,2643.0,13602759294,114734863,2022-08-25 00:00:00,2022-08-27 00:00:00,"METOPROLOL SUCCINATE ER 25 MG TABLET,EXTENDED RELEASE 24 HR"
2632,2644.0,13602759294,114734863,2022-08-20 00:00:00,2022-08-27 00:00:00,METRONIDAZOLE 250 MG TABLET
2633,2645.0,13602759294,114734863,2022-08-16 00:00:00,2022-08-24 00:00:00,METOPROLOL TARTRATE 25 MG TABLET
2634,2646.0,13602759294,114734863,2022-08-16 00:00:00,2022-08-27 00:00:00,FLUTICASONE 250 MCG-SALMETEROL 50 MCG/DOSE BLISTR POWDR FOR INHALATION
2635,2647.0,13602759294,114734863,2022-08-16 00:00:00,2022-08-27 00:00:00,TIOTROPIUM BROMIDE 18 MCG CAPSULE WITH INHALATION DEVICE
2636,2648.0,13649533700,114734863,2023-04-04 00:00:00,2023-04-04 00:00:00,MIDAZOLAM (PF) 1 MG/ML INJECTION SOLUTION
2637,2649.0,13663559574,114734863,2023-06-11 00:00:00,2023-06-11 00:00:00,MUPIROCIN CALCIUM 2 % TOPICAL CREAM
2638,2650.0,13602759294,114734863,2022-08-16 00:00:00,2022-08-27 00:00:00,"ISOSORBIDE MONONITRATE ER 30 MG TABLET,EXTENDED RELEASE 24 HR"
2639,2651.0,13602759294,114734863,2022-08-16 00:00:00,2022-08-27 00:00:00,DEXTROSE 50 % IN WATER (D50W) INTRAVENOUS SYRINGE
2640,2652.0,13602759294,114734863,2022-08-16 00:00:00,2022-08-19 00:00:00,INSULIN LISPRO (U-100) 100 UNIT/ML SUBCUTANEOUS SOLUTION
2641,2653.0,13666663225,114734863,2023-06-25 00:00:00,2023-06-25 00:00:00,BUMETANIDE 1 MG TABLET
2642,2654.0,13602759294,114734863,2022-08-16 00:00:00,2022-08-27 00:00:00,APIXABAN 2.5 MG TABLET
2643,2655.0,13602759294,114734863,2022-08-16 00:00:00,2022-08-27 00:00:00,FLUTICASONE 250 MCG-SALMETEROL 50 MCG/DOSE BLISTR POWDR FOR INHALATION
2644,2656.0,10632813236,114734863,2011-06-18 00:00:00,2011-06-18 00:00:00,"Influenza virus vaccine, split virus, 3 years and above dosage, for intramuscular or jet injection use"
2645,2657.0,10212872543,114734863,2014-09-22 00:00:00,2011-07-26 00:00:00,Hydrochlorothiazide (hctz) - LMR 353
2646,2658.0,10626158382,114734863,2008-01-14 00:00:00,2013-03-07 00:59:35,Atenolol (tenormin) - LMR 61
2647,2659.0,10602699444,114734863,2008-03-17 00:00:00,2016-11-09 00:00:00,Advair-oncall
2648,2660.0,10711240435,114734863,2015-07-29 00:00:00,2011-07-26 00:00:00,Felodipine - LMR 1212
2649,2661.0,10626158382,114734863,2008-01-14 00:00:00,2008-01-27 04:06:48,Acetaminophen (tylenol) - LMR 4
2650,2662.0,10353628729,114734863,2011-09-11 00:00:00,2012-09-05 00:00:00,Insulin 70/30 (human) - LMR 950
2651,2663.0,10331318815,114734863,2008-04-30 00:00:00,2008-04-30 00:00:00,"Pneumococcal polysaccharide vaccine, 23-valent, adult or immunosuppressed patient dosage, for use in individuals 2 years or older, for subcutaneous or intramuscular use"
2652,2664.0,10320473406,114734863,2005-07-24 00:00:00,2005-12-17 00:00:00,Vytorin-oncall
2653,2665.0,13590480422,114734863,2022-06-14 00:00:00,2022-06-22 00:00:00,ACETAMINOPHEN 325 MG TABLET
2654,2666.0,13594935397,114734863,2022-07-05 00:00:00,2022-07-13 00:00:00,"HEPARIN (PORCINE) 5,000 UNIT/ML INJECTION SOLUTION"
2655,2667.0,13590480422,114734863,2022-06-14 00:00:00,2022-06-25 00:00:00,CITALOPRAM 20 MG TABLET
2656,2668.0,13590480422,114734863,2022-06-15 00:00:00,2022-06-25 00:00:00,IPRATROPIUM 0.5 MG-ALBUTEROL 3 MG (2.5 MG BASE)/3 ML NEBULIZATION SOLN
2657,2669.0,13590480422,114734863,2022-06-14 00:00:00,2022-06-25 00:00:00,"CHOLECALCIFEROL (VITAMIN D3) 25 MCG (1,000 UNIT) TABLET"
2658,2670.0,13594935397,114734863,2022-07-13 00:00:00,2022-07-16 00:00:00,APIXABAN 2.5 MG TABLET
2659,2671.0,13594935397,114734863,2022-07-14 00:00:00,2022-07-16 00:00:00,FAMOTIDINE 20 MG TABLET
2660,2672.0,13590480422,114734863,2022-06-25 00:00:00,2022-07-16 00:00:00,LORATADINE 10 MG TABLET
2661,2673.0,13594935397,114734863,2022-07-16 00:00:00,2022-08-07 00:00:00,METOPROLOL TARTRATE 37.5 MG TABLET
2662,2674.0,13590480422,114734863,2022-06-14 00:00:00,2022-06-22 00:00:00,ACETAMINOPHEN 325 MG TABLET
2663,2675.0,13594935397,114734863,2022-07-05 00:00:00,2022-07-13 00:00:00,HYDROXYZINE HCL 25 MG TABLET
2664,2676.0,13590480422,114734863,2022-06-14 00:00:00,2022-06-22 00:00:00,ACETAMINOPHEN 325 MG TABLET
2665,2677.0,13594935397,114734863,2022-07-05 00:00:00,2022-07-05 00:00:00,HYDROXYZINE HCL 25 MG TABLET
2666,2678.0,13594935397,114734863,2022-07-05 00:00:00,2022-07-10 00:00:00,"ISOSORBIDE MONONITRATE ER 30 MG TABLET,EXTENDED RELEASE 24 HR"
2667,2679.0,13594935397,114734863,2022-07-14 00:00:00,2022-07-16 00:00:00,FAMOTIDINE 20 MG TABLET
2668,2680.0,13594935397,114734863,2022-07-05 00:00:00,2022-07-13 00:00:00,CETIRIZINE 10 MG TABLET
2669,2681.0,13594935397,114734863,2022-07-11 00:00:00,2022-07-16 00:00:00,CHOLECALCIFEROL (VITAMIN D3) 10 MCG (400 UNIT) TABLET
2670,2682.0,13594935397,114734863,2022-07-12 00:00:00,2022-07-14 00:00:00,METOPROLOL TARTRATE 25 MG TABLET
2671,2683.0,13590480422,114734863,2022-06-14 00:00:00,2022-06-25 00:00:00,"ISOSORBIDE MONONITRATE ER 30 MG TABLET,EXTENDED RELEASE 24 HR"
2672,2684.0,13594935397,114734863,2022-07-07 00:00:00,2022-07-13 00:00:00,FAMOTIDINE 20 MG TABLET
2673,2685.0,13590480422,114734863,2022-06-17 00:00:00,2022-06-24 00:00:00,INSULIN LISPRO (U-100) 100 UNIT/ML SUBCUTANEOUS SOLUTION
2674,2686.0,13594935397,114734863,2022-07-05 00:00:00,2022-07-13 00:00:00,FLUOCINOLONE 0.025 % TOPICAL CREAM
2675,2687.0,13594935397,114734863,2022-07-11 00:00:00,2022-07-16 00:00:00,CHOLECALCIFEROL (VITAMIN D3) 10 MCG (400 UNIT) TABLET
2676,2688.0,13594935397,114734863,2022-07-05 00:00:00,2022-07-13 00:00:00,"HEPARIN (PORCINE) 5,000 UNIT/ML INJECTION SOLUTION"
2677,2689.0,13594935397,114734863,2022-07-06 00:00:00,2022-07-16 00:00:00,CITALOPRAM 20 MG TABLET
2678,2690.0,10503188363,114734863,2008-01-13 15:36:23,2008-01-13 15:36:23,Acetylsalicylic acid (asa aspirin ecotrin) - LMR 15
2679,2691.0,10444083251,114734863,2014-09-03 00:00:00,2012-01-09 00:00:00,Losartan (cozaar) - LMR 1971
2680,2692.0,10641809623,114734863,2012-01-09 00:00:00,2012-01-09 00:00:00,Topiramate (topamax) - LMR 2185
2681,2693.0,10503188363,114734863,2008-01-13 15:36:23,2008-01-13 15:36:23,Insulin 70/30 (human) - LMR 950
2682,2694.0,10514891271,114734863,2015-07-29 00:00:00,2011-07-26 00:00:00,Hydrochlorothiazide (hctz) - LMR 353
2683,2695.0,10244172254,114734863,2008-01-20 00:00:00,2008-01-20 00:00:00,Prilosec 20mg enteric coated capsule
2684,2696.0,10454517074,114734863,2014-08-25 00:00:00,2011-07-26 00:00:00,Atenolol (tenormin) - LMR 61
2685,2697.0,10204767235,114734863,2015-06-21 00:00:00,2015-11-18 00:00:00,Metformin hydrochloride er-oncall
2686,2698.0,10602699444,114734863,2003-01-15 00:00:00,2016-11-09 00:00:00,Celexa-oncall
2687,2699.0,10271225614,114734863,2009-12-29 00:00:00,2013-09-04 00:00:00,Zocor-oncall
2688,2700.0,10208739576,114734863,2009-07-15 00:00:00,2009-07-18 00:00:00,Avapro-oncall
2689,2701.0,10503188363,114734863,2008-01-13 15:36:23,2008-01-13 15:36:23,Citalopram (celexa) - LMR 3115
2690,2702.0,10737784586,114734863,2007-02-05 00:00:00,2007-02-05 00:00:00,Loratadine (claritin) - LMR 1019
2691,2703.0,10448774542,114734863,2009-07-05 00:00:00,2010-06-30 00:00:00,Insulin 70/30 (human) - LMR 950
2692,2704.0,10503188363,114734863,2008-01-13 15:36:23,2008-01-13 15:36:23,Insulin nph human (humulin n) - LMR 384
2693,2705.0,10585240209,114734863,2008-11-19 00:00:00,2009-07-15 00:00:00,Lisinopril-oncall
2694,2706.0,10420060158,114734863,2013-12-07 00:00:00,2008-04-22 00:00:00,Metformin (glucophage) - LMR 1084
2695,2707.0,10602699444,114734863,2014-07-15 00:00:00,2016-11-09 00:00:00,Furosemide-oncall
2696,2708.0,10271225614,114734863,2009-10-14 00:00:00,2013-09-04 00:00:00,Fish oil-oncall
2697,2709.0,10626158382,114734863,2008-01-14 00:00:00,2013-03-07 00:59:35,Rosuvastatin (crestor) - LMR 4372
2698,2710.0,10218656419,114734863,2014-07-23 00:00:00,2015-01-06 00:00:00,Vitamin d-oncall
2699,2711.0,10626158382,114734863,2008-01-14 00:00:00,2008-01-27 04:06:48,Furosemide (lasix) - LMR 323
2700,2712.0,10626158382,114734863,2008-01-25 00:00:00,2013-03-07 00:59:35,Levofloxacin (levaquin) - LMR 2455
2701,2713.0,10610261656,114734863,2013-06-10 00:00:00,2011-07-26 00:00:00,Hydrochlorothiazide (hctz) - LMR 353
2702,2714.0,10342660166,114734863,2015-07-29 00:00:00,2016-01-08 00:00:00,Theophylline (qd dosing) - LMR 733
2703,2715.0,10476156641,114734863,2014-09-03 00:00:00,2014-08-25 00:00:00,Citalopram (celexa) - LMR 3115
2704,2716.0,10503188363,114734863,2008-01-13 15:36:23,2008-01-13 15:36:23,Rosuvastatin (crestor) - LMR 4372
2705,2717.0,10626158382,114734863,2008-01-25 00:00:00,2008-01-27 04:06:48,Insulin 70/30 (human) - LMR 950
2706,2718.0,10771386477,114734863,2008-03-17 00:00:00,2008-03-18 00:00:00,Altace-oncall
2707,2719.0,10761927779,114734863,2012-01-09 00:00:00,2012-01-09 00:00:00,Gentamicin oph 0.3% oint - LMR 3012
2708,2720.0,10503188363,114734863,2008-01-13 15:36:23,2008-01-13 15:36:23,Insulin nph human (humulin n) - LMR 384
2709,2721.0,10711795464,114734863,2014-01-05 00:00:00,2014-03-31 00:00:00,Pravastatin-oncall
2710,2722.0,10329396139,114734863,2014-08-25 00:00:00,2012-01-09 00:00:00,Losartan (cozaar) - LMR 1971
2711,2723.0,10706268161,114734863,2014-04-07 00:00:00,2008-04-22 00:00:00,Metformin (glucophage) - LMR 1084
2712,2724.0,10759499975,114734863,2010-10-30 00:00:00,2014-07-23 00:00:00,Hydrochlorothiazide-oncall
2713,2725.0,10335925276,114734863,2006-10-17 00:00:00,2006-10-17 00:00:00,Carbamide peroxide 10% - LMR 114
2714,2726.0,10556623160,114734863,2011-03-01 00:00:00,2011-03-01 00:00:00,Byetta (exenatide) - LMR 5176
2715,2727.0,10503188363,114734863,2008-01-13 15:36:22,2008-01-13 15:36:22,Felodipine - LMR 1212
2716,2728.0,10351251466,114734863,2014-09-03 00:00:00,2014-09-20 00:00:00,Insulin 70/30 (human) - LMR 950
2717,2729.0,10244172254,114734863,2008-01-19 00:00:00,2008-01-19 00:00:00,Sucralfate 1gm tablet
2718,2730.0,10626158382,114734863,2008-01-14 00:00:00,2008-01-27 04:06:48,Furosemide (lasix) - LMR 323
2719,2731.0,10215976192,114734863,2013-05-28 00:00:00,2013-05-28 00:00:00,"Influenza virus vaccine, split virus, when administered to individuals 3 years of age and older, for intramuscular use (not otherwise specified)"
2720,2732.0,10649109901,114734863,2014-09-03 00:00:00,2014-08-25 00:00:00,Venlafaxine extended release (effexor sr) - LMR 3285
2721,2733.0,10666598469,114734863,2008-06-18 00:00:00,2017-06-24 00:00:00,Claritin Oral
2722,2734.0,10626158382,114734863,2008-01-14 00:00:00,2008-01-27 04:06:48,Atenolol (tenormin) - LMR 61
2723,2735.0,13297942545,114734863,2016-11-26 00:00:00,2017-06-17 00:00:00,EVOLOCUMAB 140 MG/ML SUBCUTANEOUS PEN INJECTOR
2724,2736.0,13312987021,114734863,2017-04-12 00:00:00,2019-09-11 00:00:00,FLUTICASONE 250 MCG-SALMETEROL 50 MCG/DOSE BLISTR POWDR FOR INHALATION
2725,2737.0,10626158382,114734863,2008-01-14 00:00:00,2013-03-07 00:59:35,Fluticasone propionate/salmeterol 250/50 (advair diskus 250/50)- lmr 3623
2726,2738.0,10666598469,114734863,2008-02-13 00:00:00,2017-06-24 00:00:00,Atenolol 50 mg Tablet
2727,2739.0,10787589109,114734863,2014-08-25 00:00:00,2011-07-26 00:00:00,Felodipine - LMR 1212
2728,2740.0,10332597116,114734863,2013-12-07 00:00:00,2014-09-20 00:00:00,Insulin 70/30 (human) - LMR 950
2729,2741.0,10401572248,114734863,2010-10-24 00:00:00,2010-10-24 00:00:00,"Injection, gadolinium-based magnetic resonance contrast agent, not otherwise specified (nos), per ml"
2730,2742.0,10666598469,114734863,2010-10-30 00:00:00,2017-11-20 00:00:00,"Felodipine Er 5 mg Tablet,Extended Release 24 Hr"
2731,2743.0,10503188363,114734863,2008-01-13 15:36:23,2008-01-13 15:36:23,Metoprolol succinate extended release (toprolxl) - LMR 964
2732,2744.0,10204767235,114734863,2015-06-21 00:00:00,2015-11-18 00:00:00,Metformin hydrochloride er-oncall
2733,2745.0,10503188363,114734863,2008-01-13 15:36:23,2008-01-13 15:36:23,Citalopram (celexa) - LMR 3115
2734,2746.0,10626158382,114734863,2008-01-14 00:00:00,2008-01-27 04:06:48,Atenolol (tenormin) - LMR 61
2735,2747.0,10564492645,114734863,2011-07-26 00:00:00,2011-07-26 00:00:00,Albuterol inhaler hfa (albuterol hfa mdi) - LMR 3212
2736,2748.0,10308658522,114734863,2014-08-25 00:00:00,2014-08-25 00:00:00,Citalopram (celexa) - LMR 3115
2737,2749.0,10218656419,114734863,2014-07-23 00:00:00,2015-01-06 00:00:00,Vitamin d-oncall
2738,2750.0,10793418529,114734863,2014-04-07 00:00:00,2012-01-09 00:00:00,Losartan (cozaar) - LMR 1971
2739,2751.0,10300880619,114734863,2012-01-09 00:00:00,2012-01-09 00:00:00,Meclizine hcl (antivert) - LMR 450
2740,2752.0,10287585666,114734863,2014-08-25 00:00:00,2013-09-24 00:00:00,Atorvastatin(- lmr 2027
2741,2753.0,10387975477,114734863,2016-10-04 00:00:00,2016-10-04 00:00:00,"Injection, Dobutamine Hydrochloride, Per 250 Mg"
2742,2754.0,10465374496,114734863,2014-04-07 00:00:00,2013-09-24 00:00:00,Atorvastatin(- lmr 2027
2743,2755.0,10279148378,114734863,2014-03-22 00:00:00,2014-03-22 00:00:00,"Tetanus, diphtheria toxoids and acellular pertussis vaccine (Tdap), for use in individuals 7 years or older, for intramuscular use"
2744,2756.0,10585240209,114734863,2008-11-19 00:00:00,2009-07-15 00:00:00,Lisinopril-oncall
2745,2757.0,10626158382,114734863,2008-01-14 00:00:00,2013-03-07 00:59:35,Aspirin enteric coated (ecotrin) - LMR 59
2746,2758.0,10626158382,114734863,2008-01-14 00:00:00,2013-03-07 00:59:35,Furosemide (lasix) - LMR 323
2747,2759.0,10666598469,114734863,2008-01-07 00:00:00,2017-09-06 00:00:00,"Aspirin 81 mg Tablet,Delayed Release"
2748,2760.0,10733447150,114734863,2008-09-11 00:00:00,2008-09-16 00:00:00,Diphenhydramine hcl (benadryl) - LMR 238
2749,2761.0,10524039481,114734863,2015-06-02 00:00:00,2015-09-30 00:00:00,Furosemide (lasix) - LMR 323
2750,2762.0,10589446354,114734863,2003-01-15 00:00:00,2006-09-25 00:00:00,Norvasc-oncall
2751,2763.0,10656440297,114734863,2015-07-29 00:00:00,2014-08-25 00:00:00,Citalopram (celexa) - LMR 3115
2752,2764.0,10769070913,114734863,2013-09-30 00:00:00,2011-07-26 00:00:00,Hydrochlorothiazide (hctz) - LMR 353
2753,2765.0,13590480422,114734863,2022-06-14 00:00:00,2022-06-17 00:00:00,INSULIN U-100 REGULAR HUMAN 100 UNIT/ML INJECTION SOLUTION
2754,2766.0,13594935397,114734863,2022-07-10 00:00:00,2022-07-16 00:00:00,TORSEMIDE 20 MG TABLET
2755,2767.0,13594935397,114734863,2022-07-10 00:00:00,2022-07-13 00:00:00,ATOVAQUONE 750 MG/5 ML ORAL SUSPENSION
2756,2768.0,13594935397,114734863,2022-07-05 00:00:00,2022-07-16 00:00:00,ALBUTEROL SULFATE HFA 90 MCG/ACTUATION AEROSOL INHALER
2757,2769.0,13594935397,114734863,2022-07-07 00:00:00,2022-07-14 00:00:00,VANCOMYCIN 125 MG CAPSULE
2758,2770.0,13590480422,114734863,2022-06-14 00:00:00,2022-06-25 00:00:00,BUMETANIDE 1 MG TABLET
2759,2771.0,13590480422,114734863,2022-06-14 00:00:00,2022-06-19 00:00:00,LOSARTAN 25 MG TABLET
2760,2772.0,13599695903,114734863,2022-08-07 00:00:00,2022-09-13 00:00:00,BUMETANIDE 2 MG TABLET
2761,2773.0,13590480422,114734863,2022-06-14 00:00:00,2022-06-25 00:00:00,TAMSULOSIN 0.4 MG CAPSULE
2762,2774.0,13590480422,114734863,2022-06-25 00:00:00,2022-07-16 00:00:00,CAMPHOR-MENTHOL 0.5 %-0.5 % LOTION
2763,2775.0,13590480422,114734863,2022-06-14 00:00:00,2022-06-25 00:00:00,ALBUTEROL SULFATE HFA 90 MCG/ACTUATION AEROSOL INHALER
2764,2776.0,13594935397,114734863,2022-07-07 00:00:00,2022-07-14 00:00:00,VANCOMYCIN 125 MG CAPSULE
2765,2777.0,13594935397,114734863,2022-07-05 00:00:00,2022-07-16 00:00:00,LATANOPROST 0.005 % EYE DROPS
2766,2778.0,13594935397,114734863,2022-07-05 00:00:00,2022-07-16 00:00:00,CAMPHOR-MENTHOL 0.5 %-0.5 % LOTION
2767,2779.0,13590480422,114734863,2022-06-15 00:00:00,2022-06-18 00:00:00,BUMETANIDE 1 MG TABLET
2768,2780.0,13594935397,114734863,2022-07-08 00:00:00,2022-07-16 00:00:00,INSULIN LISPRO (U-100) 100 UNIT/ML SUBCUTANEOUS SOLUTION
2769,2781.0,13590480422,114734863,2022-06-14 00:00:00,2022-06-25 00:00:00,LATANOPROST 0.005 % EYE DROPS
2770,2782.0,13594935397,114734863,2022-07-07 00:00:00,2022-07-14 00:00:00,VANCOMYCIN 125 MG CAPSULE
2771,2783.0,13590480422,114734863,2022-06-14 00:00:00,2022-06-25 00:00:00,"CHOLECALCIFEROL (VITAMIN D3) 25 MCG (1,000 UNIT) TABLET"
2772,2784.0,13590480422,114734863,2022-06-14 00:00:00,2022-06-25 00:00:00,CITALOPRAM 20 MG TABLET
2773,2785.0,13594935397,114734863,2022-07-05 00:00:00,2022-07-16 00:00:00,LATANOPROST 0.005 % EYE DROPS
2774,2786.0,13590480422,114734863,2022-06-14 00:00:00,2022-06-22 00:00:00,ACETAMINOPHEN 325 MG TABLET
2775,2787.0,13590480422,114734863,2022-06-14 00:00:00,2022-06-18 00:00:00,ALBUTEROL SULFATE HFA 90 MCG/ACTUATION AEROSOL INHALER
2776,2788.0,13590480422,114734863,2022-06-19 00:00:00,2022-06-25 00:00:00,"NYSTATIN 100,000 UNIT/GRAM TOPICAL OINTMENT"
2777,2789.0,10516838958,114734863,2009-12-08 00:00:00,2009-12-08 00:00:00,Omeprazole (prilosec) - LMR 564
2778,2790.0,10503188363,114734863,2008-01-13 15:36:23,2008-01-13 15:36:23,Metformin extended release (glucophagexr) - LMR 3502
2779,2791.0,10250650169,114734863,2013-09-30 00:00:00,2011-07-26 00:00:00,Atenolol (tenormin) - LMR 61
2780,2792.0,10626158382,114734863,2008-01-14 00:00:00,2008-01-27 04:06:48,Rosuvastatin (crestor) - LMR 4372
2781,2793.0,10304566088,114734863,2015-01-13 00:00:00,2016-01-08 00:00:00,Theophylline (qd dosing) - LMR 733
2782,2794.0,10244172254,114734863,2008-01-19 00:00:00,2008-01-21 00:00:00,"Injection, cefazolin Sodium, 500 Mg"
2783,2795.0,10437455866,114734863,2009-10-27 00:00:00,2009-10-27 00:00:00,Influenza vaccine-oncall
2784,2796.0,10626158382,114734863,2008-01-14 00:00:00,2008-01-27 04:06:48,Fexofenadine hcl (allegra) - LMR 2387
2785,2797.0,10503188363,114734863,2008-01-13 15:36:23,2008-01-13 15:36:23,Acetylsalicylic acid (asa aspirin ecotrin) - LMR 15
2786,2798.0,10271479626,114734863,2007-06-26 00:00:00,2007-06-26 00:00:00,"Influenza virus vaccine, split virus, 3 years and above dosage, for intramuscular or jet injection use"
2787,2799.0,10791155305,114734863,2007-06-17 00:00:00,2007-06-17 00:00:00,"Influenza virus vaccine, split virus, 3 years and above dosage, for intramuscular or jet injection use"
2788,2800.0,10771386477,114734863,2008-01-13 00:00:00,2008-03-18 00:00:00,Crestor-oncall
2789,2801.0,10729643002,114734863,2008-04-22 00:00:00,2008-04-22 00:00:00,Metformin (glucophage) - LMR 1084
2790,2802.0,10542573200,114734863,2014-09-03 00:00:00,2014-09-25 00:00:00,Latanoprost (xalatan) - LMR 2401
2791,2803.0,10626158382,114734863,2008-01-14 00:00:00,2013-03-07 00:59:35,Atenolol (tenormin) - LMR 61
2792,2804.0,10541600629,114734863,2014-08-25 00:00:00,2014-09-25 00:00:00,Latanoprost (xalatan) - LMR 2401
2793,2805.0,10631302499,114734863,2014-04-07 00:00:00,2013-09-30 00:00:00,Citalopram (celexa) - LMR 3115
2794,2806.0,10490559480,114734863,2011-07-26 00:00:00,2011-07-26 00:00:00,Atenolol (tenormin) - LMR 61
2795,2807.0,10670547400,114734863,2016-02-02 00:00:00,2015-12-29 00:00:00,Metformin (glucophage) - LMR 1084
2796,2808.0,10503188363,114734863,2008-01-13 15:36:22,2008-01-13 15:36:22,Felodipine - LMR 1212
2797,2809.0,10626158382,114734863,2008-01-14 00:00:00,2013-03-07 00:59:35,Fexofenadine hcl (allegra) - LMR 2387
2798,2810.0,10271369910,114734863,2012-05-12 00:00:00,2012-05-12 00:00:00,"Supply Of Radiopharmaceutical Diagnostic Imaging Agent, Technetium Tc 99M Sestamibi, Per Dose"
2799,2811.0,10512031202,114734863,2013-07-08 00:00:00,2013-06-10 00:00:00,Escitalopram (lexapro) - LMR 3925
2800,2812.0,10631994753,114734863,2008-09-15 00:00:00,2008-09-15 00:00:00,Triamcinolone acetonide 0.1% (kenalog 0.1%) - LMR 1265
2801,2813.0,10559033020,114734863,2012-09-26 00:00:00,2013-09-21 00:00:00,Insulin 70/30 (human) - LMR 950
2802,2814.0,10244172254,114734863,2008-01-15 00:00:00,2008-01-18 00:00:00,Prinivil 5mg tablet
2803,2815.0,10626158382,114734863,2008-01-25 00:00:00,2008-01-27 04:06:48,Levofloxacin (levaquin) - LMR 2455
2804,2816.0,10567598315,114734863,2012-07-09 00:00:00,2012-10-29 00:00:00,Tylenol with codeine #3 -oncall
2805,2817.0,10546994070,114734863,2008-12-31 00:00:00,2008-12-31 00:00:00,Novofine disposable needles 30 gauge
2806,2818.0,10666598469,114734863,2011-07-26 00:00:00,2017-04-11 00:00:00,Albuterol Sulfate Hfa 90 mcg/Actuation Aerosol Inhaler
2807,2819.0,10626158382,114734863,2008-01-14 00:00:00,2008-01-27 04:06:48,Fluticasone propionate/salmeterol 250/50 (advair diskus 250/50)- lmr 3623
2808,2820.0,10193027599,114734863,2009-05-13 00:00:00,2009-08-10 00:00:00,Insulin 70/30 (human) - LMR 950
2809,2821.0,10626158382,114734863,2008-01-25 00:00:00,2008-01-27 04:06:48,Insulin 70/30 (human) - LMR 950
2810,2822.0,10626158382,114734863,2008-01-14 00:00:00,2013-03-07 00:59:35,Fexofenadine hcl (allegra) - LMR 2387
2811,2823.0,10244172254,114734863,2008-01-13 00:00:00,2008-01-19 00:00:00,Nitroglycerin inj 1 mg/ml
2812,2824.0,10638116298,114734863,2010-10-24 00:00:00,2010-10-29 00:00:00,Meclizine hcl (antivert) - LMR 450
2813,2825.0,10626158382,114734863,2008-01-14 00:00:00,2013-03-07 00:59:35,Furosemide (lasix) - LMR 323
2814,2826.0,10207443139,114734863,2014-08-25 00:00:00,2011-07-26 00:00:00,Albuterol inhaler hfa (albuterol hfa mdi) - LMR 3212
2815,2827.0,10503188363,114734863,2008-01-13 15:36:23,2008-01-13 15:36:23,Metoprolol succinate extended release (toprolxl) - LMR 964
2816,2828.0,10503188363,114734863,2008-01-13 15:36:23,2008-01-13 15:36:23,Loratadine (claritin) - LMR 1019
2817,2829.0,10194842497,114734863,2008-12-31 00:00:00,2008-12-31 00:00:00,Byetta (exenatide) - LMR 5176
2818,2830.0,10503188363,114734863,2008-01-13 15:36:22,2008-01-13 15:36:22,Irbesartan (avapro) - LMR 2934
2819,2831.0,10781901913,114734863,2016-02-02 00:00:00,2016-01-08 00:00:00,Theophylline (qd dosing) - LMR 733
2820,2832.0,10522003060,114734863,2013-09-30 00:00:00,2013-09-30 00:00:00,Acetylsalicylic acid (asa aspirin ecotrin) - LMR 15
2821,2833.0,10314538323,114734863,2015-07-29 00:00:00,2015-06-02 00:00:00,Isosorbide mononitrate sr (imdur) - LMR 1016
2822,2834.0,10774400159,114734863,2014-07-15 00:00:00,2015-07-10 00:00:00,Furosemide (lasix) - LMR 323
2823,2835.0,10373175890,114734863,2012-01-09 00:00:00,2012-01-09 00:00:00,Losartan (cozaar) - LMR 1971
2824,2836.0,10481564704,114734863,2007-07-29 00:00:00,2007-07-29 00:00:00,Tadalafil (cialis) - LMR 4317
2825,2837.0,10441300463,114734863,2006-10-17 00:00:00,2006-10-17 00:00:00,Citalopram (celexa) - LMR 3115
2826,2838.0,10602699444,114734863,2009-10-14 00:00:00,2016-11-09 00:00:00,Multivitamins-oncall
2827,2839.0,10503188363,114734863,2008-01-13 15:36:23,2008-01-13 15:36:23,Multivitamins (mvi centrum) - LMR 510
2828,2840.0,10784724880,114734863,2014-09-03 00:00:00,2013-09-24 00:00:00,Atorvastatin(- lmr 2027
2829,2841.0,10626158382,114734863,2008-01-14 00:00:00,2013-03-07 00:59:35,Fexofenadine hcl (allegra) - LMR 2387
2830,2842.0,10362696661,114734863,2013-09-30 00:00:00,2011-07-26 00:00:00,Albuterol inhaler hfa (albuterol hfa mdi) - LMR 3212
2831,2843.0,10626158382,114734863,2008-01-14 00:00:00,2008-01-27 04:06:48,Aspirin enteric coated (ecotrin) - LMR 59
2832,2844.0,10793545643,114734863,2011-09-10 00:00:00,2012-09-04 00:00:00,Insulin 70/30 (human) - LMR 950
2833,2845.0,10626158382,114734863,2008-01-14 00:00:00,2013-03-07 00:59:35,Rosuvastatin (crestor) - LMR 4372
2834,2846.0,10680243175,114734863,2014-09-22 00:00:00,2014-08-25 00:00:00,Venlafaxine extended release (effexor sr) - LMR 3285
2835,2847.0,10600962121,114734863,2014-08-25 00:00:00,2011-06-15 00:00:00,Aspirin enteric coated (ecotrin) - LMR 59
2836,2848.0,10244172254,114734863,2008-01-15 00:00:00,2008-01-25 00:00:00,Fenofexidine 60 mg
2837,2849.0,10242951143,114734863,2016-02-02 00:00:00,2011-07-26 00:00:00,Felodipine - LMR 1212
2838,2850.0,10666598469,114734863,2008-02-13 00:00:00,2017-06-24 00:00:00,Atenolol 50 mg Tablet
2839,2851.0,10666598469,114734863,2014-04-26 00:00:00,2016-12-05 00:00:00,Ezetimibe 10 mg Tablet
2840,2852.0,10503463540,114734863,2014-09-03 00:00:00,2011-07-26 00:00:00,Atenolol (tenormin) - LMR 61
2841,2853.0,10566063656,114734863,2016-02-02 00:00:00,2015-12-29 00:00:00,Cholecalciferol - LMR 3294
2842,2854.0,10626158382,114734863,2008-01-14 00:00:00,2013-03-07 00:59:35,Rosuvastatin (crestor) - LMR 4372
2843,2855.0,13594935397,114734863,2022-07-06 00:00:00,2022-07-14 00:00:00,TAMSULOSIN 0.4 MG CAPSULE
2844,2856.0,13590480422,114734863,2022-06-14 00:00:00,2022-06-25 00:00:00,CITALOPRAM 20 MG TABLET
2845,2857.0,13594935397,114734863,2022-07-05 00:00:00,2022-07-13 00:00:00,CETIRIZINE 10 MG TABLET
2846,2858.0,13543676751,114734863,2022-04-19 00:00:00,2022-05-10 00:00:00,ATENOLOL 25 MG TABLET
2847,2859.0,13539207159,114734863,2022-01-25 00:00:00,2022-06-25 00:00:00,INSULIN HUMAN U-100 NPH-REGULR 70-30 MIX 100 UNIT/ML SUBCUTANEOUS SUSP
2848,2860.0,13590480422,114734863,2022-06-16 00:00:00,2022-06-25 00:00:00,"HEPARIN (PORCINE) 5,000 UNIT/ML INJECTION SOLUTION"
2849,2861.0,13594935397,114734863,2022-07-10 00:00:00,2022-07-16 00:00:00,TORSEMIDE 20 MG TABLET
2850,2862.0,13594935397,114734863,2022-07-06 00:00:00,2022-07-16 00:00:00,ASPIRIN 81 MG CHEWABLE TABLET
2851,2863.0,13594935397,114734863,2022-07-05 00:00:00,2022-07-13 00:00:00,"HEPARIN (PORCINE) 5,000 UNIT/ML INJECTION SOLUTION"
2852,2864.0,13590480422,114734863,2022-06-14 00:00:00,2022-06-25 00:00:00,BUMETANIDE 1 MG TABLET
2853,2865.0,13594935397,114734863,2022-07-05 00:00:00,2022-07-10 00:00:00,"ISOSORBIDE MONONITRATE ER 30 MG TABLET,EXTENDED RELEASE 24 HR"
2854,2866.0,13590480422,114734863,2022-06-16 00:00:00,2022-06-25 00:00:00,"HEPARIN (PORCINE) 5,000 UNIT/ML INJECTION SOLUTION"
2855,2867.0,13594935397,114734863,2022-07-07 00:00:00,2022-07-14 00:00:00,VANCOMYCIN 125 MG CAPSULE
2856,2868.0,13590480422,114734863,2022-06-14 00:00:00,2022-06-25 00:00:00,ATENOLOL 25 MG TABLET
2857,2869.0,13590480422,114734863,2022-06-22 00:00:00,2022-06-24 00:00:00,METRONIDAZOLE 250 MG TABLET
2858,2870.0,13590480422,114734863,2022-06-18 00:00:00,2022-06-25 00:00:00,INSULIN LISPRO (U-100) 100 UNIT/ML SUBCUTANEOUS SOLUTION
2859,2871.0,13594935397,114734863,2022-07-05 00:00:00,2022-07-16 00:00:00,BRIMONIDINE 0.15 % EYE DROPS
2860,2872.0,13590480422,114734863,2022-06-15 00:00:00,2022-06-25 00:00:00,IPRATROPIUM 0.5 MG-ALBUTEROL 3 MG (2.5 MG BASE)/3 ML NEBULIZATION SOLN
2861,2873.0,13594935397,114734863,2022-09-10 00:00:00,2022-07-11 00:00:00,PREDNISONE 5 MG TABLET
2862,2874.0,13590480422,114734863,2022-06-15 00:00:00,2022-06-19 00:00:00,CEFEPIME IVPB 1 G (50 ML) MBP
2863,2875.0,13590480422,114734863,2022-06-14 00:00:00,2022-06-25 00:00:00,ASPIRIN 81 MG CHEWABLE TABLET
2864,2876.0,13594935397,114734863,2022-07-13 00:00:00,2022-07-16 00:00:00,"NYSTATIN 100,000 UNIT/GRAM TOPICAL POWDER"
2865,2877.0,10244172254,114734863,2008-01-13 00:00:00,2008-01-19 00:00:00,Metoprololxr 25 mg
2866,2878.0,10189526540,114734863,2014-12-14 00:00:00,2015-07-12 00:00:00,Theophylline (qd dosing) - LMR 733
2867,2879.0,10470813716,114734863,2014-06-23 00:00:00,2014-07-03 00:00:00,Azithromycin (azithromax zithromax z-pack) - LMR 909
2868,2880.0,10626158382,114734863,2008-01-14 00:00:00,2008-01-27 04:06:48,Rosuvastatin (crestor) - LMR 4372
2869,2881.0,10376383209,114734863,2015-07-29 00:00:00,2015-07-29 00:00:00,Atorvastatin(- lmr 2027
2870,2882.0,10726621620,114734863,2014-04-07 00:00:00,2011-07-26 00:00:00,Hydrochlorothiazide (hctz) - LMR 353
2871,2883.0,10244172254,114734863,2008-01-19 00:00:00,2008-01-21 00:00:00,Percocet-5/325 325mg-5mg tablet
2872,2884.0,10708305742,114734863,2014-09-03 00:00:00,2014-06-24 00:00:00,Fluticasone propionate/salmeterol 250/50 (advair diskus 250/50)- lmr 3623
2873,2885.0,10503188363,114734863,2008-01-13 15:36:23,2008-01-13 15:36:23,Metformin extended release (glucophagexr) - LMR 3502
2874,2886.0,10503188363,114734863,2008-01-13 15:36:22,2008-01-13 15:36:22,Ramipril (altace) - LMR 970
2875,2887.0,10503188363,114734863,2008-01-13 15:36:23,2008-01-13 15:36:23,Insulin 70/30 (human) - LMR 950
2876,2888.0,10478468368,114734863,2013-06-10 00:00:00,2011-06-15 00:00:00,Aspirin enteric coated (ecotrin) - LMR 59
2877,2889.0,10558300715,114734863,2014-09-03 00:00:00,2013-09-30 00:00:00,Loratadine (claritin) - LMR 1019
2878,2890.0,10239781374,114734863,2015-07-29 00:00:00,2015-07-29 00:00:00,Metformin (glucophage) - LMR 1084
2879,2891.0,10503188363,114734863,2008-01-13 15:36:22,2008-01-13 15:36:22,Irbesartan (avapro) - LMR 2934
